 time            v(src)          v(A)            v(ZN)           v(load)         psupply        
 0.00000000e+00  0.00000000e+00  1.81137274e-05  1.09997009e+00  1.09997009e+00  6.70833422e-08 
 2.00000000e-15  0.00000000e+00  1.81137274e-05  1.09997009e+00  1.09997009e+00  6.70833354e-08 
 4.00000000e-15  0.00000000e+00  1.81137274e-05  1.09997009e+00  1.09997009e+00  6.70833345e-08 
 8.00000000e-15  0.00000000e+00  1.81137274e-05  1.09997009e+00  1.09997009e+00  6.70833343e-08 
 1.60000000e-14  0.00000000e+00  1.81137273e-05  1.09997009e+00  1.09997009e+00  6.70833350e-08 
 3.20000000e-14  0.00000000e+00  1.81137273e-05  1.09997009e+00  1.09997009e+00  6.70833347e-08 
 6.40000000e-14  0.00000000e+00  1.81137273e-05  1.09997009e+00  1.09997009e+00  6.70833350e-08 
 1.28000000e-13  0.00000000e+00  1.81137273e-05  1.09997009e+00  1.09997009e+00  6.70833350e-08 
 2.56000000e-13  0.00000000e+00  1.81137272e-05  1.09997009e+00  1.09997009e+00  6.70833357e-08 
 4.56000000e-13  0.00000000e+00  1.81137271e-05  1.09997009e+00  1.09997009e+00  6.70833359e-08 
 6.56000000e-13  0.00000000e+00  1.81137270e-05  1.09997009e+00  1.09997009e+00  6.70833363e-08 
 8.56000000e-13  0.00000000e+00  1.81137270e-05  1.09997009e+00  1.09997009e+00  6.70833365e-08 
 1.05600000e-12  0.00000000e+00  1.81137270e-05  1.09997009e+00  1.09997009e+00  6.70833368e-08 
 1.25600000e-12  0.00000000e+00  1.81137270e-05  1.09997009e+00  1.09997009e+00  6.70833367e-08 
 1.45600000e-12  0.00000000e+00  1.81137270e-05  1.09997009e+00  1.09997009e+00  6.70833371e-08 
 1.65600000e-12  0.00000000e+00  1.81137270e-05  1.09997009e+00  1.09997009e+00  6.70833370e-08 
 1.85600000e-12  0.00000000e+00  1.81137270e-05  1.09997009e+00  1.09997009e+00  6.70833373e-08 
 2.05600000e-12  0.00000000e+00  1.81137270e-05  1.09997009e+00  1.09997009e+00  6.70833373e-08 
 2.25600000e-12  0.00000000e+00  1.81137270e-05  1.09997009e+00  1.09997009e+00  6.70833374e-08 
 2.45600000e-12  0.00000000e+00  1.81137270e-05  1.09997009e+00  1.09997009e+00  6.70833375e-08 
 2.65600000e-12  0.00000000e+00  1.81137270e-05  1.09997009e+00  1.09997009e+00  6.70833376e-08 
 2.85600000e-12  0.00000000e+00  1.81137270e-05  1.09997009e+00  1.09997009e+00  6.70833374e-08 
 3.05600000e-12  0.00000000e+00  1.81137270e-05  1.09997009e+00  1.09997009e+00  6.70833377e-08 
 3.25600000e-12  0.00000000e+00  1.81137270e-05  1.09997009e+00  1.09997009e+00  6.70833375e-08 
 3.45600000e-12  0.00000000e+00  1.81137270e-05  1.09997009e+00  1.09997009e+00  6.70833377e-08 
 3.65600000e-12  0.00000000e+00  1.81137270e-05  1.09997009e+00  1.09997009e+00  6.70833377e-08 
 3.85600000e-12  0.00000000e+00  1.81137270e-05  1.09997009e+00  1.09997009e+00  6.70833378e-08 
 4.05600000e-12  0.00000000e+00  1.81137270e-05  1.09997009e+00  1.09997009e+00  6.70833378e-08 
 4.25600000e-12  0.00000000e+00  1.81137270e-05  1.09997009e+00  1.09997009e+00  6.70833379e-08 
 4.45600000e-12  0.00000000e+00  1.81137270e-05  1.09997009e+00  1.09997009e+00  6.70833379e-08 
 4.65600000e-12  0.00000000e+00  1.81137270e-05  1.09997009e+00  1.09997009e+00  6.70833382e-08 
 4.85600000e-12  0.00000000e+00  1.81137270e-05  1.09997009e+00  1.09997009e+00  6.70833381e-08 
 5.05600000e-12  0.00000000e+00  1.81137270e-05  1.09997009e+00  1.09997009e+00  6.70833382e-08 
 5.25600000e-12  0.00000000e+00  1.81137270e-05  1.09997009e+00  1.09997009e+00  6.70833381e-08 
 5.45600000e-12  0.00000000e+00  1.81137270e-05  1.09997009e+00  1.09997009e+00  6.70833383e-08 
 5.65600000e-12  0.00000000e+00  1.81137270e-05  1.09997009e+00  1.09997009e+00  6.70833381e-08 
 5.85600000e-12  0.00000000e+00  1.81137270e-05  1.09997009e+00  1.09997009e+00  6.70833383e-08 
 6.05600000e-12  0.00000000e+00  1.81137270e-05  1.09997009e+00  1.09997009e+00  6.70833382e-08 
 6.25600000e-12  0.00000000e+00  1.81137270e-05  1.09997009e+00  1.09997009e+00  6.70833385e-08 
 6.45600000e-12  0.00000000e+00  1.81137270e-05  1.09997009e+00  1.09997009e+00  6.70833384e-08 
 6.65600000e-12  0.00000000e+00  1.81137270e-05  1.09997009e+00  1.09997009e+00  6.70833386e-08 
 6.85600000e-12  0.00000000e+00  1.81137270e-05  1.09997009e+00  1.09997009e+00  6.70833384e-08 
 7.05600000e-12  0.00000000e+00  1.81137270e-05  1.09997009e+00  1.09997009e+00  6.70833386e-08 
 7.25600000e-12  0.00000000e+00  1.81137270e-05  1.09997009e+00  1.09997009e+00  6.70833385e-08 
 7.45600000e-12  0.00000000e+00  1.81137270e-05  1.09997009e+00  1.09997009e+00  6.70833387e-08 
 7.65600000e-12  0.00000000e+00  1.81137270e-05  1.09997009e+00  1.09997009e+00  6.70833387e-08 
 7.85600000e-12  0.00000000e+00  1.81137270e-05  1.09997009e+00  1.09997009e+00  6.70833388e-08 
 8.05600000e-12  0.00000000e+00  1.81137270e-05  1.09997009e+00  1.09997009e+00  6.70833388e-08 
 8.25600000e-12  0.00000000e+00  1.81137271e-05  1.09997009e+00  1.09997009e+00  6.70833389e-08 
 8.45600000e-12  0.00000000e+00  1.81137271e-05  1.09997009e+00  1.09997009e+00  6.70833389e-08 
 8.65600000e-12  0.00000000e+00  1.81137271e-05  1.09997009e+00  1.09997009e+00  6.70833390e-08 
 8.85600000e-12  0.00000000e+00  1.81137271e-05  1.09997009e+00  1.09997009e+00  6.70833390e-08 
 9.05600000e-12  0.00000000e+00  1.81137271e-05  1.09997009e+00  1.09997009e+00  6.70833391e-08 
 9.25600000e-12  0.00000000e+00  1.81137271e-05  1.09997009e+00  1.09997009e+00  6.70833390e-08 
 9.45600000e-12  0.00000000e+00  1.81137271e-05  1.09997009e+00  1.09997009e+00  6.70833392e-08 
 9.65600000e-12  0.00000000e+00  1.81137271e-05  1.09997009e+00  1.09997009e+00  6.70833391e-08 
 9.85600000e-12  0.00000000e+00  1.81137271e-05  1.09997009e+00  1.09997009e+00  6.70833392e-08 
 1.00560000e-11  0.00000000e+00  1.81137271e-05  1.09997009e+00  1.09997009e+00  6.70833391e-08 
 1.02560000e-11  0.00000000e+00  1.81137271e-05  1.09997009e+00  1.09997009e+00  6.70833394e-08 
 1.04560000e-11  0.00000000e+00  1.81137271e-05  1.09997009e+00  1.09997009e+00  6.70833394e-08 
 1.06560000e-11  0.00000000e+00  1.81137271e-05  1.09997009e+00  1.09997009e+00  6.70833395e-08 
 1.08560000e-11  0.00000000e+00  1.81137271e-05  1.09997009e+00  1.09997009e+00  6.70833393e-08 
 1.10560000e-11  0.00000000e+00  1.81137271e-05  1.09997009e+00  1.09997009e+00  6.70833395e-08 
 1.12560000e-11  0.00000000e+00  1.81137271e-05  1.09997009e+00  1.09997009e+00  6.70833393e-08 
 1.14560000e-11  0.00000000e+00  1.81137271e-05  1.09997009e+00  1.09997009e+00  6.70833396e-08 
 1.16560000e-11  0.00000000e+00  1.81137271e-05  1.09997009e+00  1.09997009e+00  6.70833394e-08 
 1.18560000e-11  0.00000000e+00  1.81137271e-05  1.09997009e+00  1.09997009e+00  6.70833396e-08 
 1.20560000e-11  0.00000000e+00  1.81137271e-05  1.09997009e+00  1.09997009e+00  6.70833395e-08 
 1.22560000e-11  0.00000000e+00  1.81137271e-05  1.09997009e+00  1.09997009e+00  6.70833397e-08 
 1.24560000e-11  0.00000000e+00  1.81137271e-05  1.09997009e+00  1.09997009e+00  6.70833396e-08 
 1.26560000e-11  0.00000000e+00  1.81137271e-05  1.09997009e+00  1.09997009e+00  6.70833397e-08 
 1.28560000e-11  0.00000000e+00  1.81137271e-05  1.09997009e+00  1.09997009e+00  6.70833397e-08 
 1.30560000e-11  0.00000000e+00  1.81137271e-05  1.09997009e+00  1.09997009e+00  6.70833398e-08 
 1.32560000e-11  0.00000000e+00  1.81137271e-05  1.09997009e+00  1.09997009e+00  6.70833397e-08 
 1.34560000e-11  0.00000000e+00  1.81137271e-05  1.09997009e+00  1.09997009e+00  6.70833399e-08 
 1.36560000e-11  0.00000000e+00  1.81137271e-05  1.09997009e+00  1.09997009e+00  6.70833398e-08 
 1.38560000e-11  0.00000000e+00  1.81137271e-05  1.09997009e+00  1.09997009e+00  6.70833400e-08 
 1.40560000e-11  0.00000000e+00  1.81137271e-05  1.09997009e+00  1.09997009e+00  6.70833397e-08 
 1.42560000e-11  0.00000000e+00  1.81137271e-05  1.09997009e+00  1.09997009e+00  6.70833399e-08 
 1.44560000e-11  0.00000000e+00  1.81137271e-05  1.09997009e+00  1.09997009e+00  6.70833400e-08 
 1.46560000e-11  0.00000000e+00  1.81137271e-05  1.09997009e+00  1.09997009e+00  6.70833401e-08 
 1.48560000e-11  0.00000000e+00  1.81137271e-05  1.09997009e+00  1.09997009e+00  6.70833400e-08 
 1.50560000e-11  0.00000000e+00  1.81137271e-05  1.09997009e+00  1.09997009e+00  6.70833400e-08 
 1.52560000e-11  0.00000000e+00  1.81137271e-05  1.09997009e+00  1.09997009e+00  6.70833400e-08 
 1.54560000e-11  0.00000000e+00  1.81137271e-05  1.09997009e+00  1.09997009e+00  6.70833401e-08 
 1.56560000e-11  0.00000000e+00  1.81137271e-05  1.09997009e+00  1.09997009e+00  6.70833401e-08 
 1.58560000e-11  0.00000000e+00  1.81137271e-05  1.09997009e+00  1.09997009e+00  6.70833402e-08 
 1.60560000e-11  0.00000000e+00  1.81137271e-05  1.09997009e+00  1.09997009e+00  6.70833400e-08 
 1.62560000e-11  0.00000000e+00  1.81137272e-05  1.09997009e+00  1.09997009e+00  6.70833402e-08 
 1.64560000e-11  0.00000000e+00  1.81137272e-05  1.09997009e+00  1.09997009e+00  6.70833402e-08 
 1.66560000e-11  0.00000000e+00  1.81137272e-05  1.09997009e+00  1.09997009e+00  6.70833403e-08 
 1.68560000e-11  0.00000000e+00  1.81137272e-05  1.09997009e+00  1.09997009e+00  6.70833404e-08 
 1.70560000e-11  0.00000000e+00  1.81137272e-05  1.09997009e+00  1.09997009e+00  6.70833404e-08 
 1.72560000e-11  0.00000000e+00  1.81137272e-05  1.09997009e+00  1.09997009e+00  6.70833404e-08 
 1.74560000e-11  0.00000000e+00  1.81137272e-05  1.09997009e+00  1.09997009e+00  6.70833405e-08 
 1.76560000e-11  0.00000000e+00  1.81137272e-05  1.09997009e+00  1.09997009e+00  6.70833403e-08 
 1.78560000e-11  0.00000000e+00  1.81137272e-05  1.09997009e+00  1.09997009e+00  6.70833403e-08 
 1.80560000e-11  0.00000000e+00  1.81137272e-05  1.09997009e+00  1.09997009e+00  6.70833403e-08 
 1.82560000e-11  0.00000000e+00  1.81137272e-05  1.09997009e+00  1.09997009e+00  6.70833404e-08 
 1.84560000e-11  0.00000000e+00  1.81137272e-05  1.09997009e+00  1.09997009e+00  6.70833404e-08 
 1.86560000e-11  0.00000000e+00  1.81137272e-05  1.09997009e+00  1.09997009e+00  6.70833404e-08 
 1.88560000e-11  0.00000000e+00  1.81137272e-05  1.09997009e+00  1.09997009e+00  6.70833406e-08 
 1.90560000e-11  0.00000000e+00  1.81137272e-05  1.09997009e+00  1.09997009e+00  6.70833404e-08 
 1.92560000e-11  0.00000000e+00  1.81137272e-05  1.09997009e+00  1.09997009e+00  6.70833406e-08 
 1.94560000e-11  0.00000000e+00  1.81137272e-05  1.09997009e+00  1.09997009e+00  6.70833405e-08 
 1.96560000e-11  0.00000000e+00  1.81137272e-05  1.09997009e+00  1.09997009e+00  6.70833406e-08 
 1.98560000e-11  0.00000000e+00  1.81137272e-05  1.09997009e+00  1.09997009e+00  6.70833406e-08 
 2.00560000e-11  0.00000000e+00  1.81137272e-05  1.09997009e+00  1.09997009e+00  6.70833406e-08 
 2.02560000e-11  0.00000000e+00  1.81137272e-05  1.09997009e+00  1.09997009e+00  6.70833407e-08 
 2.04560000e-11  0.00000000e+00  1.81137272e-05  1.09997009e+00  1.09997009e+00  6.70833408e-08 
 2.06560000e-11  0.00000000e+00  1.81137272e-05  1.09997009e+00  1.09997009e+00  6.70833405e-08 
 2.08560000e-11  0.00000000e+00  1.81137272e-05  1.09997009e+00  1.09997009e+00  6.70833408e-08 
 2.10560000e-11  0.00000000e+00  1.81137272e-05  1.09997009e+00  1.09997009e+00  6.70833407e-08 
 2.12560000e-11  0.00000000e+00  1.81137272e-05  1.09997009e+00  1.09997009e+00  6.70833408e-08 
 2.14560000e-11  0.00000000e+00  1.81137272e-05  1.09997009e+00  1.09997009e+00  6.70833409e-08 
 2.16560000e-11  0.00000000e+00  1.81137272e-05  1.09997009e+00  1.09997009e+00  6.70833407e-08 
 2.18560000e-11  0.00000000e+00  1.81137272e-05  1.09997009e+00  1.09997009e+00  6.70833409e-08 
 2.20560000e-11  0.00000000e+00  1.81137272e-05  1.09997009e+00  1.09997009e+00  6.70833407e-08 
 2.22560000e-11  0.00000000e+00  1.81137272e-05  1.09997009e+00  1.09997009e+00  6.70833409e-08 
 2.24560000e-11  0.00000000e+00  1.81137272e-05  1.09997009e+00  1.09997009e+00  6.70833406e-08 
 2.26560000e-11  0.00000000e+00  1.81137272e-05  1.09997009e+00  1.09997009e+00  6.70833409e-08 
 2.28560000e-11  0.00000000e+00  1.81137272e-05  1.09997009e+00  1.09997009e+00  6.70833408e-08 
 2.30560000e-11  0.00000000e+00  1.81137272e-05  1.09997009e+00  1.09997009e+00  6.70833410e-08 
 2.32560000e-11  0.00000000e+00  1.81137272e-05  1.09997009e+00  1.09997009e+00  6.70833409e-08 
 2.34560000e-11  0.00000000e+00  1.81137272e-05  1.09997009e+00  1.09997009e+00  6.70833410e-08 
 2.36560000e-11  0.00000000e+00  1.81137272e-05  1.09997009e+00  1.09997009e+00  6.70833410e-08 
 2.38560000e-11  0.00000000e+00  1.81137272e-05  1.09997009e+00  1.09997009e+00  6.70833410e-08 
 2.40560000e-11  0.00000000e+00  1.81137272e-05  1.09997009e+00  1.09997009e+00  6.70833410e-08 
 2.42560000e-11  0.00000000e+00  1.81137272e-05  1.09997009e+00  1.09997009e+00  6.70833411e-08 
 2.44560000e-11  0.00000000e+00  1.81137272e-05  1.09997009e+00  1.09997009e+00  6.70833410e-08 
 2.46560000e-11  0.00000000e+00  1.81137272e-05  1.09997009e+00  1.09997009e+00  6.70833411e-08 
 2.48560000e-11  0.00000000e+00  1.81137272e-05  1.09997009e+00  1.09997009e+00  6.70833411e-08 
 2.50560000e-11  0.00000000e+00  1.81137272e-05  1.09997009e+00  1.09997009e+00  6.70833412e-08 
 2.52560000e-11  0.00000000e+00  1.81137272e-05  1.09997009e+00  1.09997009e+00  6.70833410e-08 
 2.54560000e-11  0.00000000e+00  1.81137272e-05  1.09997009e+00  1.09997009e+00  6.70833411e-08 
 2.56560000e-11  0.00000000e+00  1.81137272e-05  1.09997009e+00  1.09997009e+00  6.70833411e-08 
 2.58560000e-11  0.00000000e+00  1.81137272e-05  1.09997009e+00  1.09997009e+00  6.70833411e-08 
 2.60560000e-11  0.00000000e+00  1.81137272e-05  1.09997009e+00  1.09997009e+00  6.70833411e-08 
 2.62560000e-11  0.00000000e+00  1.81137272e-05  1.09997009e+00  1.09997009e+00  6.70833411e-08 
 2.64560000e-11  0.00000000e+00  1.81137272e-05  1.09997009e+00  1.09997009e+00  6.70833411e-08 
 2.66560000e-11  0.00000000e+00  1.81137272e-05  1.09997009e+00  1.09997009e+00  6.70833411e-08 
 2.68560000e-11  0.00000000e+00  1.81137272e-05  1.09997009e+00  1.09997009e+00  6.70833412e-08 
 2.70560000e-11  0.00000000e+00  1.81137272e-05  1.09997009e+00  1.09997009e+00  6.70833412e-08 
 2.72560000e-11  0.00000000e+00  1.81137272e-05  1.09997009e+00  1.09997009e+00  6.70833411e-08 
 2.74560000e-11  0.00000000e+00  1.81137272e-05  1.09997009e+00  1.09997009e+00  6.70833413e-08 
 2.76560000e-11  0.00000000e+00  1.81137272e-05  1.09997009e+00  1.09997009e+00  6.70833412e-08 
 2.78560000e-11  0.00000000e+00  1.81137272e-05  1.09997009e+00  1.09997009e+00  6.70833412e-08 
 2.80560000e-11  0.00000000e+00  1.81137272e-05  1.09997009e+00  1.09997009e+00  6.70833412e-08 
 2.82560000e-11  0.00000000e+00  1.81137272e-05  1.09997009e+00  1.09997009e+00  6.70833412e-08 
 2.84560000e-11  0.00000000e+00  1.81137272e-05  1.09997009e+00  1.09997009e+00  6.70833413e-08 
 2.86560000e-11  0.00000000e+00  1.81137273e-05  1.09997009e+00  1.09997009e+00  6.70833413e-08 
 2.88560000e-11  0.00000000e+00  1.81137273e-05  1.09997009e+00  1.09997009e+00  6.70833414e-08 
 2.90560000e-11  0.00000000e+00  1.81137273e-05  1.09997009e+00  1.09997009e+00  6.70833412e-08 
 2.92560000e-11  0.00000000e+00  1.81137273e-05  1.09997009e+00  1.09997009e+00  6.70833413e-08 
 2.94560000e-11  0.00000000e+00  1.81137273e-05  1.09997009e+00  1.09997009e+00  6.70833414e-08 
 2.96560000e-11  0.00000000e+00  1.81137273e-05  1.09997009e+00  1.09997009e+00  6.70833412e-08 
 2.98560000e-11  0.00000000e+00  1.81137273e-05  1.09997009e+00  1.09997009e+00  6.70833413e-08 
 3.00560000e-11  0.00000000e+00  1.81137273e-05  1.09997009e+00  1.09997009e+00  6.70833412e-08 
 3.02560000e-11  0.00000000e+00  1.81137273e-05  1.09997009e+00  1.09997009e+00  6.70833413e-08 
 3.04560000e-11  0.00000000e+00  1.81137273e-05  1.09997009e+00  1.09997009e+00  6.70833413e-08 
 3.06560000e-11  0.00000000e+00  1.81137273e-05  1.09997009e+00  1.09997009e+00  6.70833414e-08 
 3.08560000e-11  0.00000000e+00  1.81137273e-05  1.09997009e+00  1.09997009e+00  6.70833413e-08 
 3.10560000e-11  0.00000000e+00  1.81137273e-05  1.09997009e+00  1.09997009e+00  6.70833415e-08 
 3.12560000e-11  0.00000000e+00  1.81137273e-05  1.09997009e+00  1.09997009e+00  6.70833415e-08 
 3.14560000e-11  0.00000000e+00  1.81137273e-05  1.09997009e+00  1.09997009e+00  6.70833415e-08 
 3.16560000e-11  0.00000000e+00  1.81137273e-05  1.09997009e+00  1.09997009e+00  6.70833414e-08 
 3.18560000e-11  0.00000000e+00  1.81137273e-05  1.09997009e+00  1.09997009e+00  6.70833414e-08 
 3.20560000e-11  0.00000000e+00  1.81137273e-05  1.09997009e+00  1.09997009e+00  6.70833415e-08 
 3.22560000e-11  0.00000000e+00  1.81137273e-05  1.09997009e+00  1.09997009e+00  6.70833413e-08 
 3.24560000e-11  0.00000000e+00  1.81137273e-05  1.09997009e+00  1.09997009e+00  6.70833415e-08 
 3.26560000e-11  0.00000000e+00  1.81137273e-05  1.09997009e+00  1.09997009e+00  6.70833415e-08 
 3.28560000e-11  0.00000000e+00  1.81137273e-05  1.09997009e+00  1.09997009e+00  6.70833416e-08 
 3.30560000e-11  0.00000000e+00  1.81137273e-05  1.09997009e+00  1.09997009e+00  6.70833416e-08 
 3.32560000e-11  0.00000000e+00  1.81137273e-05  1.09997009e+00  1.09997009e+00  6.70833415e-08 
 3.34560000e-11  0.00000000e+00  1.81137273e-05  1.09997009e+00  1.09997009e+00  6.70833415e-08 
 3.36560000e-11  0.00000000e+00  1.81137273e-05  1.09997009e+00  1.09997009e+00  6.70833416e-08 
 3.38560000e-11  0.00000000e+00  1.81137273e-05  1.09997009e+00  1.09997009e+00  6.70833416e-08 
 3.40560000e-11  0.00000000e+00  1.81137273e-05  1.09997009e+00  1.09997009e+00  6.70833415e-08 
 3.42560000e-11  0.00000000e+00  1.81137273e-05  1.09997009e+00  1.09997009e+00  6.70833415e-08 
 3.44560000e-11  0.00000000e+00  1.81137273e-05  1.09997009e+00  1.09997009e+00  6.70833416e-08 
 3.46560000e-11  0.00000000e+00  1.81137273e-05  1.09997009e+00  1.09997009e+00  6.70833416e-08 
 3.48560000e-11  0.00000000e+00  1.81137273e-05  1.09997009e+00  1.09997009e+00  6.70833417e-08 
 3.50560000e-11  0.00000000e+00  1.81137273e-05  1.09997009e+00  1.09997009e+00  6.70833417e-08 
 3.52560000e-11  0.00000000e+00  1.81137273e-05  1.09997009e+00  1.09997009e+00  6.70833416e-08 
 3.54560000e-11  0.00000000e+00  1.81137273e-05  1.09997009e+00  1.09997009e+00  6.70833417e-08 
 3.56560000e-11  0.00000000e+00  1.81137273e-05  1.09997009e+00  1.09997009e+00  6.70833416e-08 
 3.58560000e-11  0.00000000e+00  1.81137273e-05  1.09997009e+00  1.09997009e+00  6.70833417e-08 
 3.60560000e-11  0.00000000e+00  1.81137273e-05  1.09997009e+00  1.09997009e+00  6.70833416e-08 
 3.62560000e-11  0.00000000e+00  1.81137273e-05  1.09997009e+00  1.09997009e+00  6.70833417e-08 
 3.64560000e-11  0.00000000e+00  1.81137273e-05  1.09997009e+00  1.09997009e+00  6.70833416e-08 
 3.66560000e-11  0.00000000e+00  1.81137273e-05  1.09997009e+00  1.09997009e+00  6.70833417e-08 
 3.68560000e-11  0.00000000e+00  1.81137273e-05  1.09997009e+00  1.09997009e+00  6.70833415e-08 
 3.70560000e-11  0.00000000e+00  1.81137273e-05  1.09997009e+00  1.09997009e+00  6.70833417e-08 
 3.72560000e-11  0.00000000e+00  1.81137273e-05  1.09997009e+00  1.09997009e+00  6.70833415e-08 
 3.74560000e-11  0.00000000e+00  1.81137273e-05  1.09997009e+00  1.09997009e+00  6.70833417e-08 
 3.76560000e-11  0.00000000e+00  1.81137273e-05  1.09997009e+00  1.09997009e+00  6.70833416e-08 
 3.78560000e-11  0.00000000e+00  1.81137273e-05  1.09997009e+00  1.09997009e+00  6.70833417e-08 
 3.80560000e-11  0.00000000e+00  1.81137273e-05  1.09997009e+00  1.09997009e+00  6.70833417e-08 
 3.82560000e-11  0.00000000e+00  1.81137273e-05  1.09997009e+00  1.09997009e+00  6.70833416e-08 
 3.84560000e-11  0.00000000e+00  1.81137273e-05  1.09997009e+00  1.09997009e+00  6.70833417e-08 
 3.86560000e-11  0.00000000e+00  1.81137273e-05  1.09997009e+00  1.09997009e+00  6.70833418e-08 
 3.88560000e-11  0.00000000e+00  1.81137273e-05  1.09997009e+00  1.09997009e+00  6.70833417e-08 
 3.90560000e-11  0.00000000e+00  1.81137273e-05  1.09997009e+00  1.09997009e+00  6.70833417e-08 
 3.92560000e-11  0.00000000e+00  1.81137273e-05  1.09997009e+00  1.09997009e+00  6.70833417e-08 
 3.94560000e-11  0.00000000e+00  1.81137273e-05  1.09997009e+00  1.09997009e+00  6.70833417e-08 
 3.96560000e-11  0.00000000e+00  1.81137273e-05  1.09997009e+00  1.09997009e+00  6.70833418e-08 
 3.98560000e-11  0.00000000e+00  1.81137273e-05  1.09997009e+00  1.09997009e+00  6.70833417e-08 
 4.00560000e-11  0.00000000e+00  1.81137273e-05  1.09997009e+00  1.09997009e+00  6.70833418e-08 
 4.02560000e-11  0.00000000e+00  1.81137273e-05  1.09997009e+00  1.09997009e+00  6.70833418e-08 
 4.04560000e-11  0.00000000e+00  1.81137273e-05  1.09997009e+00  1.09997009e+00  6.70833416e-08 
 4.06560000e-11  0.00000000e+00  1.81137273e-05  1.09997009e+00  1.09997009e+00  6.70833417e-08 
 4.08560000e-11  0.00000000e+00  1.81137273e-05  1.09997009e+00  1.09997009e+00  6.70833417e-08 
 4.10560000e-11  0.00000000e+00  1.81137273e-05  1.09997009e+00  1.09997009e+00  6.70833418e-08 
 4.12560000e-11  0.00000000e+00  1.81137273e-05  1.09997009e+00  1.09997009e+00  6.70833418e-08 
 4.14560000e-11  0.00000000e+00  1.81137273e-05  1.09997009e+00  1.09997009e+00  6.70833418e-08 
 4.16560000e-11  0.00000000e+00  1.81137273e-05  1.09997009e+00  1.09997009e+00  6.70833418e-08 
 4.18560000e-11  0.00000000e+00  1.81137273e-05  1.09997009e+00  1.09997009e+00  6.70833418e-08 
 4.20560000e-11  0.00000000e+00  1.81137273e-05  1.09997009e+00  1.09997009e+00  6.70833418e-08 
 4.22560000e-11  0.00000000e+00  1.81137273e-05  1.09997009e+00  1.09997009e+00  6.70833419e-08 
 4.24560000e-11  0.00000000e+00  1.81137273e-05  1.09997009e+00  1.09997009e+00  6.70833418e-08 
 4.26560000e-11  0.00000000e+00  1.81137273e-05  1.09997009e+00  1.09997009e+00  6.70833418e-08 
 4.28560000e-11  0.00000000e+00  1.81137273e-05  1.09997009e+00  1.09997009e+00  6.70833418e-08 
 4.30560000e-11  0.00000000e+00  1.81137273e-05  1.09997009e+00  1.09997009e+00  6.70833419e-08 
 4.32560000e-11  0.00000000e+00  1.81137273e-05  1.09997009e+00  1.09997009e+00  6.70833418e-08 
 4.34560000e-11  0.00000000e+00  1.81137273e-05  1.09997009e+00  1.09997009e+00  6.70833418e-08 
 4.36560000e-11  0.00000000e+00  1.81137273e-05  1.09997009e+00  1.09997009e+00  6.70833418e-08 
 4.38560000e-11  0.00000000e+00  1.81137273e-05  1.09997009e+00  1.09997009e+00  6.70833419e-08 
 4.40560000e-11  0.00000000e+00  1.81137273e-05  1.09997009e+00  1.09997009e+00  6.70833418e-08 
 4.42560000e-11  0.00000000e+00  1.81137273e-05  1.09997009e+00  1.09997009e+00  6.70833419e-08 
 4.44560000e-11  0.00000000e+00  1.81137273e-05  1.09997009e+00  1.09997009e+00  6.70833419e-08 
 4.46560000e-11  0.00000000e+00  1.81137273e-05  1.09997009e+00  1.09997009e+00  6.70833418e-08 
 4.48560000e-11  0.00000000e+00  1.81137273e-05  1.09997009e+00  1.09997009e+00  6.70833420e-08 
 4.50560000e-11  0.00000000e+00  1.81137273e-05  1.09997009e+00  1.09997009e+00  6.70833418e-08 
 4.52560000e-11  0.00000000e+00  1.81137273e-05  1.09997009e+00  1.09997009e+00  6.70833418e-08 
 4.54560000e-11  0.00000000e+00  1.81137273e-05  1.09997009e+00  1.09997009e+00  6.70833418e-08 
 4.56560000e-11  0.00000000e+00  1.81137273e-05  1.09997009e+00  1.09997009e+00  6.70833418e-08 
 4.58560000e-11  0.00000000e+00  1.81137273e-05  1.09997009e+00  1.09997009e+00  6.70833418e-08 
 4.60560000e-11  0.00000000e+00  1.81137273e-05  1.09997009e+00  1.09997009e+00  6.70833418e-08 
 4.62560000e-11  0.00000000e+00  1.81137273e-05  1.09997009e+00  1.09997009e+00  6.70833419e-08 
 4.64560000e-11  0.00000000e+00  1.81137273e-05  1.09997009e+00  1.09997009e+00  6.70833420e-08 
 4.66560000e-11  0.00000000e+00  1.81137273e-05  1.09997009e+00  1.09997009e+00  6.70833419e-08 
 4.68560000e-11  0.00000000e+00  1.81137273e-05  1.09997009e+00  1.09997009e+00  6.70833420e-08 
 4.70560000e-11  0.00000000e+00  1.81137273e-05  1.09997009e+00  1.09997009e+00  6.70833420e-08 
 4.72560000e-11  0.00000000e+00  1.81137273e-05  1.09997009e+00  1.09997009e+00  6.70833420e-08 
 4.74560000e-11  0.00000000e+00  1.81137273e-05  1.09997009e+00  1.09997009e+00  6.70833420e-08 
 4.76560000e-11  0.00000000e+00  1.81137273e-05  1.09997009e+00  1.09997009e+00  6.70833419e-08 
 4.78560000e-11  0.00000000e+00  1.81137273e-05  1.09997009e+00  1.09997009e+00  6.70833420e-08 
 4.80560000e-11  0.00000000e+00  1.81137273e-05  1.09997009e+00  1.09997009e+00  6.70833420e-08 
 4.82560000e-11  0.00000000e+00  1.81137273e-05  1.09997009e+00  1.09997009e+00  6.70833419e-08 
 4.84560000e-11  0.00000000e+00  1.81137273e-05  1.09997009e+00  1.09997009e+00  6.70833420e-08 
 4.86560000e-11  0.00000000e+00  1.81137273e-05  1.09997009e+00  1.09997009e+00  6.70833418e-08 
 4.88560000e-11  0.00000000e+00  1.81137273e-05  1.09997009e+00  1.09997009e+00  6.70833420e-08 
 4.90560000e-11  0.00000000e+00  1.81137273e-05  1.09997009e+00  1.09997009e+00  6.70833420e-08 
 4.92560000e-11  0.00000000e+00  1.81137273e-05  1.09997009e+00  1.09997009e+00  6.70833420e-08 
 4.94560000e-11  0.00000000e+00  1.81137273e-05  1.09997009e+00  1.09997009e+00  6.70833419e-08 
 4.96560000e-11  0.00000000e+00  1.81137273e-05  1.09997009e+00  1.09997009e+00  6.70833420e-08 
 4.98560000e-11  0.00000000e+00  1.81137273e-05  1.09997009e+00  1.09997009e+00  6.70833419e-08 
 5.00560000e-11  0.00000000e+00  1.81137273e-05  1.09997009e+00  1.09997009e+00  6.70833420e-08 
 5.02560000e-11  0.00000000e+00  1.81137273e-05  1.09997009e+00  1.09997009e+00  6.70833420e-08 
 5.04560000e-11  0.00000000e+00  1.81137273e-05  1.09997009e+00  1.09997009e+00  6.70833419e-08 
 5.06560000e-11  0.00000000e+00  1.81137273e-05  1.09997009e+00  1.09997009e+00  6.70833421e-08 
 5.08560000e-11  0.00000000e+00  1.81137273e-05  1.09997009e+00  1.09997009e+00  6.70833419e-08 
 5.10560000e-11  0.00000000e+00  1.81137273e-05  1.09997009e+00  1.09997009e+00  6.70833420e-08 
 5.12560000e-11  0.00000000e+00  1.81137273e-05  1.09997009e+00  1.09997009e+00  6.70833420e-08 
 5.14560000e-11  0.00000000e+00  1.81137273e-05  1.09997009e+00  1.09997009e+00  6.70833419e-08 
 5.16560000e-11  0.00000000e+00  1.81137273e-05  1.09997009e+00  1.09997009e+00  6.70833421e-08 
 5.18560000e-11  0.00000000e+00  1.81137273e-05  1.09997009e+00  1.09997009e+00  6.70833421e-08 
 5.20560000e-11  0.00000000e+00  1.81137273e-05  1.09997009e+00  1.09997009e+00  6.70833421e-08 
 5.22560000e-11  0.00000000e+00  1.81137273e-05  1.09997009e+00  1.09997009e+00  6.70833420e-08 
 5.24560000e-11  0.00000000e+00  1.81137273e-05  1.09997009e+00  1.09997009e+00  6.70833421e-08 
 5.26560000e-11  0.00000000e+00  1.81137273e-05  1.09997009e+00  1.09997009e+00  6.70833421e-08 
 5.28560000e-11  0.00000000e+00  1.81137273e-05  1.09997009e+00  1.09997009e+00  6.70833420e-08 
 5.30560000e-11  0.00000000e+00  1.81137273e-05  1.09997009e+00  1.09997009e+00  6.70833420e-08 
 5.32560000e-11  0.00000000e+00  1.81137273e-05  1.09997009e+00  1.09997009e+00  6.70833420e-08 
 5.34560000e-11  0.00000000e+00  1.81137273e-05  1.09997009e+00  1.09997009e+00  6.70833419e-08 
 5.36560000e-11  0.00000000e+00  1.81137273e-05  1.09997009e+00  1.09997009e+00  6.70833421e-08 
 5.38560000e-11  0.00000000e+00  1.81137273e-05  1.09997009e+00  1.09997009e+00  6.70833420e-08 
 5.40560000e-11  0.00000000e+00  1.81137273e-05  1.09997009e+00  1.09997009e+00  6.70833421e-08 
 5.42560000e-11  0.00000000e+00  1.81137273e-05  1.09997009e+00  1.09997009e+00  6.70833420e-08 
 5.44560000e-11  0.00000000e+00  1.81137273e-05  1.09997009e+00  1.09997009e+00  6.70833420e-08 
 5.46560000e-11  0.00000000e+00  1.81137273e-05  1.09997009e+00  1.09997009e+00  6.70833420e-08 
 5.48560000e-11  0.00000000e+00  1.81137273e-05  1.09997009e+00  1.09997009e+00  6.70833419e-08 
 5.50560000e-11  0.00000000e+00  1.81137273e-05  1.09997009e+00  1.09997009e+00  6.70833420e-08 
 5.52560000e-11  0.00000000e+00  1.81137273e-05  1.09997009e+00  1.09997009e+00  6.70833419e-08 
 5.54560000e-11  0.00000000e+00  1.81137273e-05  1.09997009e+00  1.09997009e+00  6.70833421e-08 
 5.56560000e-11  0.00000000e+00  1.81137273e-05  1.09997009e+00  1.09997009e+00  6.70833419e-08 
 5.58560000e-11  0.00000000e+00  1.81137273e-05  1.09997009e+00  1.09997009e+00  6.70833420e-08 
 5.60560000e-11  0.00000000e+00  1.81137273e-05  1.09997009e+00  1.09997009e+00  6.70833420e-08 
 5.62560000e-11  0.00000000e+00  1.81137273e-05  1.09997009e+00  1.09997009e+00  6.70833420e-08 
 5.64560000e-11  0.00000000e+00  1.81137273e-05  1.09997009e+00  1.09997009e+00  6.70833420e-08 
 5.66560000e-11  0.00000000e+00  1.81137273e-05  1.09997009e+00  1.09997009e+00  6.70833419e-08 
 5.68560000e-11  0.00000000e+00  1.81137273e-05  1.09997009e+00  1.09997009e+00  6.70833421e-08 
 5.70560000e-11  0.00000000e+00  1.81137273e-05  1.09997009e+00  1.09997009e+00  6.70833419e-08 
 5.72560000e-11  0.00000000e+00  1.81137273e-05  1.09997009e+00  1.09997009e+00  6.70833421e-08 
 5.74560000e-11  0.00000000e+00  1.81137273e-05  1.09997009e+00  1.09997009e+00  6.70833420e-08 
 5.76560000e-11  0.00000000e+00  1.81137273e-05  1.09997009e+00  1.09997009e+00  6.70833421e-08 
 5.78560000e-11  0.00000000e+00  1.81137273e-05  1.09997009e+00  1.09997009e+00  6.70833421e-08 
 5.80560000e-11  0.00000000e+00  1.81137273e-05  1.09997009e+00  1.09997009e+00  6.70833420e-08 
 5.82560000e-11  0.00000000e+00  1.81137273e-05  1.09997009e+00  1.09997009e+00  6.70833421e-08 
 5.84560000e-11  0.00000000e+00  1.81137273e-05  1.09997009e+00  1.09997009e+00  6.70833421e-08 
 5.86560000e-11  0.00000000e+00  1.81137273e-05  1.09997009e+00  1.09997009e+00  6.70833422e-08 
 5.88560000e-11  0.00000000e+00  1.81137273e-05  1.09997009e+00  1.09997009e+00  6.70833420e-08 
 5.90560000e-11  0.00000000e+00  1.81137273e-05  1.09997009e+00  1.09997009e+00  6.70833421e-08 
 5.92560000e-11  0.00000000e+00  1.81137273e-05  1.09997009e+00  1.09997009e+00  6.70833422e-08 
 5.94560000e-11  0.00000000e+00  1.81137273e-05  1.09997009e+00  1.09997009e+00  6.70833422e-08 
 5.96560000e-11  0.00000000e+00  1.81137273e-05  1.09997009e+00  1.09997009e+00  6.70833422e-08 
 5.98560000e-11  0.00000000e+00  1.81137273e-05  1.09997009e+00  1.09997009e+00  6.70833422e-08 
 6.00560000e-11  0.00000000e+00  1.81137273e-05  1.09997009e+00  1.09997009e+00  6.70833421e-08 
 6.02560000e-11  0.00000000e+00  1.81137273e-05  1.09997009e+00  1.09997009e+00  6.70833421e-08 
 6.04560000e-11  0.00000000e+00  1.81137273e-05  1.09997009e+00  1.09997009e+00  6.70833420e-08 
 6.06560000e-11  0.00000000e+00  1.81137273e-05  1.09997009e+00  1.09997009e+00  6.70833421e-08 
 6.08560000e-11  0.00000000e+00  1.81137273e-05  1.09997009e+00  1.09997009e+00  6.70833421e-08 
 6.10560000e-11  0.00000000e+00  1.81137273e-05  1.09997009e+00  1.09997009e+00  6.70833421e-08 
 6.12560000e-11  0.00000000e+00  1.81137273e-05  1.09997009e+00  1.09997009e+00  6.70833421e-08 
 6.14560000e-11  0.00000000e+00  1.81137273e-05  1.09997009e+00  1.09997009e+00  6.70833420e-08 
 6.16560000e-11  0.00000000e+00  1.81137273e-05  1.09997009e+00  1.09997009e+00  6.70833421e-08 
 6.18560000e-11  0.00000000e+00  1.81137273e-05  1.09997009e+00  1.09997009e+00  6.70833421e-08 
 6.20560000e-11  0.00000000e+00  1.81137273e-05  1.09997009e+00  1.09997009e+00  6.70833421e-08 
 6.22560000e-11  0.00000000e+00  1.81137273e-05  1.09997009e+00  1.09997009e+00  6.70833420e-08 
 6.24560000e-11  0.00000000e+00  1.81137273e-05  1.09997009e+00  1.09997009e+00  6.70833421e-08 
 6.26560000e-11  0.00000000e+00  1.81137273e-05  1.09997009e+00  1.09997009e+00  6.70833421e-08 
 6.28560000e-11  0.00000000e+00  1.81137273e-05  1.09997009e+00  1.09997009e+00  6.70833420e-08 
 6.30560000e-11  0.00000000e+00  1.81137273e-05  1.09997009e+00  1.09997009e+00  6.70833421e-08 
 6.32560000e-11  0.00000000e+00  1.81137273e-05  1.09997009e+00  1.09997009e+00  6.70833421e-08 
 6.34560000e-11  0.00000000e+00  1.81137273e-05  1.09997009e+00  1.09997009e+00  6.70833422e-08 
 6.36560000e-11  0.00000000e+00  1.81137273e-05  1.09997009e+00  1.09997009e+00  6.70833420e-08 
 6.38560000e-11  0.00000000e+00  1.81137273e-05  1.09997009e+00  1.09997009e+00  6.70833421e-08 
 6.40560000e-11  0.00000000e+00  1.81137273e-05  1.09997009e+00  1.09997009e+00  6.70833420e-08 
 6.42560000e-11  0.00000000e+00  1.81137273e-05  1.09997009e+00  1.09997009e+00  6.70833421e-08 
 6.44560000e-11  0.00000000e+00  1.81137273e-05  1.09997009e+00  1.09997009e+00  6.70833421e-08 
 6.46560000e-11  0.00000000e+00  1.81137273e-05  1.09997009e+00  1.09997009e+00  6.70833421e-08 
 6.48560000e-11  0.00000000e+00  1.81137273e-05  1.09997009e+00  1.09997009e+00  6.70833421e-08 
 6.50560000e-11  0.00000000e+00  1.81137273e-05  1.09997009e+00  1.09997009e+00  6.70833422e-08 
 6.52560000e-11  0.00000000e+00  1.81137273e-05  1.09997009e+00  1.09997009e+00  6.70833421e-08 
 6.54560000e-11  0.00000000e+00  1.81137273e-05  1.09997009e+00  1.09997009e+00  6.70833422e-08 
 6.56560000e-11  0.00000000e+00  1.81137273e-05  1.09997009e+00  1.09997009e+00  6.70833421e-08 
 6.58560000e-11  0.00000000e+00  1.81137273e-05  1.09997009e+00  1.09997009e+00  6.70833420e-08 
 6.60560000e-11  0.00000000e+00  1.81137273e-05  1.09997009e+00  1.09997009e+00  6.70833422e-08 
 6.62560000e-11  0.00000000e+00  1.81137273e-05  1.09997009e+00  1.09997009e+00  6.70833421e-08 
 6.64560000e-11  0.00000000e+00  1.81137273e-05  1.09997009e+00  1.09997009e+00  6.70833421e-08 
 6.66560000e-11  0.00000000e+00  1.81137273e-05  1.09997009e+00  1.09997009e+00  6.70833421e-08 
 6.68560000e-11  0.00000000e+00  1.81137273e-05  1.09997009e+00  1.09997009e+00  6.70833421e-08 
 6.70560000e-11  0.00000000e+00  1.81137273e-05  1.09997009e+00  1.09997009e+00  6.70833421e-08 
 6.72560000e-11  0.00000000e+00  1.81137273e-05  1.09997009e+00  1.09997009e+00  6.70833421e-08 
 6.74560000e-11  0.00000000e+00  1.81137273e-05  1.09997009e+00  1.09997009e+00  6.70833422e-08 
 6.76560000e-11  0.00000000e+00  1.81137273e-05  1.09997009e+00  1.09997009e+00  6.70833421e-08 
 6.78560000e-11  0.00000000e+00  1.81137273e-05  1.09997009e+00  1.09997009e+00  6.70833422e-08 
 6.80560000e-11  0.00000000e+00  1.81137273e-05  1.09997009e+00  1.09997009e+00  6.70833421e-08 
 6.82560000e-11  0.00000000e+00  1.81137273e-05  1.09997009e+00  1.09997009e+00  6.70833422e-08 
 6.84560000e-11  0.00000000e+00  1.81137273e-05  1.09997009e+00  1.09997009e+00  6.70833421e-08 
 6.86560000e-11  0.00000000e+00  1.81137273e-05  1.09997009e+00  1.09997009e+00  6.70833422e-08 
 6.88560000e-11  0.00000000e+00  1.81137273e-05  1.09997009e+00  1.09997009e+00  6.70833422e-08 
 6.90560000e-11  0.00000000e+00  1.81137273e-05  1.09997009e+00  1.09997009e+00  6.70833421e-08 
 6.92560000e-11  0.00000000e+00  1.81137273e-05  1.09997009e+00  1.09997009e+00  6.70833422e-08 
 6.94560000e-11  0.00000000e+00  1.81137273e-05  1.09997009e+00  1.09997009e+00  6.70833421e-08 
 6.96560000e-11  0.00000000e+00  1.81137273e-05  1.09997009e+00  1.09997009e+00  6.70833422e-08 
 6.98560000e-11  0.00000000e+00  1.81137273e-05  1.09997009e+00  1.09997009e+00  6.70833421e-08 
 7.00560000e-11  0.00000000e+00  1.81137273e-05  1.09997009e+00  1.09997009e+00  6.70833423e-08 
 7.02560000e-11  0.00000000e+00  1.81137273e-05  1.09997009e+00  1.09997009e+00  6.70833421e-08 
 7.04560000e-11  0.00000000e+00  1.81137273e-05  1.09997009e+00  1.09997009e+00  6.70833422e-08 
 7.06560000e-11  0.00000000e+00  1.81137273e-05  1.09997009e+00  1.09997009e+00  6.70833421e-08 
 7.08560000e-11  0.00000000e+00  1.81137273e-05  1.09997009e+00  1.09997009e+00  6.70833422e-08 
 7.10560000e-11  0.00000000e+00  1.81137273e-05  1.09997009e+00  1.09997009e+00  6.70833422e-08 
 7.12560000e-11  0.00000000e+00  1.81137273e-05  1.09997009e+00  1.09997009e+00  6.70833420e-08 
 7.14560000e-11  0.00000000e+00  1.81137273e-05  1.09997009e+00  1.09997009e+00  6.70833422e-08 
 7.16560000e-11  0.00000000e+00  1.81137273e-05  1.09997009e+00  1.09997009e+00  6.70833421e-08 
 7.18560000e-11  0.00000000e+00  1.81137273e-05  1.09997009e+00  1.09997009e+00  6.70833422e-08 
 7.20560000e-11  0.00000000e+00  1.81137273e-05  1.09997009e+00  1.09997009e+00  6.70833421e-08 
 7.22560000e-11  0.00000000e+00  1.81137273e-05  1.09997009e+00  1.09997009e+00  6.70833421e-08 
 7.24560000e-11  0.00000000e+00  1.81137273e-05  1.09997009e+00  1.09997009e+00  6.70833421e-08 
 7.26560000e-11  0.00000000e+00  1.81137273e-05  1.09997009e+00  1.09997009e+00  6.70833420e-08 
 7.28560000e-11  0.00000000e+00  1.81137274e-05  1.09997009e+00  1.09997009e+00  6.70833421e-08 
 7.30560000e-11  0.00000000e+00  1.81137274e-05  1.09997009e+00  1.09997009e+00  6.70833420e-08 
 7.32560000e-11  0.00000000e+00  1.81137274e-05  1.09997009e+00  1.09997009e+00  6.70833423e-08 
 7.34560000e-11  0.00000000e+00  1.81137274e-05  1.09997009e+00  1.09997009e+00  6.70833420e-08 
 7.36560000e-11  0.00000000e+00  1.81137274e-05  1.09997009e+00  1.09997009e+00  6.70833422e-08 
 7.38560000e-11  0.00000000e+00  1.81137274e-05  1.09997009e+00  1.09997009e+00  6.70833421e-08 
 7.40560000e-11  0.00000000e+00  1.81137274e-05  1.09997009e+00  1.09997009e+00  6.70833420e-08 
 7.42560000e-11  0.00000000e+00  1.81137274e-05  1.09997009e+00  1.09997009e+00  6.70833420e-08 
 7.44560000e-11  0.00000000e+00  1.81137274e-05  1.09997009e+00  1.09997009e+00  6.70833421e-08 
 7.46560000e-11  0.00000000e+00  1.81137274e-05  1.09997009e+00  1.09997009e+00  6.70833420e-08 
 7.48560000e-11  0.00000000e+00  1.81137274e-05  1.09997009e+00  1.09997009e+00  6.70833421e-08 
 7.50560000e-11  0.00000000e+00  1.81137274e-05  1.09997009e+00  1.09997009e+00  6.70833421e-08 
 7.52560000e-11  0.00000000e+00  1.81137274e-05  1.09997009e+00  1.09997009e+00  6.70833422e-08 
 7.54560000e-11  0.00000000e+00  1.81137274e-05  1.09997009e+00  1.09997009e+00  6.70833421e-08 
 7.56560000e-11  0.00000000e+00  1.81137274e-05  1.09997009e+00  1.09997009e+00  6.70833421e-08 
 7.58560000e-11  0.00000000e+00  1.81137274e-05  1.09997009e+00  1.09997009e+00  6.70833421e-08 
 7.60560000e-11  0.00000000e+00  1.81137274e-05  1.09997009e+00  1.09997009e+00  6.70833421e-08 
 7.62560000e-11  0.00000000e+00  1.81137274e-05  1.09997009e+00  1.09997009e+00  6.70833421e-08 
 7.64560000e-11  0.00000000e+00  1.81137274e-05  1.09997009e+00  1.09997009e+00  6.70833421e-08 
 7.66560000e-11  0.00000000e+00  1.81137274e-05  1.09997009e+00  1.09997009e+00  6.70833422e-08 
 7.68560000e-11  0.00000000e+00  1.81137274e-05  1.09997009e+00  1.09997009e+00  6.70833421e-08 
 7.70560000e-11  0.00000000e+00  1.81137274e-05  1.09997009e+00  1.09997009e+00  6.70833420e-08 
 7.72560000e-11  0.00000000e+00  1.81137274e-05  1.09997009e+00  1.09997009e+00  6.70833421e-08 
 7.74560000e-11  0.00000000e+00  1.81137274e-05  1.09997009e+00  1.09997009e+00  6.70833420e-08 
 7.76560000e-11  0.00000000e+00  1.81137274e-05  1.09997009e+00  1.09997009e+00  6.70833420e-08 
 7.78560000e-11  0.00000000e+00  1.81137274e-05  1.09997009e+00  1.09997009e+00  6.70833420e-08 
 7.80560000e-11  0.00000000e+00  1.81137274e-05  1.09997009e+00  1.09997009e+00  6.70833421e-08 
 7.82560000e-11  0.00000000e+00  1.81137274e-05  1.09997009e+00  1.09997009e+00  6.70833421e-08 
 7.84560000e-11  0.00000000e+00  1.81137274e-05  1.09997009e+00  1.09997009e+00  6.70833420e-08 
 7.86560000e-11  0.00000000e+00  1.81137274e-05  1.09997009e+00  1.09997009e+00  6.70833420e-08 
 7.88560000e-11  0.00000000e+00  1.81137274e-05  1.09997009e+00  1.09997009e+00  6.70833421e-08 
 7.90560000e-11  0.00000000e+00  1.81137274e-05  1.09997009e+00  1.09997009e+00  6.70833420e-08 
 7.92560000e-11  0.00000000e+00  1.81137274e-05  1.09997009e+00  1.09997009e+00  6.70833421e-08 
 7.94560000e-11  0.00000000e+00  1.81137274e-05  1.09997009e+00  1.09997009e+00  6.70833420e-08 
 7.96560000e-11  0.00000000e+00  1.81137274e-05  1.09997009e+00  1.09997009e+00  6.70833421e-08 
 7.98560000e-11  0.00000000e+00  1.81137274e-05  1.09997009e+00  1.09997009e+00  6.70833420e-08 
 8.00560000e-11  0.00000000e+00  1.81137274e-05  1.09997009e+00  1.09997009e+00  6.70833421e-08 
 8.02560000e-11  0.00000000e+00  1.81137274e-05  1.09997009e+00  1.09997009e+00  6.70833420e-08 
 8.04560000e-11  0.00000000e+00  1.81137274e-05  1.09997009e+00  1.09997009e+00  6.70833420e-08 
 8.06560000e-11  0.00000000e+00  1.81137274e-05  1.09997009e+00  1.09997009e+00  6.70833420e-08 
 8.08560000e-11  0.00000000e+00  1.81137274e-05  1.09997009e+00  1.09997009e+00  6.70833421e-08 
 8.10560000e-11  0.00000000e+00  1.81137274e-05  1.09997009e+00  1.09997009e+00  6.70833420e-08 
 8.12560000e-11  0.00000000e+00  1.81137274e-05  1.09997009e+00  1.09997009e+00  6.70833421e-08 
 8.14560000e-11  0.00000000e+00  1.81137274e-05  1.09997009e+00  1.09997009e+00  6.70833421e-08 
 8.16560000e-11  0.00000000e+00  1.81137274e-05  1.09997009e+00  1.09997009e+00  6.70833421e-08 
 8.18560000e-11  0.00000000e+00  1.81137274e-05  1.09997009e+00  1.09997009e+00  6.70833421e-08 
 8.20560000e-11  0.00000000e+00  1.81137274e-05  1.09997009e+00  1.09997009e+00  6.70833421e-08 
 8.22560000e-11  0.00000000e+00  1.81137274e-05  1.09997009e+00  1.09997009e+00  6.70833421e-08 
 8.24560000e-11  0.00000000e+00  1.81137274e-05  1.09997009e+00  1.09997009e+00  6.70833421e-08 
 8.26560000e-11  0.00000000e+00  1.81137274e-05  1.09997009e+00  1.09997009e+00  6.70833421e-08 
 8.28560000e-11  0.00000000e+00  1.81137274e-05  1.09997009e+00  1.09997009e+00  6.70833420e-08 
 8.30560000e-11  0.00000000e+00  1.81137274e-05  1.09997009e+00  1.09997009e+00  6.70833421e-08 
 8.32560000e-11  0.00000000e+00  1.81137274e-05  1.09997009e+00  1.09997009e+00  6.70833421e-08 
 8.34560000e-11  0.00000000e+00  1.81137274e-05  1.09997009e+00  1.09997009e+00  6.70833421e-08 
 8.36560000e-11  0.00000000e+00  1.81137274e-05  1.09997009e+00  1.09997009e+00  6.70833421e-08 
 8.38560000e-11  0.00000000e+00  1.81137274e-05  1.09997009e+00  1.09997009e+00  6.70833421e-08 
 8.40560000e-11  0.00000000e+00  1.81137274e-05  1.09997009e+00  1.09997009e+00  6.70833421e-08 
 8.42560000e-11  0.00000000e+00  1.81137274e-05  1.09997009e+00  1.09997009e+00  6.70833421e-08 
 8.44560000e-11  0.00000000e+00  1.81137274e-05  1.09997009e+00  1.09997009e+00  6.70833421e-08 
 8.46560000e-11  0.00000000e+00  1.81137274e-05  1.09997009e+00  1.09997009e+00  6.70833421e-08 
 8.48560000e-11  0.00000000e+00  1.81137274e-05  1.09997009e+00  1.09997009e+00  6.70833421e-08 
 8.50560000e-11  0.00000000e+00  1.81137274e-05  1.09997009e+00  1.09997009e+00  6.70833421e-08 
 8.52560000e-11  0.00000000e+00  1.81137274e-05  1.09997009e+00  1.09997009e+00  6.70833421e-08 
 8.54560000e-11  0.00000000e+00  1.81137274e-05  1.09997009e+00  1.09997009e+00  6.70833421e-08 
 8.56560000e-11  0.00000000e+00  1.81137274e-05  1.09997009e+00  1.09997009e+00  6.70833421e-08 
 8.58560000e-11  0.00000000e+00  1.81137274e-05  1.09997009e+00  1.09997009e+00  6.70833421e-08 
 8.60560000e-11  0.00000000e+00  1.81137274e-05  1.09997009e+00  1.09997009e+00  6.70833421e-08 
 8.62560000e-11  0.00000000e+00  1.81137274e-05  1.09997009e+00  1.09997009e+00  6.70833421e-08 
 8.64560000e-11  0.00000000e+00  1.81137274e-05  1.09997009e+00  1.09997009e+00  6.70833421e-08 
 8.66560000e-11  0.00000000e+00  1.81137274e-05  1.09997009e+00  1.09997009e+00  6.70833421e-08 
 8.68560000e-11  0.00000000e+00  1.81137274e-05  1.09997009e+00  1.09997009e+00  6.70833421e-08 
 8.70560000e-11  0.00000000e+00  1.81137274e-05  1.09997009e+00  1.09997009e+00  6.70833421e-08 
 8.72560000e-11  0.00000000e+00  1.81137274e-05  1.09997009e+00  1.09997009e+00  6.70833421e-08 
 8.74560000e-11  0.00000000e+00  1.81137274e-05  1.09997009e+00  1.09997009e+00  6.70833421e-08 
 8.76560000e-11  0.00000000e+00  1.81137274e-05  1.09997009e+00  1.09997009e+00  6.70833421e-08 
 8.78560000e-11  0.00000000e+00  1.81137274e-05  1.09997009e+00  1.09997009e+00  6.70833421e-08 
 8.80560000e-11  0.00000000e+00  1.81137274e-05  1.09997009e+00  1.09997009e+00  6.70833421e-08 
 8.82560000e-11  0.00000000e+00  1.81137274e-05  1.09997009e+00  1.09997009e+00  6.70833421e-08 
 8.84560000e-11  0.00000000e+00  1.81137274e-05  1.09997009e+00  1.09997009e+00  6.70833421e-08 
 8.86560000e-11  0.00000000e+00  1.81137274e-05  1.09997009e+00  1.09997009e+00  6.70833422e-08 
 8.88560000e-11  0.00000000e+00  1.81137274e-05  1.09997009e+00  1.09997009e+00  6.70833421e-08 
 8.90560000e-11  0.00000000e+00  1.81137274e-05  1.09997009e+00  1.09997009e+00  6.70833421e-08 
 8.92560000e-11  0.00000000e+00  1.81137274e-05  1.09997009e+00  1.09997009e+00  6.70833422e-08 
 8.94560000e-11  0.00000000e+00  1.81137274e-05  1.09997009e+00  1.09997009e+00  6.70833421e-08 
 8.96560000e-11  0.00000000e+00  1.81137274e-05  1.09997009e+00  1.09997009e+00  6.70833421e-08 
 8.98560000e-11  0.00000000e+00  1.81137274e-05  1.09997009e+00  1.09997009e+00  6.70833421e-08 
 9.00560000e-11  0.00000000e+00  1.81137274e-05  1.09997009e+00  1.09997009e+00  6.70833421e-08 
 9.02560000e-11  0.00000000e+00  1.81137274e-05  1.09997009e+00  1.09997009e+00  6.70833422e-08 
 9.04560000e-11  0.00000000e+00  1.81137274e-05  1.09997009e+00  1.09997009e+00  6.70833421e-08 
 9.06560000e-11  0.00000000e+00  1.81137274e-05  1.09997009e+00  1.09997009e+00  6.70833422e-08 
 9.08560000e-11  0.00000000e+00  1.81137274e-05  1.09997009e+00  1.09997009e+00  6.70833422e-08 
 9.10560000e-11  0.00000000e+00  1.81137274e-05  1.09997009e+00  1.09997009e+00  6.70833421e-08 
 9.12560000e-11  0.00000000e+00  1.81137274e-05  1.09997009e+00  1.09997009e+00  6.70833421e-08 
 9.14560000e-11  0.00000000e+00  1.81137274e-05  1.09997009e+00  1.09997009e+00  6.70833421e-08 
 9.16560000e-11  0.00000000e+00  1.81137274e-05  1.09997009e+00  1.09997009e+00  6.70833421e-08 
 9.18560000e-11  0.00000000e+00  1.81137274e-05  1.09997009e+00  1.09997009e+00  6.70833420e-08 
 9.20560000e-11  0.00000000e+00  1.81137274e-05  1.09997009e+00  1.09997009e+00  6.70833421e-08 
 9.22560000e-11  0.00000000e+00  1.81137274e-05  1.09997009e+00  1.09997009e+00  6.70833420e-08 
 9.24560000e-11  0.00000000e+00  1.81137274e-05  1.09997009e+00  1.09997009e+00  6.70833420e-08 
 9.26560000e-11  0.00000000e+00  1.81137274e-05  1.09997009e+00  1.09997009e+00  6.70833420e-08 
 9.28560000e-11  0.00000000e+00  1.81137274e-05  1.09997009e+00  1.09997009e+00  6.70833420e-08 
 9.30560000e-11  0.00000000e+00  1.81137274e-05  1.09997009e+00  1.09997009e+00  6.70833421e-08 
 9.32560000e-11  0.00000000e+00  1.81137274e-05  1.09997009e+00  1.09997009e+00  6.70833421e-08 
 9.34560000e-11  0.00000000e+00  1.81137274e-05  1.09997009e+00  1.09997009e+00  6.70833421e-08 
 9.36560000e-11  0.00000000e+00  1.81137274e-05  1.09997009e+00  1.09997009e+00  6.70833421e-08 
 9.38560000e-11  0.00000000e+00  1.81137274e-05  1.09997009e+00  1.09997009e+00  6.70833421e-08 
 9.40560000e-11  0.00000000e+00  1.81137274e-05  1.09997009e+00  1.09997009e+00  6.70833420e-08 
 9.42560000e-11  0.00000000e+00  1.81137274e-05  1.09997009e+00  1.09997009e+00  6.70833421e-08 
 9.44560000e-11  0.00000000e+00  1.81137274e-05  1.09997009e+00  1.09997009e+00  6.70833421e-08 
 9.46560000e-11  0.00000000e+00  1.81137274e-05  1.09997009e+00  1.09997009e+00  6.70833421e-08 
 9.48560000e-11  0.00000000e+00  1.81137274e-05  1.09997009e+00  1.09997009e+00  6.70833421e-08 
 9.50560000e-11  0.00000000e+00  1.81137274e-05  1.09997009e+00  1.09997009e+00  6.70833420e-08 
 9.52560000e-11  0.00000000e+00  1.81137274e-05  1.09997009e+00  1.09997009e+00  6.70833420e-08 
 9.54560000e-11  0.00000000e+00  1.81137274e-05  1.09997009e+00  1.09997009e+00  6.70833421e-08 
 9.56560000e-11  0.00000000e+00  1.81137274e-05  1.09997009e+00  1.09997009e+00  6.70833420e-08 
 9.58560000e-11  0.00000000e+00  1.81137274e-05  1.09997009e+00  1.09997009e+00  6.70833420e-08 
 9.60560000e-11  0.00000000e+00  1.81137274e-05  1.09997009e+00  1.09997009e+00  6.70833421e-08 
 9.62560000e-11  0.00000000e+00  1.81137274e-05  1.09997009e+00  1.09997009e+00  6.70833420e-08 
 9.64560000e-11  0.00000000e+00  1.81137274e-05  1.09997009e+00  1.09997009e+00  6.70833421e-08 
 9.66560000e-11  0.00000000e+00  1.81137274e-05  1.09997009e+00  1.09997009e+00  6.70833420e-08 
 9.68560000e-11  0.00000000e+00  1.81137274e-05  1.09997009e+00  1.09997009e+00  6.70833421e-08 
 9.70560000e-11  0.00000000e+00  1.81137274e-05  1.09997009e+00  1.09997009e+00  6.70833420e-08 
 9.72560000e-11  0.00000000e+00  1.81137274e-05  1.09997009e+00  1.09997009e+00  6.70833422e-08 
 9.74560000e-11  0.00000000e+00  1.81137274e-05  1.09997009e+00  1.09997009e+00  6.70833420e-08 
 9.76560000e-11  0.00000000e+00  1.81137274e-05  1.09997009e+00  1.09997009e+00  6.70833421e-08 
 9.78560000e-11  0.00000000e+00  1.81137274e-05  1.09997009e+00  1.09997009e+00  6.70833420e-08 
 9.80560000e-11  0.00000000e+00  1.81137274e-05  1.09997009e+00  1.09997009e+00  6.70833421e-08 
 9.82560000e-11  0.00000000e+00  1.81137274e-05  1.09997009e+00  1.09997009e+00  6.70833420e-08 
 9.84560000e-11  0.00000000e+00  1.81137274e-05  1.09997009e+00  1.09997009e+00  6.70833422e-08 
 9.86560000e-11  0.00000000e+00  1.81137274e-05  1.09997009e+00  1.09997009e+00  6.70833420e-08 
 9.88560000e-11  0.00000000e+00  1.81137274e-05  1.09997009e+00  1.09997009e+00  6.70833422e-08 
 9.90560000e-11  0.00000000e+00  1.81137274e-05  1.09997009e+00  1.09997009e+00  6.70833421e-08 
 9.92560000e-11  0.00000000e+00  1.81137274e-05  1.09997009e+00  1.09997009e+00  6.70833421e-08 
 9.94560000e-11  0.00000000e+00  1.81137274e-05  1.09997009e+00  1.09997009e+00  6.70833421e-08 
 9.96560000e-11  0.00000000e+00  1.81137274e-05  1.09997009e+00  1.09997009e+00  6.70833421e-08 
 9.98560000e-11  0.00000000e+00  1.81137274e-05  1.09997009e+00  1.09997009e+00  6.70833421e-08 
 1.00000000e-10  0.00000000e+00  1.81137274e-05  1.09997009e+00  1.09997009e+00  6.70833422e-08 
 1.00020000e-10  2.20000000e-03  2.17708328e-05  1.09997166e+00  1.09997009e+00 -7.73751522e-08 
 1.00060000e-10  6.60000000e-03  3.62630247e-05  1.09997791e+00  1.09997011e+00 -3.94100196e-07 
 1.00140000e-10  1.54000000e-02  1.08413024e-04  1.10001049e+00  1.09997030e+00 -9.60748678e-07 
 1.00300000e-10  3.30000000e-02  4.26507003e-04  1.10016517e+00  1.09997217e+00 -1.82033150e-06 
 1.00500000e-10  5.50000000e-02  1.13581552e-03  1.10043791e+00  1.09997869e+00 -3.66978610e-06 
 1.00700000e-10  7.70000000e-02  2.18181822e-03  1.10075829e+00  1.09999095e+00 -4.99998817e-06 
 1.00900000e-10  9.90000000e-02  3.55685580e-03  1.10110102e+00  1.10000954e+00 -6.89942520e-06 
 1.01100000e-10  1.21000000e-01  5.25413394e-03  1.10145373e+00  1.10003465e+00 -8.26170437e-06 
 1.01300000e-10  1.43000000e-01  7.26820231e-03  1.10180985e+00  1.10006627e+00 -1.01278866e-05 
 1.01500000e-10  1.65000000e-01  9.59349793e-03  1.10216648e+00  1.10010433e+00 -1.14775254e-05 
 1.01700000e-10  1.87000000e-01  1.22252225e-02  1.10252178e+00  1.10014868e+00 -1.32906208e-05 
 1.01900000e-10  2.09000000e-01  1.51582523e-02  1.10287527e+00  1.10019918e+00 -1.46151595e-05 
 1.02100000e-10  2.31000000e-01  1.83880449e-02  1.10322629e+00  1.10025564e+00 -1.63712346e-05 
 1.02300000e-10  2.53000000e-01  2.19097100e-02  1.10357497e+00  1.10031792e+00 -1.76664440e-05 
 1.02500000e-10  2.75000000e-01  2.57188592e-02  1.10392092e+00  1.10038584e+00 -1.93653571e-05 
 1.02700000e-10  2.97000000e-01  2.98107786e-02  1.10426441e+00  1.10045924e+00 -2.06290616e-05 
 1.02900000e-10  3.19000000e-01  3.41812067e-02  1.10460510e+00  1.10053797e+00 -2.22713351e-05 
 1.03100000e-10  3.41000000e-01  3.88255866e-02  1.10494325e+00  1.10062185e+00 -2.35017467e-05 
 1.03300000e-10  3.63000000e-01  4.37397751e-02  1.10527850e+00  1.10071074e+00 -2.50876856e-05 
 1.03500000e-10  3.85000000e-01  4.89193621e-02  1.10561106e+00  1.10080449e+00 -2.62828452e-05 
 1.03700000e-10  4.07000000e-01  5.43603174e-02  1.10594052e+00  1.10090293e+00 -2.78121726e-05 
 1.03900000e-10  4.29000000e-01  6.00583689e-02  1.10626697e+00  1.10100592e+00 -2.89696102e-05 
 1.04100000e-10  4.51000000e-01  6.60095932e-02  1.10658990e+00  1.10111329e+00 -3.04411555e-05 
 1.04300000e-10  4.73000000e-01  7.22098459e-02  1.10690927e+00  1.10122490e+00 -3.15575122e-05 
 1.04500000e-10  4.95000000e-01  7.86553012e-02  1.10722439e+00  1.10134058e+00 -3.29687940e-05 
 1.04700000e-10  5.17000000e-01  8.53419286e-02  1.10753500e+00  1.10146017e+00 -3.40392927e-05 
 1.04900000e-10  5.39000000e-01  9.22659858e-02  1.10784014e+00  1.10158348e+00 -3.53858988e-05 
 1.05100000e-10  5.61000000e-01  9.94235361e-02  1.10813921e+00  1.10171034e+00 -3.64035651e-05 
 1.05300000e-10  5.83000000e-01  1.06810899e-01  1.10843085e+00  1.10184053e+00 -3.76782264e-05 
 1.05500000e-10  6.05000000e-01  1.14424203e-01  1.10871393e+00  1.10197384e+00 -3.86327447e-05 
 1.05700000e-10  6.27000000e-01  1.22259794e-01  1.10898646e+00  1.10211000e+00 -3.98239724e-05 
 1.05900000e-10  6.49000000e-01  1.30313821e-01  1.10924653e+00  1.10224874e+00 -4.07000340e-05 
 1.06100000e-10  6.71000000e-01  1.38582605e-01  1.10949122e+00  1.10238974e+00 -4.17901735e-05 
 1.06300000e-10  6.93000000e-01  1.47062243e-01  1.10971748e+00  1.10253260e+00 -4.25651801e-05 
 1.06500000e-10  7.15000000e-01  1.55748943e-01  1.10992103e+00  1.10267689e+00 -4.35277826e-05 
 1.06700000e-10  7.37000000e-01  1.64638638e-01  1.11009721e+00  1.10282208e+00 -4.41688840e-05 
 1.06900000e-10  7.59000000e-01  1.73727281e-01  1.11023988e+00  1.10296756e+00 -4.49655116e-05 
 1.07100000e-10  7.81000000e-01  1.83010468e-01  1.11034224e+00  1.10311258e+00 -4.54263149e-05 
 1.07300000e-10  8.03000000e-01  1.92483686e-01  1.11039582e+00  1.10325627e+00 -4.60034357e-05 
 1.07500000e-10  8.25000000e-01  2.02141953e-01  1.11039126e+00  1.10339760e+00 -4.62214483e-05 
 1.07700000e-10  8.47000000e-01  2.11980043e-01  1.11031747e+00  1.10353536e+00 -4.65089439e-05 
 1.07900000e-10  8.69000000e-01  2.21992166e-01  1.11016246e+00  1.10366812e+00 -4.64057027e-05 
 1.08100000e-10  8.91000000e-01  2.32172250e-01  1.10991263e+00  1.10379425e+00 -4.63192042e-05 
 1.08300000e-10  9.13000000e-01  2.42513754e-01  1.10955370e+00  1.10391185e+00 -4.58052593e-05 
 1.08500000e-10  9.35000000e-01  2.53010126e-01  1.10907011e+00  1.10401878e+00 -4.52540233e-05 
 1.08700000e-10  9.57000000e-01  2.63654845e-01  1.10844608e+00  1.10411263e+00 -4.42396285e-05 
 1.08900000e-10  9.79000000e-01  2.74442042e-01  1.10766527e+00  1.10419071e+00 -4.31396922e-05 
 1.09100000e-10  1.00100000e+00  2.85366599e-01  1.10671207e+00  1.10425008e+00 -4.15497962e-05 
 1.09300000e-10  1.02300000e+00  2.96424619e-01  1.10557169e+00  1.10428754e+00 -3.98399831e-05 
 1.09500000e-10  1.04500000e+00  3.07613228e-01  1.10423156e+00  1.10429970e+00 -3.76301910e-05 
 1.09700000e-10  1.06700000e+00  3.18930681e-01  1.10268138e+00  1.10428300e+00 -3.52867229e-05 
 1.09900000e-10  1.08900000e+00  3.30375908e-01  1.10091394e+00  1.10423379e+00 -3.24549982e-05 
 1.10000000e-10  1.10000000e+00  3.36148404e-01  1.09996071e+00  1.10419601e+00 -3.07482237e-05 
 1.10020000e-10  1.10000000e+00  3.37311048e-01  1.09981248e+00  1.10418726e+00 -2.77642080e-05 
 1.10060000e-10  1.10000000e+00  3.39632758e-01  1.09950407e+00  1.10416918e+00 -2.63839962e-05 
 1.10140000e-10  1.10000000e+00  3.44248738e-01  1.09882455e+00  1.10412930e+00 -2.47554649e-05 
 1.10300000e-10  1.10000000e+00  3.53373162e-01  1.09724558e+00  1.10403257e+00 -2.04363018e-05 
 1.10500000e-10  1.10000000e+00  3.64587884e-01  1.09492568e+00  1.10387520e+00 -1.56188365e-05 
 1.10700000e-10  1.10000000e+00  3.75601556e-01  1.09229504e+00  1.10367194e+00 -1.01734767e-05 
 1.10900000e-10  1.10000000e+00  3.86424557e-01  1.08941231e+00  1.10341811e+00 -5.26223294e-06 
 1.11100000e-10  1.10000000e+00  3.97064495e-01  1.08631749e+00  1.10311013e+00  1.44255895e-07 
 1.11300000e-10  1.10000000e+00  4.07528261e-01  1.08303746e+00  1.10274512e+00  4.99691903e-06 
 1.11500000e-10  1.10000000e+00  4.17821089e-01  1.07959021e+00  1.10232074e+00  1.02416311e-05 
 1.11700000e-10  1.10000000e+00  4.27948123e-01  1.07598692e+00  1.10183496e+00  1.49261871e-05 
 1.11900000e-10  1.10000000e+00  4.37913392e-01  1.07223416e+00  1.10128596e+00  1.99180903e-05 
 1.12100000e-10  1.10000000e+00  4.47721087e-01  1.06833451e+00  1.10067207e+00  2.43497088e-05 
 1.12300000e-10  1.10000000e+00  4.57374560e-01  1.06428814e+00  1.09999165e+00  2.90163399e-05 
 1.12500000e-10  1.10000000e+00  4.66877411e-01  1.06009291e+00  1.09924312e+00  3.31254244e-05 
 1.12700000e-10  1.10000000e+00  4.76232538e-01  1.05574590e+00  1.09842483e+00  3.74069521e-05 
 1.12900000e-10  1.10000000e+00  4.85443071e-01  1.05124342e+00  1.09753512e+00  4.11363297e-05 
 1.13100000e-10  1.10000000e+00  4.94511493e-01  1.04658261e+00  1.09657231e+00  4.49855178e-05 
 1.13300000e-10  1.10000000e+00  5.03440448e-01  1.04176118e+00  1.09553467e+00  4.82920490e-05 
 1.13500000e-10  1.10000000e+00  5.12231940e-01  1.03677863e+00  1.09442052e+00  5.16758107e-05 
 1.13700000e-10  1.10000000e+00  5.20888052e-01  1.03163500e+00  1.09322817e+00  5.45294015e-05 
 1.13900000e-10  1.10000000e+00  5.29410253e-01  1.02633121e+00  1.09195599e+00  5.74234692e-05 
 1.14100000e-10  1.10000000e+00  5.37800069e-01  1.02086700e+00  1.09060239e+00  5.97972546e-05 
 1.14300000e-10  1.10000000e+00  5.46058495e-01  1.01524105e+00  1.08916579e+00  6.21740708e-05 
 1.14500000e-10  1.10000000e+00  5.54186642e-01  1.00944925e+00  1.08764459e+00  6.40334642e-05 
 1.14700000e-10  1.10000000e+00  5.62185222e-01  1.00348561e+00  1.08603712e+00  6.58555473e-05 
 1.14900000e-10  1.10000000e+00  5.70055137e-01  9.97341374e-01  1.08434160e+00  6.71571032e-05 
 1.15100000e-10  1.10000000e+00  5.77797025e-01  9.91006570e-01  1.08255610e+00  6.83808719e-05 
 1.15300000e-10  1.10000000e+00  5.85411771e-01  9.84469616e-01  1.08067852e+00  6.90797422e-05 
 1.15500000e-10  1.10000000e+00  5.92900100e-01  9.77719176e-01  1.07870656e+00  6.96659067e-05 
 1.15700000e-10  1.10000000e+00  6.00263043e-01  9.70743979e-01  1.07663774e+00  6.97295053e-05 
 1.15900000e-10  1.10000000e+00  6.07501586e-01  9.63535034e-01  1.07446946e+00  6.96613278e-05 
 1.16100000e-10  1.10000000e+00  6.14617118e-01  9.56085837e-01  1.07219899e+00  6.90932946e-05 
 1.16300000e-10  1.10000000e+00  6.21611139e-01  9.48394885e-01  1.06982357e+00  6.84055140e-05 
 1.16500000e-10  1.10000000e+00  6.28485665e-01  9.40465746e-01  1.06734053e+00  6.72748320e-05 
 1.16700000e-10  1.10000000e+00  6.35242925e-01  9.32308732e-01  1.06474740e+00  6.60738397e-05 
 1.16900000e-10  1.10000000e+00  6.41885643e-01  9.23939432e-01  1.06204199e+00  6.45156067e-05 
 1.17100000e-10  1.10000000e+00  6.48416662e-01  9.15378564e-01  1.05922252e+00  6.29555131e-05 
 1.17300000e-10  1.10000000e+00  6.54839114e-01  9.06649120e-01  1.05628770e+00  6.11268882e-05 
 1.17500000e-10  1.10000000e+00  6.61156043e-01  8.97775640e-01  1.05323670e+00  5.93582923e-05 
 1.17700000e-10  1.10000000e+00  6.67370569e-01  8.88781617e-01  1.05006921e+00  5.73939603e-05 
 1.17900000e-10  1.10000000e+00  6.73485580e-01  8.79689518e-01  1.04678538e+00  5.55342410e-05 
 1.18100000e-10  1.10000000e+00  6.79503931e-01  8.70519107e-01  1.04338575e+00  5.35322753e-05 
 1.18300000e-10  1.10000000e+00  6.85428208e-01  8.61288243e-01  1.03987126e+00  5.16632647e-05 
 1.18500000e-10  1.10000000e+00  6.91260942e-01  8.52011823e-01  1.03624311e+00  4.96897783e-05 
 1.18700000e-10  1.10000000e+00  6.97004418e-01  8.42702949e-01  1.03250280e+00  4.78655856e-05 
 1.18900000e-10  1.10000000e+00  7.02660879e-01  8.33372134e-01  1.02865201e+00  4.59633299e-05 
 1.19100000e-10  1.10000000e+00  7.08232364e-01  8.24028547e-01  1.02469257e+00  4.42184990e-05 
 1.19300000e-10  1.10000000e+00  7.13720892e-01  8.14679283e-01  1.02062645e+00  4.24140487e-05 
 1.19500000e-10  1.10000000e+00  7.19128316e-01  8.05330578e-01  1.01645573e+00  4.07696532e-05 
 1.19700000e-10  1.10000000e+00  7.24456484e-01  7.95987072e-01  1.01218253e+00  3.90784501e-05 
 1.19900000e-10  1.10000000e+00  7.29707103e-01  7.86652957e-01  1.00780901e+00  3.75462270e-05 
 1.20100000e-10  1.10000000e+00  7.34881883e-01  7.77331227e-01  1.00333739e+00  3.59759412e-05 
 1.20300000e-10  1.10000000e+00  7.39982405e-01  7.68024747e-01  9.98769875e-01  3.45610380e-05 
 1.20500000e-10  1.10000000e+00  7.45010251e-01  7.58735494e-01  9.94108692e-01  3.31138248e-05 
 1.20700000e-10  1.10000000e+00  7.49966880e-01  7.49465561e-01  9.89356055e-01  3.18166900e-05 
 1.20900000e-10  1.10000000e+00  7.54853743e-01  7.40216373e-01  9.84514172e-01  3.04907953e-05 
 1.21100000e-10  1.10000000e+00  7.59672166e-01  7.30989631e-01  9.79585238e-01  2.93085761e-05 
 1.21300000e-10  1.10000000e+00  7.64423459e-01  7.21786516e-01  9.74571433e-01  2.80995666e-05 
 1.21500000e-10  1.10000000e+00  7.69108810e-01  7.12608564e-01  9.69474920e-01  2.70272080e-05 
 1.21700000e-10  1.10000000e+00  7.73729382e-01  7.03456869e-01  9.64297847e-01  2.59289448e-05 
 1.21900000e-10  1.10000000e+00  7.78286222e-01  6.94332900e-01  9.59042343e-01  2.49600500e-05 
 1.22100000e-10  1.10000000e+00  7.82780349e-01  6.85237701e-01  9.53710520e-01  2.39654283e-05 
 1.22300000e-10  1.10000000e+00  7.87212676e-01  6.76172682e-01  9.48304474e-01  2.30928864e-05 
 1.22500000e-10  1.10000000e+00  7.91584095e-01  6.67138824e-01  9.42826281e-01  2.21943494e-05 
 1.22700000e-10  1.10000000e+00  7.95895403e-01  6.58137442e-01  9.37278001e-01  2.14107497e-05 
 1.22900000e-10  1.10000000e+00  8.00147386e-01  6.49169421e-01  9.31661673e-01  2.06006086e-05 
 1.23100000e-10  1.10000000e+00  8.04340750e-01  6.40235960e-01  9.25979317e-01  1.98984893e-05 
 1.23300000e-10  1.10000000e+00  8.08476199e-01  6.31337833e-01  9.20232932e-01  1.91691095e-05 
 1.23500000e-10  1.10000000e+00  8.12554373e-01  6.22476125e-01  9.14424498e-01  1.85411005e-05 
 1.23700000e-10  1.10000000e+00  8.16575923e-01  6.13651520e-01  9.08555970e-01  1.78850054e-05 
 1.23900000e-10  1.10000000e+00  8.20541449e-01  6.04865025e-01  9.02629282e-01  1.73239078e-05 
 1.24100000e-10  1.10000000e+00  8.24451570e-01  5.96117284e-01  8.96646349e-01  1.67338345e-05 
 1.24300000e-10  1.10000000e+00  8.28306869e-01  5.87409292e-01  8.90609061e-01  1.62326602e-05 
 1.24500000e-10  1.10000000e+00  8.32107954e-01  5.78741730e-01  8.84519288e-01  1.57015788e-05 
 1.24700000e-10  1.10000000e+00  8.35855407e-01  5.70115667e-01  8.78378880e-01  1.52535569e-05 
 1.24900000e-10  1.10000000e+00  8.39549844e-01  5.61531916e-01  8.72189670e-01  1.47746601e-05 
 1.25100000e-10  1.10000000e+00  8.43191861e-01  5.52991725e-01  8.65953475e-01  1.43732138e-05 
 1.25300000e-10  1.10000000e+00  8.46782092e-01  5.44496148e-01  8.59672098e-01  1.39398790e-05 
 1.25500000e-10  1.10000000e+00  8.50321158e-01  5.36046731e-01  8.53347333e-01  1.35785777e-05 
 1.25700000e-10  1.10000000e+00  8.53809722e-01  5.27644899e-01  8.46980966e-01  1.31843068e-05 
 1.25900000e-10  1.10000000e+00  8.57248442e-01  5.19292627e-01  8.40574784e-01  1.28568003e-05 
 1.26100000e-10  1.10000000e+00  8.60638015e-01  5.10991850e-01  8.34130575e-01  1.24951474e-05 
 1.26300000e-10  1.10000000e+00  8.63979140e-01  5.02745122e-01  8.27650138e-01  1.21950923e-05 
 1.26500000e-10  1.10000000e+00  8.67272560e-01  4.94555042e-01  8.21135285e-01  1.18595918e-05 
 1.26700000e-10  1.10000000e+00  8.70519021e-01  4.86424904e-01  8.14587853e-01  1.15805899e-05 
 1.26900000e-10  1.10000000e+00  8.73719315e-01  4.78358132e-01  8.08009708e-01  1.12647123e-05 
 1.27100000e-10  1.10000000e+00  8.76874241e-01  4.70358913e-01  8.01402754e-01  1.10002971e-05 
 1.27300000e-10  1.10000000e+00  8.79984643e-01  4.62431640e-01  7.94768942e-01  1.06974794e-05 
 1.27500000e-10  1.10000000e+00  8.83051376e-01  4.54581511e-01  7.88110281e-01  1.04412126e-05 
 1.27700000e-10  1.10000000e+00  8.86075338e-01  4.46813966e-01  7.81428845e-01  1.01450433e-05 
 1.27900000e-10  1.10000000e+00  8.89057433e-01  4.39135232e-01  7.74726781e-01  9.89081390e-06 
 1.28100000e-10  1.10000000e+00  8.91998605e-01  4.31551726e-01  7.68006319e-01  9.59546978e-06 
 1.28300000e-10  1.10000000e+00  8.94899795e-01  4.24070530e-01  7.61269781e-01  9.33808788e-06 
 1.28500000e-10  1.10000000e+00  8.97761968e-01  4.16698723e-01  7.54519580e-01  9.03908668e-06 
 1.28700000e-10  1.10000000e+00  9.00586072e-01  4.09443769e-01  7.47758227e-01  8.77517452e-06 
 1.28900000e-10  1.10000000e+00  9.03373057e-01  4.02312779e-01  7.40988327e-01  8.47034924e-06 
 1.29100000e-10  1.10000000e+00  9.06123826e-01  3.95312813e-01  7.34212573e-01  8.19930562e-06 
 1.29300000e-10  1.10000000e+00  9.08839259e-01  3.88450103e-01  7.27433740e-01  7.88962859e-06 
 1.29500000e-10  1.10000000e+00  9.11520164e-01  3.81730331e-01  7.20654660e-01  7.61416362e-06 
 1.29700000e-10  1.10000000e+00  9.14167296e-01  3.75157892e-01  7.13878213e-01  7.30385028e-06 
 1.29900000e-10  1.10000000e+00  9.16781318e-01  3.68736231e-01  7.07107299e-01  7.02956144e-06 
 1.30100000e-10  1.10000000e+00  9.19362824e-01  3.62467238e-01  7.00344813e-01  6.72509802e-06 
 1.30300000e-10  1.10000000e+00  9.21912313e-01  3.56351713e-01  6.93593618e-01  6.45902425e-06 
 1.30500000e-10  1.10000000e+00  9.24430218e-01  3.50388918e-01  6.86856523e-01  6.16740932e-06 
 1.30700000e-10  1.10000000e+00  9.26916886e-01  3.44577174e-01  6.80136256e-01  5.91617688e-06 
 1.30900000e-10  1.10000000e+00  9.29372617e-01  3.38913536e-01  6.73435446e-01  5.64319541e-06 
 1.31100000e-10  1.10000000e+00  9.31797646e-01  3.33394458e-01  6.66756606e-01  5.41160657e-06 
 1.31300000e-10  1.10000000e+00  9.34192185e-01  3.28015516e-01  6.60102118e-01  5.16084870e-06 
 1.31500000e-10  1.10000000e+00  9.36556405e-01  3.22772071e-01  6.53474231e-01  4.95136577e-06 
 1.31700000e-10  1.10000000e+00  9.38890473e-01  3.17658979e-01  6.46875048e-01  4.72413976e-06 
 1.31900000e-10  1.10000000e+00  9.41194537e-01  3.12671194e-01  6.40306534e-01  4.53714345e-06 
 1.32100000e-10  1.10000000e+00  9.43468757e-01  3.07803447e-01  6.33770510e-01  4.33297320e-06 
 1.32300000e-10  1.10000000e+00  9.45713284e-01  3.03050779e-01  6.27268661e-01  4.16739416e-06 
 1.32500000e-10  1.10000000e+00  9.47928291e-01  2.98408172e-01  6.20802538e-01  3.98469468e-06 
 1.32700000e-10  1.10000000e+00  9.50113949e-01  2.93871031e-01  6.14373569e-01  3.83866608e-06 
 1.32900000e-10  1.10000000e+00  9.52270452e-01  2.89434782e-01  6.07983061e-01  3.67532969e-06 
 1.33100000e-10  1.10000000e+00  9.54397997e-01  2.85095312e-01  6.01632209e-01  3.54668483e-06 
 1.33300000e-10  1.10000000e+00  9.56496804e-01  2.80848552e-01  5.95322105e-01  3.40048297e-06 
 1.33500000e-10  1.10000000e+00  9.58567094e-01  2.76690888e-01  5.89053741e-01  3.28706532e-06 
 1.33700000e-10  1.10000000e+00  9.60609110e-01  2.72618741e-01  5.82828019e-01  3.15587684e-06 
 1.33900000e-10  1.10000000e+00  9.62623093e-01  2.68628963e-01  5.76645759e-01  3.05569978e-06 
 1.34100000e-10  1.10000000e+00  9.64609307e-01  2.64718417e-01  5.70507698e-01  2.93761529e-06 
 1.34300000e-10  1.10000000e+00  9.66568011e-01  2.60884363e-01  5.64414504e-01  2.84892386e-06 
 1.34500000e-10  1.10000000e+00  9.68499481e-01  2.57124048e-01  5.58366775e-01  2.74227564e-06 
 1.34700000e-10  1.10000000e+00  9.70403990e-01  2.53435077e-01  5.52365048e-01  2.66355376e-06 
 1.34900000e-10  1.10000000e+00  9.72281827e-01  2.49815025e-01  5.46409801e-01  2.56690724e-06 
 1.35100000e-10  1.10000000e+00  9.74133272e-01  2.46261789e-01  5.40501456e-01  2.49685916e-06 
 1.35300000e-10  1.10000000e+00  9.75958621e-01  2.42773215e-01  5.34640388e-01  2.40898820e-06 
 1.35500000e-10  1.10000000e+00  9.77758162e-01  2.39347445e-01  5.28826921e-01  2.34651066e-06 
 1.35700000e-10  1.10000000e+00  9.79532194e-01  2.35982555e-01  5.23061339e-01  2.26636839e-06 
 1.35900000e-10  1.10000000e+00  9.81281010e-01  2.32676891e-01  5.17343881e-01  2.21052175e-06 
 1.36100000e-10  1.10000000e+00  9.83004909e-01  2.29428721e-01  5.11674751e-01  2.13721271e-06 
 1.36300000e-10  1.10000000e+00  9.84704186e-01  2.26236561e-01  5.06054115e-01  2.08719463e-06 
 1.36500000e-10  1.10000000e+00  9.86379143e-01  2.23098844e-01  5.00482107e-01  2.01995018e-06 
 1.36700000e-10  1.10000000e+00  9.88030072e-01  2.20014230e-01  4.94958828e-01  1.97507310e-06 
 1.36900000e-10  1.10000000e+00  9.89657274e-01  2.16981290e-01  4.89484352e-01  1.91323071e-06 
 1.37100000e-10  1.10000000e+00  9.91261041e-01  2.13998808e-01  4.84058722e-01  1.87290299e-06 
 1.37300000e-10  1.10000000e+00  9.92841672e-01  2.11065471e-01  4.78681958e-01  1.81588902e-06 
 1.37500000e-10  1.10000000e+00  9.94399456e-01  2.08180170e-01  4.73354054e-01  1.77959934e-06 
 1.37700000e-10  1.10000000e+00  9.95934689e-01  2.05341695e-01  4.68074982e-01  1.72691484e-06 
 1.37900000e-10  1.10000000e+00  9.97447657e-01  2.02549027e-01  4.62844693e-01  1.69421939e-06 
 1.38100000e-10  1.10000000e+00  9.98938653e-01  1.99801045e-01  4.57663115e-01  1.64542841e-06 
 1.38300000e-10  1.10000000e+00  1.00040796e+00  1.97096807e-01  4.52530161e-01  1.61594030e-06 
 1.38500000e-10  1.10000000e+00  1.00185587e+00  1.94435271e-01  4.47445723e-01  1.57066016e-06 
 1.38700000e-10  1.10000000e+00  1.00328265e+00  1.91815565e-01  4.42409677e-01  1.54404062e-06 
 1.38900000e-10  1.10000000e+00  1.00468860e+00  1.89236714e-01  4.37421885e-01  1.50193389e-06 
 1.39100000e-10  1.10000000e+00  1.00607398e+00  1.86697908e-01  4.32482190e-01  1.47788492e-06 
 1.39300000e-10  1.10000000e+00  1.00743908e+00  1.84198233e-01  4.27590425e-01  1.43865266e-06 
 1.39500000e-10  1.10000000e+00  1.00878417e+00  1.81736933e-01  4.22746409e-01  1.41691096e-06 
 1.39700000e-10  1.10000000e+00  1.01010952e+00  1.79313149e-01  4.17949946e-01  1.38028711e-06 
 1.39900000e-10  1.10000000e+00  1.01141540e+00  1.76926172e-01  4.13200831e-01  1.36061896e-06 
 1.40100000e-10  1.10000000e+00  1.01270208e+00  1.74575195e-01  4.08498848e-01  1.32636562e-06 
 1.40300000e-10  1.10000000e+00  1.01396982e+00  1.72259552e-01  4.03843770e-01  1.30856264e-06 
 1.40500000e-10  1.10000000e+00  1.01521889e+00  1.69978480e-01  3.99235359e-01  1.27646621e-06 
 1.40700000e-10  1.10000000e+00  1.01644955e+00  1.67731355e-01  3.94673370e-01  1.26034182e-06 
 1.40900000e-10  1.10000000e+00  1.01766204e+00  1.65517456e-01  3.90157549e-01  1.23020975e-06 
 1.41100000e-10  1.10000000e+00  1.01885664e+00  1.63336193e-01  3.85687633e-01  1.21559632e-06 
 1.41300000e-10  1.10000000e+00  1.02003358e+00  1.61186886e-01  3.81263354e-01  1.18725447e-06 
 1.41500000e-10  1.10000000e+00  1.02119313e+00  1.59068979e-01  3.76884435e-01  1.17400091e-06 
 1.41700000e-10  1.10000000e+00  1.02233553e+00  1.56981826e-01  3.72550593e-01  1.14729142e-06 
 1.41900000e-10  1.10000000e+00  1.02346102e+00  1.54924904e-01  3.68261539e-01  1.13526129e-06 
 1.42100000e-10  1.10000000e+00  1.02456985e+00  1.52897600e-01  3.64016979e-01  1.11004079e-06 
 1.42300000e-10  1.10000000e+00  1.02566226e+00  1.50899420e-01  3.59816613e-01  1.09911074e-06 
 1.42500000e-10  1.10000000e+00  1.02673849e+00  1.48929784e-01  3.55660137e-01  1.07524891e-06 
 1.42700000e-10  1.10000000e+00  1.02779877e+00  1.46988224e-01  3.51547244e-01  1.06530740e-06 
 1.42900000e-10  1.10000000e+00  1.02884334e+00  1.45074188e-01  3.47477619e-01  1.04268580e-06 
 1.43100000e-10  1.10000000e+00  1.02987242e+00  1.43187236e-01  3.43450948e-01  1.03363202e-06 
 1.43300000e-10  1.10000000e+00  1.03088624e+00  1.41326843e-01  3.39466910e-01  1.01214308e-06 
 1.43500000e-10  1.10000000e+00  1.03188503e+00  1.39492591e-01  3.35525183e-01  1.00388606e-06 
 1.43700000e-10  1.10000000e+00  1.03286902e+00  1.37683983e-01  3.31625443e-01  9.83432193e-07 
 1.43900000e-10  1.10000000e+00  1.03383841e+00  1.35900622e-01  3.27767361e-01  9.75890032e-07 
 1.44100000e-10  1.10000000e+00  1.03479343e+00  1.34142037e-01  3.23950608e-01  9.56382865e-07 
 1.44300000e-10  1.10000000e+00  1.03573429e+00  1.32407849e-01  3.20174852e-01  9.49481922e-07 
 1.44500000e-10  1.10000000e+00  1.03666121e+00  1.30697611e-01  3.16439761e-01  9.30841598e-07 
 1.44700000e-10  1.10000000e+00  1.03757439e+00  1.29010964e-01  3.12744999e-01  9.24515899e-07 
 1.44900000e-10  1.10000000e+00  1.03847403e+00  1.27347480e-01  3.09090231e-01  9.06670354e-07 
 1.45100000e-10  1.10000000e+00  1.03936035e+00  1.25706820e-01  3.05475120e-01  9.00860935e-07 
 1.45300000e-10  1.10000000e+00  1.04023355e+00  1.24088574e-01  3.01899330e-01  8.83745267e-07 
 1.45500000e-10  1.10000000e+00  1.04109381e+00  1.22492420e-01  2.98362521e-01  8.78399559e-07 
 1.45700000e-10  1.10000000e+00  1.04194134e+00  1.20917969e-01  2.94864356e-01  8.61955408e-07 
 1.45900000e-10  1.10000000e+00  1.04277633e+00  1.19364910e-01  2.91404497e-01  8.57026656e-07 
 1.46100000e-10  1.10000000e+00  1.04359898e+00  1.17832874e-01  2.87982603e-01  8.41201608e-07 
 1.46300000e-10  1.10000000e+00  1.04440945e+00  1.16321564e-01  2.84598338e-01  8.36648309e-07 
 1.46500000e-10  1.10000000e+00  1.04520795e+00  1.14830625e-01  2.81251363e-01  8.21395327e-07 
 1.46700000e-10  1.10000000e+00  1.04599465e+00  1.13359775e-01  2.77941340e-01  8.17180707e-07 
 1.46900000e-10  1.10000000e+00  1.04676974e+00  1.11908675e-01  2.74667932e-01  8.02457597e-07 
 1.47100000e-10  1.10000000e+00  1.04753338e+00  1.10477053e-01  2.71430802e-01  7.98549107e-07 
 1.47300000e-10  1.10000000e+00  1.04828576e+00  1.09064585e-01  2.68229614e-01  7.84318015e-07 
 1.47500000e-10  1.10000000e+00  1.04902705e+00  1.07671010e-01  2.65064034e-01  7.80686874e-07 
 1.47700000e-10  1.10000000e+00  1.04975740e+00  1.06296017e-01  2.61933726e-01  7.66913823e-07 
 1.47900000e-10  1.10000000e+00  1.05047700e+00  1.04939356e-01  2.58838359e-01  7.63534589e-07 
 1.48100000e-10  1.10000000e+00  1.05118600e+00  1.03600728e-01  2.55777600e-01  7.50189049e-07 
 1.48300000e-10  1.10000000e+00  1.05188457e+00  1.02279893e-01  2.52751119e-01  7.47039231e-07 
 1.48500000e-10  1.10000000e+00  1.05257286e+00  1.00976563e-01  2.49758587e-01  7.34093738e-07 
 1.48700000e-10  1.10000000e+00  1.05325103e+00  9.96905078e-02  2.46799675e-01  7.31153446e-07 
 1.48900000e-10  1.10000000e+00  1.05391924e+00  9.84214498e-02  2.43874057e-01  7.18583243e-07 
 1.49100000e-10  1.10000000e+00  1.05457763e+00  9.71691669e-02  2.40981409e-01  7.15834873e-07 
 1.49300000e-10  1.10000000e+00  1.05522636e+00  9.59333927e-02  2.38121406e-01  7.03617603e-07 
 1.49500000e-10  1.10000000e+00  1.05586556e+00  9.47139125e-02  2.35293728e-01  7.01045557e-07 
 1.49700000e-10  1.10000000e+00  1.05649540e+00  9.35104700e-02  2.32498054e-01  6.89160982e-07 
 1.49900000e-10  1.10000000e+00  1.05711600e+00  9.23228576e-02  2.29734066e-01  6.86751418e-07 
 1.50100000e-10  1.10000000e+00  1.05772752e+00  9.11508282e-02  2.27001448e-01  6.75181174e-07 
 1.50300000e-10  1.10000000e+00  1.05833008e+00  8.99941815e-02  2.24299885e-01  6.72921788e-07 
 1.50500000e-10  1.10000000e+00  1.05892382e+00  8.88526790e-02  2.21629064e-01  6.61649163e-07 
 1.50700000e-10  1.10000000e+00  1.05950888e+00  8.77261268e-02  2.18988674e-01  6.59529001e-07 
 1.50900000e-10  1.10000000e+00  1.06008538e+00  8.66142950e-02  2.16378408e-01  6.48538748e-07 
 1.51100000e-10  1.10000000e+00  1.06065347e+00  8.55169959e-02  2.13797957e-01  6.46548034e-07 
 1.51300000e-10  1.10000000e+00  1.06121325e+00  8.44340075e-02  2.11247017e-01  6.35826200e-07 
 1.51500000e-10  1.10000000e+00  1.06176487e+00  8.33651479e-02  2.08725286e-01  6.33956194e-07 
 1.51700000e-10  1.10000000e+00  1.06230844e+00  8.23102027e-02  2.06232462e-01  6.23489977e-07 
 1.51900000e-10  1.10000000e+00  1.06284409e+00  8.12689958e-02  2.03768247e-01  6.21732845e-07 
 1.52100000e-10  1.10000000e+00  1.06337192e+00  8.02413198e-02  2.01332344e-01  6.11510461e-07 
 1.52300000e-10  1.10000000e+00  1.06389207e+00  7.92270040e-02  1.98924459e-01  6.09859166e-07 
 1.52500000e-10  1.10000000e+00  1.06440465e+00  7.82258481e-02  1.96544300e-01  5.99869743e-07 
 1.52700000e-10  1.10000000e+00  1.06490977e+00  7.72376862e-02  1.94191577e-01  5.98317951e-07 
 1.52900000e-10  1.10000000e+00  1.06540754e+00  7.62623248e-02  1.91866001e-01  5.88551427e-07 
 1.53100000e-10  1.10000000e+00  1.06589808e+00  7.52996028e-02  1.89567287e-01  5.87093421e-07 
 1.53300000e-10  1.10000000e+00  1.06638149e+00  7.43493331e-02  1.87295152e-01  5.77540460e-07 
 1.53500000e-10  1.10000000e+00  1.06685787e+00  7.34113592e-02  1.85049315e-01  5.76171070e-07 
 1.53700000e-10  1.10000000e+00  1.06732734e+00  7.24855002e-02  1.82829495e-01  5.66822986e-07 
 1.53900000e-10  1.10000000e+00  1.06779000e+00  7.15716039e-02  1.80635417e-01  5.65537525e-07 
 1.54100000e-10  1.10000000e+00  1.06824595e+00  7.06694953e-02  1.78466806e-01  5.56386221e-07 
 1.54300000e-10  1.10000000e+00  1.06869529e+00  6.97790265e-02  1.76323389e-01  5.55180430e-07 
 1.54500000e-10  1.10000000e+00  1.06913812e+00  6.89000282e-02  1.74204897e-01  5.46218335e-07 
 1.54700000e-10  1.10000000e+00  1.06957454e+00  6.80323565e-02  1.72111061e-01  5.45088339e-07 
 1.54900000e-10  1.10000000e+00  1.07000464e+00  6.71758475e-02  1.70041616e-01  5.36308361e-07 
 1.55100000e-10  1.10000000e+00  1.07042851e+00  6.63303614e-02  1.67996299e-01  5.35250621e-07 
 1.55300000e-10  1.10000000e+00  1.07084625e+00  6.54957393e-02  1.65974849e-01  5.26646101e-07 
 1.55500000e-10  1.10000000e+00  1.07125796e+00  6.46718453e-02  1.63977006e-01  5.25657384e-07 
 1.55700000e-10  1.10000000e+00  1.07166371e+00  6.38585257e-02  1.62002515e-01  5.17222058e-07 
 1.55900000e-10  1.10000000e+00  1.07206361e+00  6.30556479e-02  1.60051120e-01  5.16299400e-07 
 1.56100000e-10  1.10000000e+00  1.07245773e+00  6.22630633e-02  1.58122570e-01  5.08027363e-07 
 1.56300000e-10  1.10000000e+00  1.07284616e+00  6.14806428e-02  1.56216615e-01  5.07168046e-07 
 1.56500000e-10  1.10000000e+00  1.07322898e+00  6.07082424e-02  1.54333008e-01  4.99053722e-07 
 1.56700000e-10  1.10000000e+00  1.07360629e+00  5.99457363e-02  1.52471503e-01  4.98255243e-07 
 1.56900000e-10  1.10000000e+00  1.07397816e+00  5.91929853e-02  1.50631856e-01  4.90293357e-07 
 1.57100000e-10  1.10000000e+00  1.07434467e+00  5.84498667e-02  1.48813828e-01  4.89553412e-07 
 1.57300000e-10  1.10000000e+00  1.07470590e+00  5.77162456e-02  1.47017179e-01  4.81738966e-07 
 1.57500000e-10  1.10000000e+00  1.07506193e+00  5.69920026e-02  1.45241673e-01  4.81055427e-07 
 1.57700000e-10  1.10000000e+00  1.07541284e+00  5.62770069e-02  1.43487076e-01  4.73383678e-07 
 1.57900000e-10  1.10000000e+00  1.07575870e+00  5.55711422e-02  1.41753155e-01  4.72754578e-07 
 1.58100000e-10  1.10000000e+00  1.07609958e+00  5.48742818e-02  1.40039681e-01  4.65221016e-07 
 1.58300000e-10  1.10000000e+00  1.07643557e+00  5.41863123e-02  1.38346426e-01  4.64644532e-07 
 1.58500000e-10  1.10000000e+00  1.07676672e+00  5.35071111e-02  1.36673164e-01  4.57244867e-07 
 1.58700000e-10  1.10000000e+00  1.07709313e+00  5.28365674e-02  1.35019672e-01  4.56719308e-07 
 1.58900000e-10  1.10000000e+00  1.07741484e+00  5.21745624e-02  1.33385730e-01  4.49449451e-07 
 1.59100000e-10  1.10000000e+00  1.07773194e+00  5.15209883e-02  1.31771117e-01  4.48973243e-07 
 1.59300000e-10  1.10000000e+00  1.07804448e+00  5.08757300e-02  1.30175617e-01  4.41829289e-07 
 1.59500000e-10  1.10000000e+00  1.07835255e+00  5.02386821e-02  1.28599014e-01  4.41400970e-07 
 1.59700000e-10  1.10000000e+00  1.07865620e+00  4.96097332e-02  1.27041097e-01  4.34379190e-07 
 1.59900000e-10  1.10000000e+00  1.07895550e+00  4.89887804e-02  1.25501655e-01  4.33997393e-07 
 1.60100000e-10  1.10000000e+00  1.07925050e+00  4.83757160e-02  1.23980479e-01  4.27094221e-07 
 1.60300000e-10  1.10000000e+00  1.07954129e+00  4.77704395e-02  1.22477362e-01  4.26757668e-07 
 1.60500000e-10  1.10000000e+00  1.07982791e+00  4.71728463e-02  1.20992100e-01  4.19969686e-07 
 1.60700000e-10  1.10000000e+00  1.08011043e+00  4.65828385e-02  1.19524491e-01  4.19677185e-07 
 1.60900000e-10  1.10000000e+00  1.08038891e+00  4.60003149e-02  1.18074334e-01  4.13001118e-07 
 1.61100000e-10  1.10000000e+00  1.08066341e+00  4.54251798e-02  1.16641431e-01  4.12751546e-07 
 1.61300000e-10  1.10000000e+00  1.08093398e+00  4.48573350e-02  1.15225586e-01  4.06184252e-07 
 1.61500000e-10  1.10000000e+00  1.08120068e+00  4.42966873e-02  1.13826605e-01  4.05976559e-07 
 1.61700000e-10  1.10000000e+00  1.08146358e+00  4.37431415e-02  1.12444294e-01  3.99515018e-07 
 1.61900000e-10  1.10000000e+00  1.08172272e+00  4.31966063e-02  1.11078464e-01  3.99348212e-07 
 1.62100000e-10  1.10000000e+00  1.08197816e+00  4.26569899e-02  1.09728926e-01  3.92989521e-07 
 1.62300000e-10  1.10000000e+00  1.08222996e+00  4.21242030e-02  1.08395494e-01  3.92862670e-07 
 1.62500000e-10  1.10000000e+00  1.08247816e+00  4.15981565e-02  1.07077983e-01  3.86604035e-07 
 1.62700000e-10  1.10000000e+00  1.08272283e+00  4.10787633e-02  1.05776210e-01  3.86516258e-07 
 1.62900000e-10  1.10000000e+00  1.08296401e+00  4.05659370e-02  1.04489995e-01  3.80354989e-07 
 1.63100000e-10  1.10000000e+00  1.08320175e+00  4.00595925e-02  1.03219159e-01  3.80305453e-07 
 1.63300000e-10  1.10000000e+00  1.08343610e+00  3.95596463e-02  1.01963524e-01  3.74238956e-07 
 1.63500000e-10  1.10000000e+00  1.08366711e+00  3.90660150e-02  1.00722916e-01  3.74226872e-07 
 1.63700000e-10  1.10000000e+00  1.08389484e+00  3.85786178e-02  9.94971619e-02  3.68252645e-07 
 1.63900000e-10  1.10000000e+00  1.08411932e+00  3.80973732e-02  9.82860893e-02  3.68277263e-07 
 1.64100000e-10  1.10000000e+00  1.08434062e+00  3.76222029e-02  9.70895289e-02  3.62392891e-07 
 1.64300000e-10  1.10000000e+00  1.08455876e+00  3.71530272e-02  9.59073128e-02  3.62453500e-07 
 1.64500000e-10  1.10000000e+00  1.08477380e+00  3.66897704e-02  9.47392749e-02  3.56656649e-07 
 1.64700000e-10  1.10000000e+00  1.08498579e+00  3.62323545e-02  9.35852509e-02  3.56752571e-07 
 1.64900000e-10  1.10000000e+00  1.08519476e+00  3.57807062e-02  9.24450782e-02  3.51040984e-07 
 1.65100000e-10  1.10000000e+00  1.08540076e+00  3.53347491e-02  9.13185960e-02  3.51171572e-07 
 1.65300000e-10  1.10000000e+00  1.08560384e+00  3.48944123e-02  9.02056452e-02  3.45543067e-07 
 1.65500000e-10  1.10000000e+00  1.08580404e+00  3.44596212e-02  8.91060684e-02  3.45707703e-07 
 1.65700000e-10  1.10000000e+00  1.08600139e+00  3.40303071e-02  8.80197099e-02  3.40160168e-07 
 1.65900000e-10  1.10000000e+00  1.08619595e+00  3.36063969e-02  8.69464157e-02  3.40358261e-07 
 1.66100000e-10  1.10000000e+00  1.08638774e+00  3.31878241e-02  8.58860334e-02  3.34889649e-07 
 1.66300000e-10  1.10000000e+00  1.08657682e+00  3.27745172e-02  8.48384123e-02  3.35120632e-07 
 1.66500000e-10  1.10000000e+00  1.08676322e+00  3.23664120e-02  8.38034035e-02  3.29728960e-07 
 1.66700000e-10  1.10000000e+00  1.08694697e+00  3.19634384e-02  8.27808594e-02  3.29992289e-07 
 1.66900000e-10  1.10000000e+00  1.08712812e+00  3.15655342e-02  8.17706341e-02  3.24675634e-07 
 1.67100000e-10  1.10000000e+00  1.08730671e+00  3.11726309e-02  8.07725836e-02  3.24970784e-07 
 1.67300000e-10  1.10000000e+00  1.08748277e+00  3.07846682e-02  7.97865651e-02  3.19727281e-07 
 1.67500000e-10  1.10000000e+00  1.08765634e+00  3.04015791e-02  7.88124376e-02  3.20053749e-07 
 1.67700000e-10  1.10000000e+00  1.08782745e+00  3.00233052e-02  7.78500614e-02  3.14881586e-07 
 1.67900000e-10  1.10000000e+00  1.08799614e+00  2.96497810e-02  7.68992987e-02  3.15238886e-07 
 1.68100000e-10  1.10000000e+00  1.08816245e+00  2.92809500e-02  7.59600129e-02  3.10136304e-07 
 1.68300000e-10  1.10000000e+00  1.08832640e+00  2.89167479e-02  7.50320690e-02  3.10523967e-07 
 1.68500000e-10  1.10000000e+00  1.08848804e+00  2.85571203e-02  7.41153337e-02  3.05489258e-07 
 1.68700000e-10  1.10000000e+00  1.08864739e+00  2.82020040e-02  7.32096749e-02  3.05906827e-07 
 1.68900000e-10  1.10000000e+00  1.08880450e+00  2.78513464e-02  7.23149620e-02  3.00938331e-07 
 1.69100000e-10  1.10000000e+00  1.08895939e+00  2.75050857e-02  7.14310660e-02  3.01385367e-07 
 1.69300000e-10  1.10000000e+00  1.08911209e+00  2.71631710e-02  7.05578593e-02  2.96481467e-07 
 1.69500000e-10  1.10000000e+00  1.08926263e+00  2.68255418e-02  6.96952157e-02  2.96957544e-07 
 1.69700000e-10  1.10000000e+00  1.08941105e+00  2.64921488e-02  6.88430104e-02  2.92116670e-07 
 1.69900000e-10  1.10000000e+00  1.08955738e+00  2.61629326e-02  6.80011199e-02  2.92621372e-07 
 1.70100000e-10  1.10000000e+00  1.08970165e+00  2.58378459e-02  6.71694222e-02  2.87841995e-07 
 1.70300000e-10  1.10000000e+00  1.08984388e+00  2.55168303e-02  6.63477968e-02  2.88374919e-07 
 1.70500000e-10  1.10000000e+00  1.08998411e+00  2.51998399e-02  6.55361243e-02  2.83655550e-07 
 1.70700000e-10  1.10000000e+00  1.09012237e+00  2.48868177e-02  6.47342868e-02  2.84216303e-07 
 1.70900000e-10  1.10000000e+00  1.09025867e+00  2.45777194e-02  6.39421676e-02  2.79555494e-07 
 1.71100000e-10  1.10000000e+00  1.09039306e+00  2.42724889e-02  6.31596515e-02  2.80143693e-07 
 1.71300000e-10  1.10000000e+00  1.09052556e+00  2.39710836e-02  6.23866245e-02  2.75540031e-07 
 1.71500000e-10  1.10000000e+00  1.09065619e+00  2.36734483e-02  6.16229738e-02  2.76155304e-07 
 1.71700000e-10  1.10000000e+00  1.09078499e+00  2.33795420e-02  6.08685881e-02  2.71607412e-07 
 1.71900000e-10  1.10000000e+00  1.09091197e+00  2.30893106e-02  6.01233571e-02  2.72249394e-07 
 1.72100000e-10  1.10000000e+00  1.09103717e+00  2.28027143e-02  5.93871721e-02  2.67755932e-07 
 1.72300000e-10  1.10000000e+00  1.09116061e+00  2.25197003e-02  5.86599253e-02  2.68424265e-07 
 1.72500000e-10  1.10000000e+00  1.09128232e+00  2.22402302e-02  5.79415102e-02  2.63983926e-07 
 1.72700000e-10  1.10000000e+00  1.09140231e+00  2.19642520e-02  5.72318217e-02  2.64678263e-07 
 1.72900000e-10  1.10000000e+00  1.09152063e+00  2.16917287e-02  5.65307558e-02  2.60289769e-07 
 1.73100000e-10  1.10000000e+00  1.09163728e+00  2.14226093e-02  5.58382095e-02  2.61009768e-07 
 1.73300000e-10  1.10000000e+00  1.09175229e+00  2.11568582e-02  5.51540813e-02  2.56671877e-07 
 1.73500000e-10  1.10000000e+00  1.09186569e+00  2.08944253e-02  5.44782706e-02  2.57417204e-07 
 1.73700000e-10  1.10000000e+00  1.09197750e+00  2.06352762e-02  5.38106781e-02  2.53128701e-07 
 1.73900000e-10  1.10000000e+00  1.09208774e+00  2.03793618e-02  5.31512056e-02  2.53899026e-07 
 1.74100000e-10  1.10000000e+00  1.09219644e+00  2.01266490e-02  5.24997561e-02  2.49658727e-07 
 1.74300000e-10  1.10000000e+00  1.09230362e+00  1.98770894e-02  5.18562336e-02  2.50453730e-07 
 1.74500000e-10  1.10000000e+00  1.09240929e+00  1.96306513e-02  5.12205433e-02  2.46260477e-07 
 1.74700000e-10  1.10000000e+00  1.09251348e+00  1.93872872e-02  5.05925913e-02  2.47079841e-07 
 1.74900000e-10  1.10000000e+00  1.09261621e+00  1.91469664e-02  4.99722851e-02  2.42932505e-07 
 1.75100000e-10  1.10000000e+00  1.09271751e+00  1.89096424e-02  4.93595330e-02  2.43775919e-07 
 1.75300000e-10  1.10000000e+00  1.09281739e+00  1.86752855e-02  4.87542445e-02  2.39673398e-07 
 1.75500000e-10  1.10000000e+00  1.09291587e+00  1.84438502e-02  4.81563301e-02  2.40540558e-07 
 1.75700000e-10  1.10000000e+00  1.09301297e+00  1.82153079e-02  4.75657014e-02  2.36481773e-07 
 1.75900000e-10  1.10000000e+00  1.09310872e+00  1.79896138e-02  4.69822709e-02  2.37372377e-07 
 1.76100000e-10  1.10000000e+00  1.09320312e+00  1.77667404e-02  4.64059522e-02  2.33356278e-07 
 1.76300000e-10  1.10000000e+00  1.09329621e+00  1.75466437e-02  4.58366599e-02  2.34270031e-07 
 1.76500000e-10  1.10000000e+00  1.09338800e+00  1.73292974e-02  4.52743096e-02  2.30295588e-07 
 1.76700000e-10  1.10000000e+00  1.09347851e+00  1.71146581e-02  4.47188179e-02  2.31232199e-07 
 1.76900000e-10  1.10000000e+00  1.09356775e+00  1.69027006e-02  4.41701023e-02  2.27298407e-07 
 1.77100000e-10  1.10000000e+00  1.09365574e+00  1.66933822e-02  4.36280813e-02  2.28257590e-07 
 1.77300000e-10  1.10000000e+00  1.09374251e+00  1.64866786e-02  4.30926743e-02  2.24363468e-07 
 1.77500000e-10  1.10000000e+00  1.09382807e+00  1.62825481e-02  4.25638018e-02  2.25344940e-07 
 1.77700000e-10  1.10000000e+00  1.09391243e+00  1.60809672e-02  4.20413851e-02  2.21489527e-07 
 1.77900000e-10  1.10000000e+00  1.09399562e+00  1.58818948e-02  4.15253464e-02  2.22493012e-07 
 1.78100000e-10  1.10000000e+00  1.09407765e+00  1.56853087e-02  4.10156089e-02  2.18675369e-07 
 1.78300000e-10  1.10000000e+00  1.09415853e+00  1.54911682e-02  4.05120966e-02  2.19700591e-07 
 1.78500000e-10  1.10000000e+00  1.09423829e+00  1.52994520e-02  4.00147345e-02  2.15919801e-07 
 1.78700000e-10  1.10000000e+00  1.09431694e+00  1.51101202e-02  3.95234484e-02  2.16966491e-07 
 1.78900000e-10  1.10000000e+00  1.09439449e+00  1.49231524e-02  3.90381650e-02  2.13221657e-07 
 1.79100000e-10  1.10000000e+00  1.09447096e+00  1.47385094e-02  3.85588118e-02  2.14289548e-07 
 1.79300000e-10  1.10000000e+00  1.09454637e+00  1.45561714e-02  3.80853173e-02  2.10579793e-07 
 1.79500000e-10  1.10000000e+00  1.09462073e+00  1.43761002e-02  3.76176108e-02  2.11668621e-07 
 1.79700000e-10  1.10000000e+00  1.09469405e+00  1.41982767e-02  3.71556222e-02  2.07993086e-07 
 1.79900000e-10  1.10000000e+00  1.09476636e+00  1.40226631e-02  3.66992826e-02  2.09102594e-07 
 1.80100000e-10  1.10000000e+00  1.09483766e+00  1.38492415e-02  3.62485236e-02  2.05460439e-07 
 1.80300000e-10  1.10000000e+00  1.09490797e+00  1.36779745e-02  3.58032777e-02  2.06590370e-07 
 1.80500000e-10  1.10000000e+00  1.09497730e+00  1.35088450e-02  3.53634783e-02  2.02980775e-07 
 1.80700000e-10  1.10000000e+00  1.09504566e+00  1.33418164e-02  3.49290596e-02  2.04130877e-07 
 1.80900000e-10  1.10000000e+00  1.09511308e+00  1.31768721e-02  3.44999563e-02  2.00553038e-07 
 1.81100000e-10  1.10000000e+00  1.09517957e+00  1.30139762e-02  3.40761042e-02  2.01723062e-07 
 1.81300000e-10  1.10000000e+00  1.09524513e+00  1.28531129e-02  3.36574396e-02  1.98176193e-07 
 1.81500000e-10  1.10000000e+00  1.09530978e+00  1.26942467e-02  3.32438998e-02  1.99365893e-07 
 1.81700000e-10  1.10000000e+00  1.09537353e+00  1.25373628e-02  3.28354227e-02  1.95849225e-07 
 1.81900000e-10  1.10000000e+00  1.09543640e+00  1.23824261e-02  3.24319469e-02  1.97058359e-07 
 1.82100000e-10  1.10000000e+00  1.09549839e+00  1.22294225e-02  3.20334118e-02  1.93571141e-07 
 1.82300000e-10  1.10000000e+00  1.09555953e+00  1.20783175e-02  3.16397575e-02  1.94799469e-07 
 1.82500000e-10  1.10000000e+00  1.09561982e+00  1.19290977e-02  3.12509248e-02  1.91340963e-07 
 1.82700000e-10  1.10000000e+00  1.09567928e+00  1.17817291e-02  3.08668553e-02  1.92588248e-07 
 1.82900000e-10  1.10000000e+00  1.09573791e+00  1.16361989e-02  3.04874911e-02  1.89157734e-07 
 1.83100000e-10  1.10000000e+00  1.09579573e+00  1.14924738e-02  3.01127752e-02  1.90423745e-07 
 1.83300000e-10  1.10000000e+00  1.09585275e+00  1.13505415e-02  2.97426511e-02  1.87020518e-07 
 1.83500000e-10  1.10000000e+00  1.09590898e+00  1.12103693e-02  2.93770630e-02  1.88305022e-07 
 1.83700000e-10  1.10000000e+00  1.09596443e+00  1.10719455e-02  2.90159560e-02  1.84928393e-07 
 1.83900000e-10  1.10000000e+00  1.09601911e+00  1.09352378e-02  2.86592755e-02  1.86231164e-07 
 1.84100000e-10  1.10000000e+00  1.09607304e+00  1.08002352e-02  2.83069678e-02  1.82880456e-07 
 1.84300000e-10  1.10000000e+00  1.09612622e+00  1.06669060e-02  2.79589797e-02  1.84201269e-07 
 1.84500000e-10  1.10000000e+00  1.09617867e+00  1.05352398e-02  2.76152588e-02  1.80875823e-07 
 1.84700000e-10  1.10000000e+00  1.09623039e+00  1.04052051e-02  2.72757531e-02  1.82214456e-07 
 1.84900000e-10  1.10000000e+00  1.09628140e+00  1.02767923e-02  2.69404115e-02  1.78913624e-07 
 1.85100000e-10  1.10000000e+00  1.09633171e+00  1.01499703e-02  2.66091831e-02  1.80269859e-07 
 1.85300000e-10  1.10000000e+00  1.09638131e+00  1.00247301e-02  2.62820181e-02  1.76993008e-07 
 1.85500000e-10  1.10000000e+00  1.09643024e+00  9.90104115e-03  2.59588670e-02  1.78366629e-07 
 1.85700000e-10  1.10000000e+00  1.09647849e+00  9.77889481e-03  2.56396809e-02  1.75113139e-07 
 1.85900000e-10  1.10000000e+00  1.09652607e+00  9.65826105e-03  2.53244115e-02  1.76503932e-07 
 1.86100000e-10  1.10000000e+00  1.09657300e+00  9.53913179e-03  2.50130112e-02  1.73273197e-07 
 1.86300000e-10  1.10000000e+00  1.09661928e+00  9.42147742e-03  2.47054329e-02  1.74680953e-07 
 1.86500000e-10  1.10000000e+00  1.09666492e+00  9.30529039e-03  2.44016299e-02  1.71472378e-07 
 1.86700000e-10  1.10000000e+00  1.09670993e+00  9.19054148e-03  2.41015564e-02  1.72896888e-07 
 1.86900000e-10  1.10000000e+00  1.09675432e+00  9.07722369e-03  2.38051668e-02  1.69709893e-07 
 1.87100000e-10  1.10000000e+00  1.09679810e+00  8.96530819e-03  2.35124163e-02  1.71150952e-07 
 1.87300000e-10  1.10000000e+00  1.09684128e+00  8.85478847e-03  2.32232605e-02  1.67984968e-07 
 1.87500000e-10  1.10000000e+00  1.09688387e+00  8.74563612e-03  2.29376556e-02  1.69442375e-07 
 1.87700000e-10  1.10000000e+00  1.09692586e+00  8.63784509e-03  2.26555582e-02  1.66296844e-07 
 1.87900000e-10  1.10000000e+00  1.09696728e+00  8.53138738e-03  2.23769257e-02  1.67770398e-07 
 1.88100000e-10  1.10000000e+00  1.09700813e+00  8.42625741e-03  2.21017158e-02  1.64644777e-07 
 1.88300000e-10  1.10000000e+00  1.09704842e+00  8.32242755e-03  2.18298866e-02  1.66134281e-07 
 1.88500000e-10  1.10000000e+00  1.09708815e+00  8.21989268e-03  2.15613970e-02  1.63028034e-07 
 1.88700000e-10  1.10000000e+00  1.09712734e+00  8.11862554e-03  2.12962061e-02  1.64533294e-07 
 1.88900000e-10  1.10000000e+00  1.09716598e+00  8.01862147e-03  2.10342738e-02  1.61445900e-07 
 1.89100000e-10  1.10000000e+00  1.09720410e+00  7.91985356e-03  2.07755602e-02  1.62966723e-07 
 1.89300000e-10  1.10000000e+00  1.09724169e+00  7.82231758e-03  2.05200260e-02  1.59897671e-07 
 1.89500000e-10  1.10000000e+00  1.09727877e+00  7.72598699e-03  2.02676325e-02  1.61433869e-07 
 1.89700000e-10  1.10000000e+00  1.09731534e+00  7.63085797e-03  2.00183412e-02  1.58382658e-07 
 1.89900000e-10  1.10000000e+00  1.09735141e+00  7.53690434e-03  1.97721143e-02  1.59934043e-07 
 1.90100000e-10  1.10000000e+00  1.09738698e+00  7.44412268e-03  1.95289143e-02  1.56900183e-07 
 1.90300000e-10  1.10000000e+00  1.09742206e+00  7.35248715e-03  1.92887042e-02  1.58466572e-07 
 1.90500000e-10  1.10000000e+00  1.09745666e+00  7.26199471e-03  1.90514475e-02  1.55449584e-07 
 1.90700000e-10  1.10000000e+00  1.09749079e+00  7.17261988e-03  1.88171081e-02  1.57030794e-07 
 1.90900000e-10  1.10000000e+00  1.09752445e+00  7.08436001e-03  1.85856503e-02  1.54030208e-07 
 1.91100000e-10  1.10000000e+00  1.09755764e+00  6.99718993e-03  1.83570389e-02  1.55626060e-07 
 1.91300000e-10  1.10000000e+00  1.09759039e+00  6.91110736e-03  1.81312391e-02  1.52641417e-07 
 1.91500000e-10  1.10000000e+00  1.09762268e+00  6.82608746e-03  1.79082165e-02  1.54251734e-07 
 1.91700000e-10  1.10000000e+00  1.09765453e+00  6.74212831e-03  1.76879371e-02  1.51282584e-07 
 1.91900000e-10  1.10000000e+00  1.09768595e+00  6.65920538e-03  1.74703674e-02  1.52907192e-07 
 1.92100000e-10  1.10000000e+00  1.09771693e+00  6.57731711e-03  1.72554742e-02  1.49953095e-07 
 1.92300000e-10  1.10000000e+00  1.09774750e+00  6.49643928e-03  1.70432248e-02  1.51591822e-07 
 1.92500000e-10  1.10000000e+00  1.09777764e+00  6.41657065e-03  1.68335868e-02  1.48652346e-07 
 1.92700000e-10  1.10000000e+00  1.09780737e+00  6.33768732e-03  1.66265282e-02  1.50305023e-07 
 1.92900000e-10  1.10000000e+00  1.09783669e+00  6.25978839e-03  1.64220175e-02  1.47379748e-07 
 1.93100000e-10  1.10000000e+00  1.09786562e+00  6.18285024e-03  1.62200235e-02  1.49046206e-07 
 1.93300000e-10  1.10000000e+00  1.09789414e+00  6.10687228e-03  1.60205153e-02  1.46134718e-07 
 1.93500000e-10  1.10000000e+00  1.09792228e+00  6.03183120e-03  1.58234626e-02  1.47814794e-07 
 1.93700000e-10  1.10000000e+00  1.09795004e+00  5.95772672e-03  1.56288352e-02  1.44916690e-07 
 1.93900000e-10  1.10000000e+00  1.09797741e+00  5.88453580e-03  1.54366034e-02  1.46610219e-07 
 1.94100000e-10  1.10000000e+00  1.09800441e+00  5.81225848e-03  1.52467379e-02  1.43725104e-07 
 1.94300000e-10  1.10000000e+00  1.09803104e+00  5.74087199e-03  1.50592098e-02  1.45431927e-07 
 1.94500000e-10  1.10000000e+00  1.09805731e+00  5.67037666e-03  1.48739902e-02  1.42559413e-07 
 1.94700000e-10  1.10000000e+00  1.09808322e+00  5.60074999e-03  1.46910511e-02  1.44279373e-07 
 1.94900000e-10  1.10000000e+00  1.09810878e+00  5.53199260e-03  1.45103644e-02  1.41419082e-07 
 1.95100000e-10  1.10000000e+00  1.09813399e+00  5.46408226e-03  1.43319024e-02  1.43152021e-07 
 1.95300000e-10  1.10000000e+00  1.09815885e+00  5.39701985e-03  1.41556381e-02  1.40303583e-07 
 1.95500000e-10  1.10000000e+00  1.09818337e+00  5.33078343e-03  1.39815443e-02  1.42049349e-07 
 1.95700000e-10  1.10000000e+00  1.09820756e+00  5.26537413e-03  1.38095945e-02  1.39212400e-07 
 1.95900000e-10  1.10000000e+00  1.09823143e+00  5.20077026e-03  1.36397623e-02  1.40970842e-07 
 1.96100000e-10  1.10000000e+00  1.09825496e+00  5.13697322e-03  1.34720219e-02  1.38145028e-07 
 1.96300000e-10  1.10000000e+00  1.09827818e+00  5.07396157e-03  1.33063476e-02  1.39915997e-07 
 1.96500000e-10  1.10000000e+00  1.09830108e+00  5.01173697e-03  1.31427140e-02  1.37100971e-07 
 1.96700000e-10  1.10000000e+00  1.09832366e+00  4.95027820e-03  1.29810960e-02  1.38884319e-07 
 1.96900000e-10  1.10000000e+00  1.09834594e+00  4.88958719e-03  1.28214690e-02  1.36079740e-07 
 1.97100000e-10  1.10000000e+00  1.09836792e+00  4.82964296e-03  1.26638085e-02  1.37875323e-07 
 1.97300000e-10  1.10000000e+00  1.09838960e+00  4.77044765e-03  1.25080905e-02  1.35080861e-07 
 1.97500000e-10  1.10000000e+00  1.09841098e+00  4.71198055e-03  1.23542909e-02  1.36888536e-07 
 1.97700000e-10  1.10000000e+00  1.09843207e+00  4.65424402e-03  1.22023864e-02  1.34103864e-07 
 1.97900000e-10  1.10000000e+00  1.09845288e+00  4.59721756e-03  1.20523536e-02  1.35923491e-07 
 1.98100000e-10  1.10000000e+00  1.09847340e+00  4.54090378e-03  1.19041696e-02  1.33148291e-07 
 1.98300000e-10  1.10000000e+00  1.09849365e+00  4.48528241e-03  1.17578116e-02  1.34979731e-07 
 1.98500000e-10  1.10000000e+00  1.09851361e+00  4.43035625e-03  1.16132573e-02  1.32213692e-07 
 1.98700000e-10  1.10000000e+00  1.09853331e+00  4.37610527e-03  1.14704845e-02  1.34056809e-07 
 1.98900000e-10  1.10000000e+00  1.09855274e+00  4.32253248e-03  1.13294714e-02  1.31299627e-07 
 1.99100000e-10  1.10000000e+00  1.09857191e+00  4.26961805e-03  1.11901962e-02  1.33154286e-07 
 1.99300000e-10  1.10000000e+00  1.09859081e+00  4.21736522e-03  1.10526377e-02  1.30405663e-07 
 1.99500000e-10  1.10000000e+00  1.09860946e+00  4.16575436e-03  1.09167747e-02  1.32271733e-07 
 1.99700000e-10  1.10000000e+00  1.09862786e+00  4.11478890e-03  1.07825866e-02  1.29531376e-07 
 1.99900000e-10  1.10000000e+00  1.09864601e+00  4.06444944e-03  1.06500526e-02  1.31408726e-07 
 2.00100000e-10  1.10000000e+00  1.09866391e+00  4.01473958e-03  1.05191524e-02  1.28676352e-07 
 2.00300000e-10  1.10000000e+00  1.09868157e+00  3.96564014e-03  1.03898660e-02  1.30564854e-07 
 2.00500000e-10  1.10000000e+00  1.09869899e+00  3.91715490e-03  1.02621736e-02  1.27840182e-07 
 2.00700000e-10  1.10000000e+00  1.09871617e+00  3.86926487e-03  1.01360555e-02  1.29739709e-07 
 2.00900000e-10  1.10000000e+00  1.09873312e+00  3.82197403e-03  1.00114924e-02  1.27022469e-07 
 2.01100000e-10  1.10000000e+00  1.09874984e+00  3.77526358e-03  9.88846518e-03  1.28932897e-07 
 2.01300000e-10  1.10000000e+00  1.09876634e+00  3.72913766e-03  9.76695500e-03  1.26222820e-07 
 2.01500000e-10  1.10000000e+00  1.09878261e+00  3.68357769e-03  9.64694317e-03  1.28144026e-07 
 2.01700000e-10  1.10000000e+00  1.09879866e+00  3.63858796e-03  9.52841128e-03  1.25440852e-07 
 2.01900000e-10  1.10000000e+00  1.09881449e+00  3.59415007e-03  9.41134114e-03  1.27372717e-07 
 2.02100000e-10  1.10000000e+00  1.09883011e+00  3.55026850e-03  9.29571476e-03  1.24676190e-07 
 2.02300000e-10  1.10000000e+00  1.09884552e+00  3.50692502e-03  9.18151441e-03  1.26618594e-07 
 2.02500000e-10  1.10000000e+00  1.09886072e+00  3.46412427e-03  9.06872253e-03  1.23928466e-07 
 2.02700000e-10  1.10000000e+00  1.09887571e+00  3.42184821e-03  8.95732181e-03  1.25881292e-07 
 2.02900000e-10  1.10000000e+00  1.09889050e+00  3.38010162e-03  8.84729514e-03  1.23197318e-07 
 2.03100000e-10  1.10000000e+00  1.09890510e+00  3.33886665e-03  8.73862561e-03  1.25160451e-07 
 2.03300000e-10  1.10000000e+00  1.09891949e+00  3.29814822e-03  8.63129654e-03  1.22482392e-07 
 2.03500000e-10  1.10000000e+00  1.09893369e+00  3.25792867e-03  8.52529143e-03  1.24455719e-07 
 2.03700000e-10  1.10000000e+00  1.09894770e+00  3.21821304e-03  8.42059399e-03  1.21783343e-07 
 2.03900000e-10  1.10000000e+00  1.09896152e+00  3.17898386e-03  8.31718814e-03  1.23766753e-07 
 2.04100000e-10  1.10000000e+00  1.09897515e+00  3.14024631e-03  8.21505798e-03  1.21099830e-07 
 2.04300000e-10  1.10000000e+00  1.09898860e+00  3.10198308e-03  8.11418782e-03  1.23093212e-07 
 2.04500000e-10  1.10000000e+00  1.09900187e+00  3.06419948e-03  8.01456214e-03  1.20431522e-07 
 2.04700000e-10  1.10000000e+00  1.09901496e+00  3.02687839e-03  7.91616564e-03  1.22434768e-07 
 2.04900000e-10  1.10000000e+00  1.09902787e+00  2.99002523e-03  7.81898319e-03  1.19778090e-07 
 2.05100000e-10  1.10000000e+00  1.09904061e+00  2.95362304e-03  7.72299984e-03  1.21791095e-07 
 2.05300000e-10  1.10000000e+00  1.09905317e+00  2.91767738e-03  7.62820084e-03  1.19139218e-07 
 2.05500000e-10  1.10000000e+00  1.09906557e+00  2.88217144e-03  7.53457161e-03  1.21161876e-07 
 2.05700000e-10  1.10000000e+00  1.09907780e+00  2.84711091e-03  7.44209774e-03  1.18514590e-07 
 2.05900000e-10  1.10000000e+00  1.09908987e+00  2.81247913e-03  7.35076501e-03  1.20546798e-07 
 2.06100000e-10  1.10000000e+00  1.09910177e+00  2.77828189e-03  7.26055938e-03  1.17903901e-07 
 2.06300000e-10  1.10000000e+00  1.09911351e+00  2.74450272e-03  7.17146696e-03  1.19945558e-07 
 2.06500000e-10  1.10000000e+00  1.09912510e+00  2.71114751e-03  7.08347405e-03  1.17306850e-07 
 2.06700000e-10  1.10000000e+00  1.09913652e+00  2.67819993e-03  6.99656711e-03  1.19357856e-07 
 2.06900000e-10  1.10000000e+00  1.09914780e+00  2.64566599e-03  6.91073277e-03  1.16723143e-07 
 2.07100000e-10  1.10000000e+00  1.09915892e+00  2.61352951e-03  6.82595782e-03  1.18783400e-07 
 2.07300000e-10  1.10000000e+00  1.09916990e+00  2.58179659e-03  6.74222921e-03  1.16152491e-07 
 2.07500000e-10  1.10000000e+00  1.09918072e+00  2.55045121e-03  6.65953406e-03  1.18221903e-07 
 2.07700000e-10  1.10000000e+00  1.09919140e+00  2.51949958e-03  6.57785963e-03  1.15594613e-07 
 2.07900000e-10  1.10000000e+00  1.09920194e+00  2.48892581e-03  6.49719335e-03  1.17673084e-07 
 2.08100000e-10  1.10000000e+00  1.09921233e+00  2.45873621e-03  6.41752281e-03  1.15049230e-07 
 2.08300000e-10  1.10000000e+00  1.09922259e+00  2.42891504e-03  6.33883574e-03  1.17136667e-07 
 2.08500000e-10  1.10000000e+00  1.09923271e+00  2.39946868e-03  6.26112002e-03  1.14516074e-07 
 2.08700000e-10  1.10000000e+00  1.09924269e+00  2.37038156e-03  6.18436368e-03  1.16612384e-07 
 2.08900000e-10  1.10000000e+00  1.09925254e+00  2.34166014e-03  6.10855491e-03  1.13994877e-07 
 2.09100000e-10  1.10000000e+00  1.09926225e+00  2.31328898e-03  6.03368204e-03  1.16099970e-07 
 2.09300000e-10  1.10000000e+00  1.09927184e+00  2.28527464e-03  5.95973352e-03  1.13485381e-07 
 2.09500000e-10  1.10000000e+00  1.09928130e+00  2.25760180e-03  5.88669797e-03  1.15599168e-07 
 2.09700000e-10  1.10000000e+00  1.09929063e+00  2.23027710e-03  5.81456413e-03  1.12987330e-07 
 2.09900000e-10  1.10000000e+00  1.09929983e+00  2.20328538e-03  5.74332091e-03  1.15109723e-07 
 2.10100000e-10  1.10000000e+00  1.09930891e+00  2.17663334e-03  5.67295731e-03  1.12500475e-07 
 2.10300000e-10  1.10000000e+00  1.09931787e+00  2.15030596e-03  5.60346251e-03  1.14631388e-07 
 2.10500000e-10  1.10000000e+00  1.09932671e+00  2.12431001e-03  5.53482579e-03  1.12024573e-07 
 2.10700000e-10  1.10000000e+00  1.09933543e+00  2.09863059e-03  5.46703657e-03  1.14163920e-07 
 2.10900000e-10  1.10000000e+00  1.09934404e+00  2.07327456e-03  5.40008441e-03  1.11559383e-07 
 2.11100000e-10  1.10000000e+00  1.09935253e+00  2.04822716e-03  5.33395899e-03  1.13707081e-07 
 2.11300000e-10  1.10000000e+00  1.09936090e+00  2.02349529e-03  5.26865013e-03  1.11104672e-07 
 2.11500000e-10  1.10000000e+00  1.09936917e+00  1.99906432e-03  5.20414774e-03  1.13260639e-07 
 2.11700000e-10  1.10000000e+00  1.09937732e+00  1.97494123e-03  5.14044190e-03  1.10660211e-07 
 2.11900000e-10  1.10000000e+00  1.09938536e+00  1.95111151e-03  5.07752278e-03  1.12824366e-07 
 2.12100000e-10  1.10000000e+00  1.09939330e+00  1.92758222e-03  5.01538069e-03  1.10225774e-07 
 2.12300000e-10  1.10000000e+00  1.09940113e+00  1.90433895e-03  4.95400603e-03  1.12398038e-07 
 2.12500000e-10  1.10000000e+00  1.09940885e+00  1.88138881e-03  4.89338935e-03  1.09801143e-07 
 2.12700000e-10  1.10000000e+00  1.09941647e+00  1.85871754e-03  4.83352131e-03  1.11981437e-07 
 2.12900000e-10  1.10000000e+00  1.09942399e+00  1.83633230e-03  4.77439267e-03  1.09386101e-07 
 2.13100000e-10  1.10000000e+00  1.09943141e+00  1.81421894e-03  4.71599431e-03  1.11574348e-07 
 2.13300000e-10  1.10000000e+00  1.09943873e+00  1.79238468e-03  4.65831723e-03  1.08980439e-07 
 2.13500000e-10  1.10000000e+00  1.09944596e+00  1.77081549e-03  4.60135254e-03  1.11176563e-07 
 2.13700000e-10  1.10000000e+00  1.09945308e+00  1.74951865e-03  4.54509144e-03  1.08583949e-07 
 2.13900000e-10  1.10000000e+00  1.09946011e+00  1.72848023e-03  4.48952526e-03  1.10787876e-07 
 2.14100000e-10  1.10000000e+00  1.09946705e+00  1.70770756e-03  4.43464543e-03  1.08196431e-07 
 2.14300000e-10  1.10000000e+00  1.09947390e+00  1.68718685e-03  4.38044349e-03  1.10408086e-07 
 2.14500000e-10  1.10000000e+00  1.09948065e+00  1.66692545e-03  4.32691106e-03  1.07817685e-07 
 2.14700000e-10  1.10000000e+00  1.09948731e+00  1.64690968e-03  4.27403991e-03  1.10036998e-07 
 2.14900000e-10  1.10000000e+00  1.09949389e+00  1.62714696e-03  4.22182185e-03  1.07447519e-07 
 2.15100000e-10  1.10000000e+00  1.09950037e+00  1.60762371e-03  4.17024885e-03  1.09674417e-07 
 2.15300000e-10  1.10000000e+00  1.09950677e+00  1.58834739e-03  4.11931295e-03  1.07085743e-07 
 2.15500000e-10  1.10000000e+00  1.09951309e+00  1.56930453e-03  4.06900627e-03  1.09320157e-07 
 2.15700000e-10  1.10000000e+00  1.09951932e+00  1.55050263e-03  4.01932107e-03  1.06732171e-07 
 2.15900000e-10  1.10000000e+00  1.09952547e+00  1.53192833e-03  3.97024967e-03  1.08974032e-07 
 2.16100000e-10  1.10000000e+00  1.09953153e+00  1.51358916e-03  3.92178451e-03  1.06386622e-07 
 2.16300000e-10  1.10000000e+00  1.09953752e+00  1.49547189e-03  3.87391809e-03  1.08635863e-07 
 2.16500000e-10  1.10000000e+00  1.09954342e+00  1.47758407e-03  3.82664304e-03  1.06048919e-07 
 2.16700000e-10  1.10000000e+00  1.09954925e+00  1.45991256e-03  3.77995206e-03  1.08305472e-07 
 2.16900000e-10  1.10000000e+00  1.09955500e+00  1.44246497e-03  3.73383793e-03  1.05718887e-07 
 2.17100000e-10  1.10000000e+00  1.09956067e+00  1.42522826e-03  3.68829355e-03  1.07982687e-07 
 2.17300000e-10  1.10000000e+00  1.09956627e+00  1.40821007e-03  3.64331188e-03  1.05396355e-07 
 2.17500000e-10  1.10000000e+00  1.09957179e+00  1.39139745e-03  3.59888597e-03  1.07667339e-07 
 2.17700000e-10  1.10000000e+00  1.09957724e+00  1.37479807e-03  3.55500898e-03  1.05081158e-07 
 2.17900000e-10  1.10000000e+00  1.09958262e+00  1.35839911e-03  3.51167412e-03  1.07359261e-07 
 2.18100000e-10  1.10000000e+00  1.09958792e+00  1.34220824e-03  3.46887471e-03  1.04773132e-07 
 2.18300000e-10  1.10000000e+00  1.09959315e+00  1.32621274e-03  3.42660413e-03  1.07058292e-07 
 2.18500000e-10  1.10000000e+00  1.09959832e+00  1.31042032e-03  3.38485586e-03  1.04472118e-07 
 2.18700000e-10  1.10000000e+00  1.09960342e+00  1.29481836e-03  3.34362345e-03  1.06764273e-07 
 2.18900000e-10  1.10000000e+00  1.09960844e+00  1.27941458e-03  3.30290054e-03  1.04177959e-07 
 2.19100000e-10  1.10000000e+00  1.09961341e+00  1.26419646e-03  3.26268084e-03  1.06477049e-07 
 2.19300000e-10  1.10000000e+00  1.09961830e+00  1.24917176e-03  3.22295813e-03  1.03890503e-07 
 2.19500000e-10  1.10000000e+00  1.09962313e+00  1.23432804e-03  3.18372628e-03  1.06196468e-07 
 2.19700000e-10  1.10000000e+00  1.09962790e+00  1.21967308e-03  3.14497924e-03  1.03609600e-07 
 2.19900000e-10  1.10000000e+00  1.09963260e+00  1.20519454e-03  3.10671101e-03  1.05922381e-07 
 2.20100000e-10  1.10000000e+00  1.09963725e+00  1.19090022e-03  3.06891569e-03  1.03335103e-07 
 2.20300000e-10  1.10000000e+00  1.09964183e+00  1.17677788e-03  3.03158744e-03  1.05654644e-07 
 2.20500000e-10  1.10000000e+00  1.09964634e+00  1.16283532e-03  2.99472050e-03  1.03066870e-07 
 2.20700000e-10  1.10000000e+00  1.09965080e+00  1.14906040e-03  2.95830916e-03  1.05393113e-07 
 2.20900000e-10  1.10000000e+00  1.09965520e+00  1.13546095e-03  2.92234780e-03  1.02804760e-07 
 2.21100000e-10  1.10000000e+00  1.09965954e+00  1.12202491e-03  2.88683087e-03  1.05137649e-07 
 2.21300000e-10  1.10000000e+00  1.09966383e+00  1.10876011e-03  2.85175289e-03  1.02548636e-07 
 2.21500000e-10  1.10000000e+00  1.09966806e+00  1.09565460e-03  2.81710842e-03  1.04888116e-07 
 2.21700000e-10  1.10000000e+00  1.09967223e+00  1.08271622e-03  2.78289212e-03  1.02298364e-07 
 2.21900000e-10  1.10000000e+00  1.09967634e+00  1.06993311e-03  2.74909871e-03  1.04644381e-07 
 2.22100000e-10  1.10000000e+00  1.09968040e+00  1.05731312e-03  2.71572295e-03  1.02053813e-07 
 2.22300000e-10  1.10000000e+00  1.09968441e+00  1.04484447e-03  2.68275970e-03  1.04406314e-07 
 2.22500000e-10  1.10000000e+00  1.09968837e+00  1.03253503e-03  2.65020386e-03  1.01814853e-07 
 2.22700000e-10  1.10000000e+00  1.09969227e+00  1.02037310e-03  2.61805040e-03  1.04173786e-07 
 2.22900000e-10  1.10000000e+00  1.09969612e+00  1.00836657e-03  2.58629435e-03  1.01581361e-07 
 2.23100000e-10  1.10000000e+00  1.09969992e+00  9.96503811e-04  2.55493080e-03  1.03946673e-07 
 2.23300000e-10  1.10000000e+00  1.09970367e+00  9.84792729e-04  2.52395491e-03  1.01353212e-07 
 2.23500000e-10  1.10000000e+00  1.09970737e+00  9.73221784e-04  2.49336189e-03  1.03724853e-07 
 2.23700000e-10  1.10000000e+00  1.09971102e+00  9.61798880e-04  2.46314701e-03  1.01130286e-07 
 2.23900000e-10  1.10000000e+00  1.09971462e+00  9.50512565e-04  2.43330559e-03  1.03508206e-07 
 2.24100000e-10  1.10000000e+00  1.09971818e+00  9.39370747e-04  2.40383304e-03  1.00912466e-07 
 2.24300000e-10  1.10000000e+00  1.09972169e+00  9.28362056e-04  2.37472479e-03  1.03296616e-07 
 2.24500000e-10  1.10000000e+00  1.09972515e+00  9.17494406e-04  2.34597634e-03  1.00699636e-07 
 2.24700000e-10  1.10000000e+00  1.09972856e+00  9.06756509e-04  2.31758326e-03  1.03089967e-07 
 2.24900000e-10  1.10000000e+00  1.09973193e+00  8.96156279e-04  2.28954114e-03  1.00491685e-07 
 2.25100000e-10  1.10000000e+00  1.09973526e+00  8.85682510e-04  2.26184566e-03  1.02888149e-07 
 2.25300000e-10  1.10000000e+00  1.09973854e+00  8.75343119e-04  2.23449253e-03  1.00288501e-07 
 2.25500000e-10  1.10000000e+00  1.09974178e+00  8.65126979e-04  2.20747753e-03  1.02691052e-07 
 2.25700000e-10  1.10000000e+00  1.09974498e+00  8.55042007e-04  2.18079648e-03  1.00089978e-07 
 2.25900000e-10  1.10000000e+00  1.09974813e+00  8.45077157e-04  2.15444526e-03  1.02498568e-07 
 2.26100000e-10  1.10000000e+00  1.09975125e+00  8.35240344e-04  2.12841978e-03  9.98960093e-08 
 2.26300000e-10  1.10000000e+00  1.09975432e+00  8.25520598e-04  2.10271603e-03  1.02310593e-07 
 2.26500000e-10  1.10000000e+00  1.09975735e+00  8.15925836e-04  2.07733004e-03  9.97064922e-08 
 2.26700000e-10  1.10000000e+00  1.09976034e+00  8.06445165e-04  2.05225787e-03  1.02127026e-07 
 2.26900000e-10  1.10000000e+00  1.09976329e+00  7.97086498e-04  2.02749565e-03  9.95213262e-08 
 2.27100000e-10  1.10000000e+00  1.09976620e+00  7.87839018e-04  2.00303955e-03  1.01947765e-07 
 2.27300000e-10  1.10000000e+00  1.09976908e+00  7.78710635e-04  1.97888580e-03  9.93404126e-08 
 2.27500000e-10  1.10000000e+00  1.09977192e+00  7.69690608e-04  1.95503064e-03  1.01772712e-07 
 2.27700000e-10  1.10000000e+00  1.09977471e+00  7.60786843e-04  1.93147041e-03  9.91636547e-08 
 2.27900000e-10  1.10000000e+00  1.09977748e+00  7.51988672e-04  1.90820145e-03  1.01601773e-07 
 2.28100000e-10  1.10000000e+00  1.09978020e+00  7.43303997e-04  1.88522016e-03  9.89909586e-08 
 2.28300000e-10  1.10000000e+00  1.09978289e+00  7.34722224e-04  1.86252299e-03  1.01434853e-07 
 2.28500000e-10  1.10000000e+00  1.09978555e+00  7.26251247e-04  1.84010643e-03  9.88222320e-08 
 2.28700000e-10  1.10000000e+00  1.09978817e+00  7.17880547e-04  1.81796701e-03  1.01271860e-07 
 2.28900000e-10  1.10000000e+00  1.09979075e+00  7.09618010e-04  1.79610131e-03  9.86573845e-08 
 2.29100000e-10  1.10000000e+00  1.09979330e+00  7.01453190e-04  1.77450595e-03  1.01112706e-07 
 2.29300000e-10  1.10000000e+00  1.09979582e+00  6.93393964e-04  1.75317759e-03  9.84963278e-08 
 2.29500000e-10  1.10000000e+00  1.09979831e+00  6.85429957e-04  1.73211292e-03  1.00957302e-07 
 2.29700000e-10  1.10000000e+00  1.09980076e+00  6.77569039e-04  1.71130870e-03  9.83389759e-08 
 2.29900000e-10  1.10000000e+00  1.09980318e+00  6.69800905e-04  1.69076169e-03  1.00805563e-07 
 2.30100000e-10  1.10000000e+00  1.09980556e+00  6.62133416e-04  1.67046873e-03  9.81852443e-08 
 2.30300000e-10  1.10000000e+00  1.09980792e+00  6.54556335e-04  1.65042667e-03  1.00657405e-07 
 2.30500000e-10  1.10000000e+00  1.09981025e+00  6.47077515e-04  1.63063242e-03  9.80350506e-08 
 2.30700000e-10  1.10000000e+00  1.09981254e+00  6.39686787e-04  1.61108291e-03  1.00512746e-07 
 2.30900000e-10  1.10000000e+00  1.09981481e+00  6.32391993e-04  1.59177512e-03  9.78883141e-08 
 2.31100000e-10  1.10000000e+00  1.09981704e+00  6.25183033e-04  1.57270606e-03  1.00371506e-07 
 2.31300000e-10  1.10000000e+00  1.09981925e+00  6.18067737e-04  1.55387278e-03  9.77449559e-08 
 2.31500000e-10  1.10000000e+00  1.09982142e+00  6.11036072e-04  1.53527236e-03  1.00233607e-07 
 2.31700000e-10  1.10000000e+00  1.09982357e+00  6.04095858e-04  1.51690194e-03  9.76048990e-08 
 2.31900000e-10  1.10000000e+00  1.09982569e+00  5.97237127e-04  1.49875866e-03  1.00098971e-07 
 2.32100000e-10  1.10000000e+00  1.09982778e+00  5.90467686e-04  1.48083973e-03  9.74680679e-08 
 2.32300000e-10  1.10000000e+00  1.09982985e+00  5.83777635e-04  1.46314236e-03  9.99675254e-08 
 2.32500000e-10  1.10000000e+00  1.09983189e+00  5.77174765e-04  1.44566382e-03  9.73343888e-08 
 2.32700000e-10  1.10000000e+00  1.09983390e+00  5.70649243e-04  1.42840141e-03  9.98391953e-08 
 2.32900000e-10  1.10000000e+00  1.09983588e+00  5.64208846e-04  1.41135245e-03  9.72037896e-08 
 2.33100000e-10  1.10000000e+00  1.09983784e+00  5.57843806e-04  1.39451431e-03  9.97139095e-08 
 2.33300000e-10  1.10000000e+00  1.09983977e+00  5.51561884e-04  1.37788438e-03  9.70762001e-08 
 2.33500000e-10  1.10000000e+00  1.09984168e+00  5.45353377e-04  1.36146009e-03  9.95915984e-08 
 2.33700000e-10  1.10000000e+00  1.09984356e+00  5.39226032e-04  1.34523889e-03  9.69515510e-08 
 2.33900000e-10  1.10000000e+00  1.09984542e+00  5.33170207e-04  1.32921828e-03  9.94721932e-08 
 2.34100000e-10  1.10000000e+00  1.09984725e+00  5.27193634e-04  1.31339578e-03  9.68297752e-08 
 2.34300000e-10  1.10000000e+00  1.09984906e+00  5.21286736e-04  1.29776894e-03  9.93556270e-08 
 2.34500000e-10  1.10000000e+00  1.09985085e+00  5.15457226e-04  1.28233534e-03  9.67108066e-08 
 2.34700000e-10  1.10000000e+00  1.09985261e+00  5.09695590e-04  1.26709258e-03  9.92418344e-08 
 2.34900000e-10  1.10000000e+00  1.09985435e+00  5.04009525e-04  1.25203833e-03  9.65945811e-08 
 2.35100000e-10  1.10000000e+00  1.09985607e+00  4.98389578e-04  1.23717023e-03  9.91307516e-08 
 2.35300000e-10  1.10000000e+00  1.09985776e+00  4.92843428e-04  1.22248600e-03  9.64810355e-08 
 2.35500000e-10  1.10000000e+00  1.09985943e+00  4.87361684e-04  1.20798336e-03  9.90223160e-08 
 2.35700000e-10  1.10000000e+00  1.09986108e+00  4.81952008e-04  1.19366006e-03  9.63701084e-08 
 2.35900000e-10  1.10000000e+00  1.09986271e+00  4.76605066e-04  1.17951389e-03  9.89164668e-08 
 2.36100000e-10  1.10000000e+00  1.09986432e+00  4.71328505e-04  1.16554266e-03  9.62617396e-08 
 2.36300000e-10  1.10000000e+00  1.09986591e+00  4.66113051e-04  1.15174421e-03  9.88131438e-08 
 2.36500000e-10  1.10000000e+00  1.09986747e+00  4.60966330e-04  1.13811640e-03  9.61558703e-08 
 2.36700000e-10  1.10000000e+00  1.09986902e+00  4.55879129e-04  1.12465712e-03  9.87122887e-08 
 2.36900000e-10  1.10000000e+00  1.09987054e+00  4.50859053e-04  1.11136428e-03  9.60524429e-08 
 2.37100000e-10  1.10000000e+00  1.09987205e+00  4.45896949e-04  1.09823584e-03  9.86138447e-08 
 2.37300000e-10  1.10000000e+00  1.09987353e+00  4.41000404e-04  1.08526976e-03  9.59514013e-08 
 2.37500000e-10  1.10000000e+00  1.09987500e+00  4.36160319e-04  1.07246403e-03  9.85177559e-08 
 2.37700000e-10  1.10000000e+00  1.09987645e+00  4.31384264e-04  1.05981667e-03  9.58526904e-08 
 2.37900000e-10  1.10000000e+00  1.09987787e+00  4.26663199e-04  1.04732572e-03  9.84239676e-08 
 2.38100000e-10  1.10000000e+00  1.09987928e+00  4.22004670e-04  1.03498925e-03  9.57562569e-08 
 2.38300000e-10  1.10000000e+00  1.09988067e+00  4.17399695e-04  1.02280535e-03  9.83324266e-08 
 2.38500000e-10  1.10000000e+00  1.09988205e+00  4.12855800e-04  1.01077213e-03  9.56620479e-08 
 2.38700000e-10  1.10000000e+00  1.09988340e+00  4.08364060e-04  9.98887726e-04  9.82430806e-08 
 2.38900000e-10  1.10000000e+00  1.09988474e+00  4.03931980e-04  9.87150306e-04  9.55700123e-08 
 2.39100000e-10  1.10000000e+00  1.09988606e+00  3.99550689e-04  9.75558049e-04  9.81558791e-08 
 2.39300000e-10  1.10000000e+00  1.09988736e+00  3.95227673e-04  9.64109160e-04  9.54801000e-08 
 2.39500000e-10  1.10000000e+00  1.09988865e+00  3.90954115e-04  9.52801868e-04  9.80707720e-08 
 2.39700000e-10  1.10000000e+00  1.09988991e+00  3.86737478e-04  9.41634421e-04  9.53922619e-08 
 2.39900000e-10  1.10000000e+00  1.09989117e+00  3.82569002e-04  9.30605091e-04  9.79877108e-08 
 2.40100000e-10  1.10000000e+00  1.09989240e+00  3.78456128e-04  9.19712169e-04  9.53064501e-08 
 2.40300000e-10  1.10000000e+00  1.09989362e+00  3.74390151e-04  9.08953971e-04  9.79066479e-08 
 2.40500000e-10  1.10000000e+00  1.09989483e+00  3.70378487e-04  8.98328829e-04  9.52226176e-08 
 2.40700000e-10  1.10000000e+00  1.09989601e+00  3.66412486e-04  8.87835100e-04  9.78275367e-08 
 2.40900000e-10  1.10000000e+00  1.09989719e+00  3.62499542e-04  8.77471157e-04  9.51407188e-08 
 2.41100000e-10  1.10000000e+00  1.09989834e+00  3.58631058e-04  8.67235398e-04  9.77503320e-08 
 2.41300000e-10  1.10000000e+00  1.09989949e+00  3.54814405e-04  8.57126236e-04  9.50607092e-08 
 2.41500000e-10  1.10000000e+00  1.09990061e+00  3.51041039e-04  8.47142107e-04  9.76749893e-08 
 2.41700000e-10  1.10000000e+00  1.09990173e+00  3.47318309e-04  8.37281465e-04  9.49825449e-08 
 2.41900000e-10  1.10000000e+00  1.09990283e+00  3.43637722e-04  8.27542783e-04  9.76014650e-08 
 2.42100000e-10  1.10000000e+00  1.09990391e+00  3.40006604e-04  8.17924552e-04  9.49061831e-08 
 2.42300000e-10  1.10000000e+00  1.09990498e+00  3.36416513e-04  8.08425285e-04  9.75297173e-08 
 2.42500000e-10  1.10000000e+00  1.09990603e+00  3.32874753e-04  7.99043510e-04  9.48315820e-08 
 2.42700000e-10  1.10000000e+00  1.09990708e+00  3.29372933e-04  7.89777774e-04  9.74597041e-08 
 2.42900000e-10  1.10000000e+00  1.09990811e+00  3.25918332e-04  7.80626642e-04  9.47587012e-08 
 2.43100000e-10  1.10000000e+00  1.09990912e+00  3.22502612e-04  7.71588699e-04  9.73913853e-08 
 2.43300000e-10  1.10000000e+00  1.09991012e+00  3.19133025e-04  7.62662542e-04  9.46875002e-08 
 2.43500000e-10  1.10000000e+00  1.09991111e+00  3.15801287e-04  7.53846792e-04  9.73247211e-08 
 2.43700000e-10  1.10000000e+00  1.09991209e+00  3.12514624e-04  7.45140083e-04  9.46179407e-08 
 2.43900000e-10  1.10000000e+00  1.09991305e+00  3.09264802e-04  7.36541065e-04  9.72596733e-08 
 2.44100000e-10  1.10000000e+00  1.09991400e+00  3.06059023e-04  7.28048409e-04  9.45499843e-08 
 2.44300000e-10  1.10000000e+00  1.09991494e+00  3.02889101e-04  7.19660798e-04  9.71962035e-08 
 2.44500000e-10  1.10000000e+00  1.09991587e+00  2.99762216e-04  7.11376934e-04  9.44835936e-08 
 2.44700000e-10  1.10000000e+00  1.09991678e+00  2.96670230e-04  7.03195534e-04  9.71342752e-08 
 2.44900000e-10  1.10000000e+00  1.09991769e+00  2.93620297e-04  6.95115330e-04  9.44187327e-08 
 2.45100000e-10  1.10000000e+00  1.09991858e+00  2.90604331e-04  6.87135073e-04  9.70738522e-08 
 2.45300000e-10  1.10000000e+00  1.09991946e+00  2.87629457e-04  6.79253524e-04  9.43553657e-08 
 2.45500000e-10  1.10000000e+00  1.09992032e+00  2.84687640e-04  6.71469466e-04  9.70148995e-08 
 2.45700000e-10  1.10000000e+00  1.09992118e+00  2.81785979e-04  6.63781690e-04  9.42934584e-08 
 2.45900000e-10  1.10000000e+00  1.09992203e+00  2.78916487e-04  6.56189008e-04  9.69573819e-08 
 2.46100000e-10  1.10000000e+00  1.09992286e+00  2.76086239e-04  6.48690243e-04  9.42329762e-08 
 2.46300000e-10  1.10000000e+00  1.09992368e+00  2.73287293e-04  6.41284233e-04  9.69012664e-08 
 2.46500000e-10  1.10000000e+00  1.09992450e+00  2.70526699e-04  6.33969832e-04  9.41738862e-08 
 2.46700000e-10  1.10000000e+00  1.09992530e+00  2.67796564e-04  6.26745908e-04  9.68465201e-08 
 2.46900000e-10  1.10000000e+00  1.09992609e+00  2.65103912e-04  6.19611340e-04  9.41161563e-08 
 2.47100000e-10  1.10000000e+00  1.09992687e+00  2.62440896e-04  6.12565024e-04  9.67931106e-08 
 2.47300000e-10  1.10000000e+00  1.09992765e+00  2.59814514e-04  6.05605870e-04  9.40597545e-08 
 2.47500000e-10  1.10000000e+00  1.09992841e+00  2.57216966e-04  5.98732798e-04  9.67410067e-08 
 2.47700000e-10  1.10000000e+00  1.09992916e+00  2.54655223e-04  5.91944744e-04  9.40046500e-08 
 2.47900000e-10  1.10000000e+00  1.09992990e+00  2.52121532e-04  5.85240658e-04  9.66901775e-08 
 2.48100000e-10  1.10000000e+00  1.09993063e+00  2.49622839e-04  5.78619500e-04  9.39508128e-08 
 2.48300000e-10  1.10000000e+00  1.09993136e+00  2.47151435e-04  5.72080245e-04  9.66405931e-08 
 2.48500000e-10  1.10000000e+00  1.09993207e+00  2.44714240e-04  5.65621881e-04  9.38982129e-08 
 2.48700000e-10  1.10000000e+00  1.09993277e+00  2.42303592e-04  5.59243406e-04  9.65922244e-08 
 2.48900000e-10  1.10000000e+00  1.09993347e+00  2.39926382e-04  5.52943833e-04  9.38468221e-08 
 2.49100000e-10  1.10000000e+00  1.09993416e+00  2.37574994e-04  5.46722187e-04  9.65450428e-08 
 2.49300000e-10  1.10000000e+00  1.09993483e+00  2.35256294e-04  5.40577503e-04  9.37966116e-08 
 2.49500000e-10  1.10000000e+00  1.09993550e+00  2.32962709e-04  5.34508830e-04  9.64990202e-08 
 2.49700000e-10  1.10000000e+00  1.09993616e+00  2.30701079e-04  5.28515227e-04  9.37475545e-08 
 2.49900000e-10  1.10000000e+00  1.09993681e+00  2.28463876e-04  5.22595767e-04  9.64541293e-08 
 2.50100000e-10  1.10000000e+00  1.09993746e+00  2.26257912e-04  5.16749531e-04  9.36996232e-08 
 2.50300000e-10  1.10000000e+00  1.09993809e+00  2.24075704e-04  5.10975616e-04  9.64103435e-08 
 2.50500000e-10  1.10000000e+00  1.09993872e+00  2.21924036e-04  5.05273126e-04  9.36527918e-08 
 2.50700000e-10  1.10000000e+00  1.09993934e+00  2.19795470e-04  4.99641178e-04  9.63676365e-08 
 2.50900000e-10  1.10000000e+00  1.09993995e+00  2.17696764e-04  4.94078900e-04  9.36070347e-08 
 2.51100000e-10  1.10000000e+00  1.09994055e+00  2.15620521e-04  4.88585429e-04  9.63259831e-08 
 2.51300000e-10  1.10000000e+00  1.09994114e+00  2.13573472e-04  4.83159916e-04  9.35623268e-08 
 2.51500000e-10  1.10000000e+00  1.09994173e+00  2.11548266e-04  4.77801519e-04  9.62853585e-08 
 2.51700000e-10  1.10000000e+00  1.09994231e+00  2.09551604e-04  4.72509408e-04  9.35186435e-08 
 2.51900000e-10  1.10000000e+00  1.09994288e+00  2.07576178e-04  4.67282764e-04  9.62457382e-08 
 2.52100000e-10  1.10000000e+00  1.09994345e+00  2.05628664e-04  4.62120777e-04  9.34759610e-08 
 2.52300000e-10  1.10000000e+00  1.09994400e+00  2.03701795e-04  4.57022648e-04  9.62070982e-08 
 2.52500000e-10  1.10000000e+00  1.09994455e+00  2.01802219e-04  4.51987585e-04  9.34342558e-08 
 2.52700000e-10  1.10000000e+00  1.09994510e+00  1.99922712e-04  4.47014811e-04  9.61694157e-08 
 2.52900000e-10  1.10000000e+00  1.09994563e+00  1.98069895e-04  4.42103553e-04  9.33935048e-08 
 2.53100000e-10  1.10000000e+00  1.09994616e+00  1.96236586e-04  4.37253052e-04  9.61326681e-08 
 2.53300000e-10  1.10000000e+00  1.09994668e+00  1.94429377e-04  4.32462556e-04  9.33536862e-08 
 2.53500000e-10  1.10000000e+00  1.09994720e+00  1.92641129e-04  4.27731322e-04  9.60968333e-08 
 2.53700000e-10  1.10000000e+00  1.09994771e+00  1.90878408e-04  4.23058618e-04  9.33147779e-08 
 2.53900000e-10  1.10000000e+00  1.09994821e+00  1.89134113e-04  4.18443720e-04  9.60618893e-08 
 2.54100000e-10  1.10000000e+00  1.09994871e+00  1.87414783e-04  4.13885912e-04  9.32767587e-08 
 2.54300000e-10  1.10000000e+00  1.09994920e+00  1.85713361e-04  4.09384490e-04  9.60278151e-08 
 2.54500000e-10  1.10000000e+00  1.09994968e+00  1.84036355e-04  4.04938754e-04  9.32396078e-08 
 2.54700000e-10  1.10000000e+00  1.09995016e+00  1.82376751e-04  4.00548018e-04  9.59945902e-08 
 2.54900000e-10  1.10000000e+00  1.09995063e+00  1.80741029e-04  3.96211599e-04  9.32033048e-08 
 2.55100000e-10  1.10000000e+00  1.09995109e+00  1.79122214e-04  3.91928827e-04  9.59621946e-08 
 2.55300000e-10  1.10000000e+00  1.09995155e+00  1.77526759e-04  3.87699039e-04  9.31678300e-08 
 2.55500000e-10  1.10000000e+00  1.09995200e+00  1.75947730e-04  3.83521577e-04  9.59306083e-08 
 2.55700000e-10  1.10000000e+00  1.09995245e+00  1.74391553e-04  3.79395796e-04  9.31331637e-08 
 2.55900000e-10  1.10000000e+00  1.09995289e+00  1.72851331e-04  3.75321057e-04  9.58998124e-08 
 2.56100000e-10  1.10000000e+00  1.09995333e+00  1.71333465e-04  3.71296727e-04  9.30992874e-08 
 2.56300000e-10  1.10000000e+00  1.09995376e+00  1.69831097e-04  3.67322183e-04  9.58697877e-08 
 2.56500000e-10  1.10000000e+00  1.09995418e+00  1.68350598e-04  3.63396810e-04  9.30661824e-08 
 2.56700000e-10  1.10000000e+00  1.09995460e+00  1.66885153e-04  3.59520000e-04  9.58405162e-08 
 2.56900000e-10  1.10000000e+00  1.09995501e+00  1.65441103e-04  3.55691151e-04  9.30338304e-08 
 2.57100000e-10  1.10000000e+00  1.09995542e+00  1.64011672e-04  3.51909670e-04  9.58119799e-08 
 2.57300000e-10  1.10000000e+00  1.09995582e+00  1.62603174e-04  3.48174972e-04  9.30022141e-08 
 2.57500000e-10  1.10000000e+00  1.09995622e+00  1.61208872e-04  3.44486478e-04  9.57841613e-08 
 2.57700000e-10  1.10000000e+00  1.09995661e+00  1.59835051e-04  3.40843617e-04  9.29713161e-08 
 2.57900000e-10  1.10000000e+00  1.09995700e+00  1.58475014e-04  3.37245823e-04  9.57570436e-08 
 2.58100000e-10  1.10000000e+00  1.09995738e+00  1.57135018e-04  3.33692540e-04  9.29411194e-08 
 2.58300000e-10  1.10000000e+00  1.09995776e+00  1.55808402e-04  3.30183216e-04  9.57306093e-08 
 2.58500000e-10  1.10000000e+00  1.09995814e+00  1.54501398e-04  3.26717309e-04  9.29116081e-08 
 2.58700000e-10  1.10000000e+00  1.09995850e+00  1.53207383e-04  3.23294281e-04  9.57048428e-08 
 2.58900000e-10  1.10000000e+00  1.09995887e+00  1.51932559e-04  3.19913601e-04  9.28827656e-08 
 2.59100000e-10  1.10000000e+00  1.09995923e+00  1.50670342e-04  3.16574747e-04  9.56797282e-08 
 2.59300000e-10  1.10000000e+00  1.09995958e+00  1.49426908e-04  3.13277200e-04  9.28545763e-08 
 2.59500000e-10  1.10000000e+00  1.09995993e+00  1.48195707e-04  3.10020450e-04  9.56552495e-08 
 2.59700000e-10  1.10000000e+00  1.09996027e+00  1.46982889e-04  3.06803991e-04  9.28270250e-08 
 2.59900000e-10  1.10000000e+00  1.09996061e+00  1.45781942e-04  3.03627326e-04  9.56313919e-08 
 2.60100000e-10  1.10000000e+00  1.09996095e+00  1.44598987e-04  3.00489963e-04  9.28000969e-08 
 2.60300000e-10  1.10000000e+00  1.09996128e+00  1.43427550e-04  2.97391414e-04  9.56081404e-08 
 2.60500000e-10  1.10000000e+00  1.09996161e+00  1.42273723e-04  2.94331201e-04  9.27737770e-08 
 2.60700000e-10  1.10000000e+00  1.09996193e+00  1.41131070e-04  2.91308848e-04  9.55854806e-08 
 2.60900000e-10  1.10000000e+00  1.09996225e+00  1.40005656e-04  2.88323888e-04  9.27480510e-08 
 2.61100000e-10  1.10000000e+00  1.09996257e+00  1.38891078e-04  2.85375858e-04  9.55633983e-08 
 2.61300000e-10  1.10000000e+00  1.09996288e+00  1.37793377e-04  2.82464301e-04  9.27229056e-08 
 2.61500000e-10  1.10000000e+00  1.09996319e+00  1.36706185e-04  2.79588766e-04  9.55418796e-08 
 2.61700000e-10  1.10000000e+00  1.09996349e+00  1.35635514e-04  2.76748807e-04  9.26983265e-08 
 2.61900000e-10  1.10000000e+00  1.09996379e+00  1.34575035e-04  2.73943985e-04  9.55209113e-08 
 2.62100000e-10  1.10000000e+00  1.09996408e+00  1.33530730e-04  2.71173864e-04  9.26743005e-08 
 2.62300000e-10  1.10000000e+00  1.09996437e+00  1.32496306e-04  2.68438016e-04  9.55004798e-08 
 2.62500000e-10  1.10000000e+00  1.09996466e+00  1.31477719e-04  2.65736016e-04  9.26508151e-08 
 2.62700000e-10  1.10000000e+00  1.09996495e+00  1.30468710e-04  2.63067445e-04  9.54805724e-08 
 2.62900000e-10  1.10000000e+00  1.09996523e+00  1.29475207e-04  2.60431891e-04  9.26278569e-08 
 2.63100000e-10  1.10000000e+00  1.09996550e+00  1.28490987e-04  2.57828945e-04  9.54611767e-08 
 2.63300000e-10  1.10000000e+00  1.09996578e+00  1.27521952e-04  2.55258203e-04  9.26054141e-08 
 2.63500000e-10  1.10000000e+00  1.09996605e+00  1.26561912e-04  2.52719266e-04  9.54422802e-08 
 2.63700000e-10  1.10000000e+00  1.09996631e+00  1.25616742e-04  2.50211743e-04  9.25834744e-08 
 2.63900000e-10  1.10000000e+00  1.09996658e+00  1.24680287e-04  2.47735243e-04  9.54238711e-08 
 2.64100000e-10  1.10000000e+00  1.09996684e+00  1.23758395e-04  2.45289384e-04  9.25620259e-08 
 2.64300000e-10  1.10000000e+00  1.09996709e+00  1.22844947e-04  2.42873786e-04  9.54059376e-08 
 2.64500000e-10  1.10000000e+00  1.09996735e+00  1.21945760e-04  2.40488074e-04  9.25410570e-08 
 2.64700000e-10  1.10000000e+00  1.09996759e+00  1.21054751e-04  2.38131880e-04  9.53884684e-08 
 2.64900000e-10  1.10000000e+00  1.09996784e+00  1.20177711e-04  2.35804837e-04  9.25205566e-08 
 2.65100000e-10  1.10000000e+00  1.09996808e+00  1.19308590e-04  2.33506586e-04  9.53714523e-08 
 2.65300000e-10  1.10000000e+00  1.09996833e+00  1.18453152e-04  2.31236770e-04  9.25005137e-08 
 2.65500000e-10  1.10000000e+00  1.09996856e+00  1.17605381e-04  2.28995037e-04  9.53548782e-08 
 2.65700000e-10  1.10000000e+00  1.09996880e+00  1.16771013e-04  2.26781040e-04  9.24809176e-08 
 2.65900000e-10  1.10000000e+00  1.09996903e+00  1.15944067e-04  2.24594436e-04  9.53387357e-08 
 2.66100000e-10  1.10000000e+00  1.09996926e+00  1.15130251e-04  2.22434886e-04  9.24617576e-08 
 2.66300000e-10  1.10000000e+00  1.09996948e+00  1.14323617e-04  2.20302055e-04  9.53230143e-08 
 2.66500000e-10  1.10000000e+00  1.09996970e+00  1.13529848e-04  2.18195613e-04  9.24430236e-08 
 2.66700000e-10  1.10000000e+00  1.09996992e+00  1.12743027e-04  2.16115234e-04  9.53077037e-08 
 2.66900000e-10  1.10000000e+00  1.09997014e+00  1.11968811e-04  2.14060594e-04  9.24247057e-08 
 2.67100000e-10  1.10000000e+00  1.09997035e+00  1.11201315e-04  2.12031375e-04  9.52927944e-08 
 2.67300000e-10  1.10000000e+00  1.09997056e+00  1.10446171e-04  2.10027264e-04  9.24067937e-08 
 2.67500000e-10  1.10000000e+00  1.09997077e+00  1.09697527e-04  2.08047949e-04  9.52782765e-08 
 2.67700000e-10  1.10000000e+00  1.09997098e+00  1.08960985e-04  2.06093123e-04  9.23892786e-08 
 2.67900000e-10  1.10000000e+00  1.09997118e+00  1.08230728e-04  2.04162484e-04  9.52641402e-08 
 2.68100000e-10  1.10000000e+00  1.09997138e+00  1.07512332e-04  2.02255733e-04  9.23721505e-08 
 2.68300000e-10  1.10000000e+00  1.09997158e+00  1.06800009e-04  2.00372573e-04  9.52503770e-08 
 2.68500000e-10  1.10000000e+00  1.09997178e+00  1.06099311e-04  1.98512713e-04  9.23554010e-08 
 2.68700000e-10  1.10000000e+00  1.09997197e+00  1.05404483e-04  1.96675865e-04  9.52369775e-08 
 2.68900000e-10  1.10000000e+00  1.09997216e+00  1.04721048e-04  1.94861745e-04  9.23390206e-08 
 2.69100000e-10  1.10000000e+00  1.09997235e+00  1.04043284e-04  1.93070070e-04  9.52239329e-08 
 2.69300000e-10  1.10000000e+00  1.09997253e+00  1.03376687e-04  1.91300563e-04  9.23230010e-08 
 2.69500000e-10  1.10000000e+00  1.09997272e+00  1.02715567e-04  1.89552951e-04  9.52112343e-08 
 2.69700000e-10  1.10000000e+00  1.09997290e+00  1.02065394e-04  1.87826961e-04  9.23073334e-08 
 2.69900000e-10  1.10000000e+00  1.09997308e+00  1.01420510e-04  1.86122327e-04  9.51988741e-08 
 2.70100000e-10  1.10000000e+00  1.09997325e+00  1.00786356e-04  1.84438785e-04  9.22920098e-08 
 2.70300000e-10  1.10000000e+00  1.09997343e+00  1.00157307e-04  1.82776073e-04  9.51868434e-08 
 2.70500000e-10  1.10000000e+00  1.09997360e+00  9.95387800e-05  1.81133934e-04  9.22770221e-08 
 2.70700000e-10  1.10000000e+00  1.09997377e+00  9.89251774e-05  1.79512113e-04  9.51751347e-08 
 2.70900000e-10  1.10000000e+00  1.09997394e+00  9.83218911e-05  1.77910359e-04  9.22623622e-08 
 2.71100000e-10  1.10000000e+00  1.09997410e+00  9.77233552e-05  1.76328423e-04  9.51637398e-08 
 2.71300000e-10  1.10000000e+00  1.09997427e+00  9.71349349e-05  1.74766061e-04  9.22480228e-08 
 2.71500000e-10  1.10000000e+00  1.09997443e+00  9.65510952e-05  1.73223031e-04  9.51526512e-08 
 2.71700000e-10  1.10000000e+00  1.09997459e+00  9.59771752e-05  1.71699092e-04  9.22339958e-08 
 2.71900000e-10  1.10000000e+00  1.09997474e+00  9.54076704e-05  1.70194010e-04  9.51418617e-08 
 2.72100000e-10  1.10000000e+00  1.09997490e+00  9.48478939e-05  1.68707550e-04  9.22202744e-08 
 2.72300000e-10  1.10000000e+00  1.09997505e+00  9.42923715e-05  1.67239482e-04  9.51313638e-08 
 2.72500000e-10  1.10000000e+00  1.09997520e+00  9.37463904e-05  1.65789579e-04  9.22068511e-08 
 2.72700000e-10  1.10000000e+00  1.09997535e+00  9.32045066e-05  1.64357616e-04  9.51211507e-08 
 2.72900000e-10  1.10000000e+00  1.09997550e+00  9.26719814e-05  1.62943371e-04  9.21937191e-08 
 2.73100000e-10  1.10000000e+00  1.09997564e+00  9.21434009e-05  1.61546625e-04  9.51112150e-08 
 2.73300000e-10  1.10000000e+00  1.09997579e+00  9.16240006e-05  1.60167161e-04  9.21808714e-08 
 2.73500000e-10  1.10000000e+00  1.09997593e+00  9.11083963e-05  1.58804766e-04  9.51015503e-08 
 2.73700000e-10  1.10000000e+00  1.09997607e+00  9.06017979e-05  1.57459228e-04  9.21683015e-08 
 2.73900000e-10  1.10000000e+00  1.09997621e+00  9.00988507e-05  1.56130339e-04  9.50921499e-08 
 2.74100000e-10  1.10000000e+00  1.09997634e+00  8.96047391e-05  1.54817892e-04  9.21560027e-08 
 2.74300000e-10  1.10000000e+00  1.09997648e+00  8.91141378e-05  1.53521685e-04  9.50830073e-08 
 2.74500000e-10  1.10000000e+00  1.09997661e+00  8.86322058e-05  1.52241517e-04  9.21439687e-08 
 2.74700000e-10  1.10000000e+00  1.09997674e+00  8.81536469e-05  1.50977188e-04  9.50741164e-08 
 2.74900000e-10  1.10000000e+00  1.09997687e+00  8.76835948e-05  1.49728504e-04  9.21321933e-08 
 2.75100000e-10  1.10000000e+00  1.09997700e+00  8.72167822e-05  1.48495270e-04  9.50654708e-08 
 2.75300000e-10  1.10000000e+00  1.09997713e+00  8.67583176e-05  1.47277295e-04  9.21206705e-08 
 2.75500000e-10  1.10000000e+00  1.09997725e+00  8.63029626e-05  1.46074391e-04  9.50570648e-08 
 2.75700000e-10  1.10000000e+00  1.09997738e+00  8.58558002e-05  1.44886371e-04  9.21093943e-08 
 2.75900000e-10  1.10000000e+00  1.09997750e+00  8.54116210e-05  1.43713051e-04  9.50488923e-08 
 2.76100000e-10  1.10000000e+00  1.09997762e+00  8.49754829e-05  1.42554249e-04  9.20983589e-08 
 2.76300000e-10  1.10000000e+00  1.09997774e+00  8.45422048e-05  1.41409786e-04  9.50409477e-08 
 2.76500000e-10  1.10000000e+00  1.09997785e+00  8.41168196e-05  1.40279483e-04  9.20875586e-08 
 2.76700000e-10  1.10000000e+00  1.09997797e+00  8.36941745e-05  1.39163167e-04  9.50332252e-08 
 2.76900000e-10  1.10000000e+00  1.09997808e+00  8.32792776e-05  1.38060663e-04  9.20769880e-08 
 2.77100000e-10  1.10000000e+00  1.09997819e+00  8.28670041e-05  1.36971801e-04  9.50257201e-08 
 2.77300000e-10  1.10000000e+00  1.09997831e+00  8.24623374e-05  1.35896412e-04  9.20666419e-08 
 2.77500000e-10  1.10000000e+00  1.09997842e+00  8.20601806e-05  1.34834330e-04  9.50184262e-08 
 2.77700000e-10  1.10000000e+00  1.09997852e+00  8.16654922e-05  1.33785390e-04  9.20565146e-08 
 2.77900000e-10  1.10000000e+00  1.09997863e+00  8.12732034e-05  1.32749428e-04  9.50113387e-08 
 2.78100000e-10  1.10000000e+00  1.09997874e+00  8.08882478e-05  1.31726286e-04  9.20466013e-08 
 2.78300000e-10  1.10000000e+00  1.09997884e+00  8.05055843e-05  1.30715803e-04  9.50044526e-08 
 2.78500000e-10  1.10000000e+00  1.09997894e+00  8.01301221e-05  1.29717824e-04  9.20368971e-08 
 2.78700000e-10  1.10000000e+00  1.09997905e+00  7.97568473e-05  1.28732193e-04  9.49977627e-08 
 2.78900000e-10  1.10000000e+00  1.09997915e+00  7.93906447e-05  1.27758759e-04  9.20273966e-08 
 2.79100000e-10  1.10000000e+00  1.09997924e+00  7.90265278e-05  1.26797369e-04  9.49912645e-08 
 2.79300000e-10  1.10000000e+00  1.09997934e+00  7.86693569e-05  1.25847876e-04  9.20180953e-08 
 2.79500000e-10  1.10000000e+00  1.09997944e+00  7.83141728e-05  1.24910131e-04  9.49849531e-08 
 2.79700000e-10  1.10000000e+00  1.09997953e+00  7.79658114e-05  1.23983990e-04  9.20089888e-08 
 2.79900000e-10  1.10000000e+00  1.09997963e+00  7.76193404e-05  1.23069308e-04  9.49788239e-08 
 2.80100000e-10  1.10000000e+00  1.09997972e+00  7.72795717e-05  1.22165945e-04  9.20000723e-08 
 2.80300000e-10  1.10000000e+00  1.09997981e+00  7.69415997e-05  1.21273759e-04  9.49728724e-08 
 2.80500000e-10  1.10000000e+00  1.09997990e+00  7.66102122e-05  1.20392614e-04  9.19913413e-08 
 2.80700000e-10  1.10000000e+00  1.09997999e+00  7.62805302e-05  1.19522371e-04  9.49670944e-08 
 2.80900000e-10  1.10000000e+00  1.09998008e+00  7.59573176e-05  1.18662897e-04  9.19827915e-08 
 2.81100000e-10  1.10000000e+00  1.09998017e+00  7.56357219e-05  1.17814058e-04  9.49614854e-08 
 2.81300000e-10  1.10000000e+00  1.09998025e+00  7.53204829e-05  1.16975722e-04  9.19744189e-08 
 2.81500000e-10  1.10000000e+00  1.09998034e+00  7.50067746e-05  1.16147760e-04  9.49560413e-08 
 2.81700000e-10  1.10000000e+00  1.09998042e+00  7.46993131e-05  1.15330043e-04  9.19662190e-08 
 2.81900000e-10  1.10000000e+00  1.09998051e+00  7.43932984e-05  1.14522444e-04  9.49507581e-08 
 2.82100000e-10  1.10000000e+00  1.09998059e+00  7.40934230e-05  1.13724838e-04  9.19581879e-08 
 2.82300000e-10  1.10000000e+00  1.09998067e+00  7.37949127e-05  1.12937102e-04  9.49456317e-08 
 2.82500000e-10  1.10000000e+00  1.09998075e+00  7.35024365e-05  1.12159114e-04  9.19503218e-08 
 2.82700000e-10  1.10000000e+00  1.09998083e+00  7.32112462e-05  1.11390752e-04  9.49406584e-08 
 2.82900000e-10  1.10000000e+00  1.09998090e+00  7.29259872e-05  1.10631898e-04  9.19426167e-08 
 2.83100000e-10  1.10000000e+00  1.09998098e+00  7.26419369e-05  1.09882434e-04  9.49358341e-08 
 2.83300000e-10  1.10000000e+00  1.09998106e+00  7.23637174e-05  1.09142243e-04  9.19350688e-08 
 2.83500000e-10  1.10000000e+00  1.09998113e+00  7.20866317e-05  1.08411212e-04  9.49311555e-08 
 2.83700000e-10  1.10000000e+00  1.09998121e+00  7.18152784e-05  1.07689227e-04  9.19276746e-08 
 2.83900000e-10  1.10000000e+00  1.09998128e+00  7.15449861e-05  1.06976176e-04  9.49266186e-08 
 2.84100000e-10  1.10000000e+00  1.09998135e+00  7.12803300e-05  1.06271948e-04  9.19204305e-08 
 2.84300000e-10  1.10000000e+00  1.09998142e+00  7.10166640e-05  1.05576434e-04  9.49222202e-08 
 2.84500000e-10  1.10000000e+00  1.09998149e+00  7.07585404e-05  1.04889526e-04  9.19133328e-08 
 2.84700000e-10  1.10000000e+00  1.09998156e+00  7.05013379e-05  1.04211119e-04  9.49179568e-08 
 2.84900000e-10  1.10000000e+00  1.09998163e+00  7.02495858e-05  1.03541106e-04  9.19063785e-08 
 2.85100000e-10  1.10000000e+00  1.09998170e+00  6.99986879e-05  1.02879383e-04  9.49138247e-08 
 2.85300000e-10  1.10000000e+00  1.09998176e+00  6.97531505e-05  1.02225849e-04  9.18995638e-08 
 2.85500000e-10  1.10000000e+00  1.09998183e+00  6.95084023e-05  1.01580402e-04  9.49098211e-08 
 2.85700000e-10  1.10000000e+00  1.09998189e+00  6.92689266e-05  1.00942942e-04  9.18928858e-08 
 2.85900000e-10  1.10000000e+00  1.09998196e+00  6.90301769e-05  1.00313370e-04  9.49059426e-08 
 2.86100000e-10  1.10000000e+00  1.09998202e+00  6.87966138e-05  9.96915885e-05  9.18863412e-08 
 2.86300000e-10  1.10000000e+00  1.09998208e+00  6.85637151e-05  9.90775009e-05  9.49021860e-08 
 2.86500000e-10  1.10000000e+00  1.09998215e+00  6.83359190e-05  9.84710121e-05  9.18799267e-08 
 2.86700000e-10  1.10000000e+00  1.09998221e+00  6.81087276e-05  9.78720282e-05  9.48985484e-08 
 2.86900000e-10  1.10000000e+00  1.09998227e+00  6.78865565e-05  9.72804562e-05  9.18736395e-08 
 2.87100000e-10  1.10000000e+00  1.09998233e+00  6.76649321e-05  9.66962045e-05  9.48950266e-08 
 2.87300000e-10  1.10000000e+00  1.09998239e+00  6.74482475e-05  9.61191824e-05  9.18674766e-08 
 2.87500000e-10  1.10000000e+00  1.09998244e+00  6.72320532e-05  9.55493006e-05  9.48916182e-08 
 2.87700000e-10  1.10000000e+00  1.09998250e+00  6.70207201e-05  9.49864706e-05  9.18614352e-08 
 2.87900000e-10  1.10000000e+00  1.09998256e+00  6.68098226e-05  9.44306053e-05  9.48883197e-08 
 2.88100000e-10  1.10000000e+00  1.09998261e+00  6.66037092e-05  9.38816183e-05  9.18555124e-08 
 2.88300000e-10  1.10000000e+00  1.09998267e+00  6.63979781e-05  9.33394248e-05  9.48851287e-08 
 2.88500000e-10  1.10000000e+00  1.09998272e+00  6.61969560e-05  9.28039405e-05  9.18497054e-08 
 2.88700000e-10  1.10000000e+00  1.09998278e+00  6.59962645e-05  9.22750824e-05  9.48820425e-08 
 2.88900000e-10  1.10000000e+00  1.09998283e+00  6.58002082e-05  9.17527687e-05  9.18440116e-08 
 2.89100000e-10  1.10000000e+00  1.09998288e+00  6.56044324e-05  9.12369182e-05  9.48790585e-08 
 2.89300000e-10  1.10000000e+00  1.09998293e+00  6.54132197e-05  9.07274510e-05  9.18384284e-08 
 2.89500000e-10  1.10000000e+00  1.09998298e+00  6.52222388e-05  9.02242882e-05  9.48761741e-08 
 2.89700000e-10  1.10000000e+00  1.09998303e+00  6.50357505e-05  8.97273517e-05  9.18329533e-08 
 2.89900000e-10  1.10000000e+00  1.09998308e+00  6.48494466e-05  8.92365645e-05  9.48733866e-08 
 2.90100000e-10  1.10000000e+00  1.09998313e+00  6.46675663e-05  8.87518505e-05  9.18275836e-08 
 2.90300000e-10  1.10000000e+00  1.09998318e+00  6.44858246e-05  8.82731346e-05  9.48706939e-08 
 2.90500000e-10  1.10000000e+00  1.09998323e+00  6.43084389e-05  8.78003424e-05  9.18223166e-08 
 2.90700000e-10  1.10000000e+00  1.09998328e+00  6.41311472e-05  8.73334008e-05  9.48680930e-08 
 2.90900000e-10  1.10000000e+00  1.09998332e+00  6.39581454e-05  8.68722374e-05  9.18171509e-08 
 2.91100000e-10  1.10000000e+00  1.09998337e+00  6.37851944e-05  8.64167806e-05  9.48655824e-08 
 2.91300000e-10  1.10000000e+00  1.09998341e+00  6.36164686e-05  8.59669598e-05  9.18120833e-08 
 2.91500000e-10  1.10000000e+00  1.09998346e+00  6.34477515e-05  8.55227054e-05  9.48631594e-08 
 2.91700000e-10  1.10000000e+00  1.09998350e+00  6.32831964e-05  8.50839483e-05  9.18071119e-08 
 2.91900000e-10  1.10000000e+00  1.09998355e+00  6.31186093e-05  8.46506207e-05  9.48608215e-08 
 2.92100000e-10  1.10000000e+00  1.09998359e+00  6.29581222e-05  8.42226552e-05  9.18022343e-08 
 2.92300000e-10  1.10000000e+00  1.09998363e+00  6.27975635e-05  8.37999857e-05  9.48585672e-08 
 2.92500000e-10  1.10000000e+00  1.09998368e+00  6.26410442e-05  8.33825465e-05  9.17974486e-08 
 2.92700000e-10  1.10000000e+00  1.09998372e+00  6.24844151e-05  8.29702728e-05  9.48563936e-08 
 2.92900000e-10  1.10000000e+00  1.09998376e+00  6.23317659e-05  8.25631009e-05  9.17927523e-08 
 2.93100000e-10  1.10000000e+00  1.09998380e+00  6.21789696e-05  8.21609676e-05  9.48542995e-08 
 2.93300000e-10  1.10000000e+00  1.09998384e+00  6.20300953e-05  8.17638105e-05  9.17881435e-08 
 2.93500000e-10  1.10000000e+00  1.09998388e+00  6.18810378e-05  8.13715680e-05  9.48522822e-08 
 2.93700000e-10  1.10000000e+00  1.09998392e+00  6.17358453e-05  8.09841794e-05  9.17836205e-08 
 2.93900000e-10  1.10000000e+00  1.09998396e+00  6.15904347e-05  8.06015845e-05  9.48503401e-08 
 2.94100000e-10  1.10000000e+00  1.09998399e+00  6.14488334e-05  8.02237241e-05  9.17791811e-08 
 2.94300000e-10  1.10000000e+00  1.09998403e+00  6.13069801e-05  7.98505396e-05  9.48484711e-08 
 2.94500000e-10  1.10000000e+00  1.09998407e+00  6.11688815e-05  7.94819731e-05  9.17748234e-08 
 2.94700000e-10  1.10000000e+00  1.09998410e+00  6.10304981e-05  7.91179675e-05  9.48466732e-08 
 2.94900000e-10  1.10000000e+00  1.09998414e+00  6.08958160e-05  7.87584663e-05  9.17705454e-08 
 2.95100000e-10  1.10000000e+00  1.09998418e+00  6.07608172e-05  7.84034138e-05  9.48449450e-08 
 2.95300000e-10  1.10000000e+00  1.09998421e+00  6.06294674e-05  7.80527550e-05  9.17663453e-08 
 2.95500000e-10  1.10000000e+00  1.09998425e+00  6.04977701e-05  7.77064355e-05  9.48432846e-08 
 2.95700000e-10  1.10000000e+00  1.09998428e+00  6.03696707e-05  7.73644015e-05  9.17622216e-08 
 2.95900000e-10  1.10000000e+00  1.09998431e+00  6.02411937e-05  7.70266001e-05  9.48416898e-08 
 2.96100000e-10  1.10000000e+00  1.09998435e+00  6.01162645e-05  7.66929789e-05  9.17581724e-08 
 2.96300000e-10  1.10000000e+00  1.09998438e+00  5.99909288e-05  7.63634862e-05  9.48401595e-08 
 2.96500000e-10  1.10000000e+00  1.09998441e+00  5.98690917e-05  7.60380708e-05  9.17541957e-08 
 2.96700000e-10  1.10000000e+00  1.09998445e+00  5.97468201e-05  7.57166824e-05  9.48386917e-08 
 2.96900000e-10  1.10000000e+00  1.09998448e+00  5.96279990e-05  7.53992711e-05  9.17502905e-08 
 2.97100000e-10  1.10000000e+00  1.09998451e+00  5.95087162e-05  7.50857876e-05  9.48372850e-08 
 2.97300000e-10  1.10000000e+00  1.09998454e+00  5.93928368e-05  7.47761835e-05  9.17464545e-08 
 2.97500000e-10  1.10000000e+00  1.09998457e+00  5.92764694e-05  7.44704106e-05  9.48359375e-08 
 2.97700000e-10  1.10000000e+00  1.09998460e+00  5.91634592e-05  7.41684215e-05  9.17426866e-08 
 2.97900000e-10  1.10000000e+00  1.09998463e+00  5.90499356e-05  7.38701696e-05  9.48346482e-08 
 2.98100000e-10  1.10000000e+00  1.09998466e+00  5.89397240e-05  7.35756084e-05  9.17389848e-08 
 2.98300000e-10  1.10000000e+00  1.09998469e+00  5.88289743e-05  7.32846924e-05  9.48334150e-08 
 2.98500000e-10  1.10000000e+00  1.09998472e+00  5.87214923e-05  7.29973764e-05  9.17353481e-08 
 2.98700000e-10  1.10000000e+00  1.09998475e+00  5.86134485e-05  7.27136158e-05  9.48322367e-08 
 2.98900000e-10  1.10000000e+00  1.09998478e+00  5.85086288e-05  7.24333668e-05  9.17317748e-08 
 2.99100000e-10  1.10000000e+00  1.09998480e+00  5.84032243e-05  7.21565858e-05  9.48311119e-08 
 2.99300000e-10  1.10000000e+00  1.09998483e+00  5.83010015e-05  7.18832299e-05  9.17282635e-08 
 2.99500000e-10  1.10000000e+00  1.09998486e+00  5.81981714e-05  7.16132568e-05  9.48300394e-08 
 2.99700000e-10  1.10000000e+00  1.09998488e+00  5.80984814e-05  7.13466245e-05  9.17248128e-08 
 2.99900000e-10  1.10000000e+00  1.09998491e+00  5.79981626e-05  7.10832917e-05  9.48290173e-08 
 3.00100000e-10  1.10000000e+00  1.09998494e+00  5.79009430e-05  7.08232177e-05  9.17214213e-08 
 3.00300000e-10  1.10000000e+00  1.09998496e+00  5.78030738e-05  7.05663621e-05  9.48280449e-08 
 3.00500000e-10  1.10000000e+00  1.09998499e+00  5.77082638e-05  7.03126850e-05  9.17180875e-08 
 3.00700000e-10  1.10000000e+00  1.09998501e+00  5.76127840e-05  7.00621471e-05  9.48271204e-08 
 3.00900000e-10  1.10000000e+00  1.09998504e+00  5.75203242e-05  6.98147097e-05  9.17148106e-08 
 3.01100000e-10  1.10000000e+00  1.09998506e+00  5.74271752e-05  6.95703342e-05  9.48262428e-08 
 3.01300000e-10  1.10000000e+00  1.09998509e+00  5.73370077e-05  6.93289829e-05  9.17115887e-08 
 3.01500000e-10  1.10000000e+00  1.09998511e+00  5.72461322e-05  6.90906183e-05  9.48254108e-08 
 3.01700000e-10  1.10000000e+00  1.09998513e+00  5.71582005e-05  6.88552034e-05  9.17084209e-08 
 3.01900000e-10  1.10000000e+00  1.09998516e+00  5.70695426e-05  6.86227017e-05  9.48246234e-08 
 3.02100000e-10  1.10000000e+00  1.09998518e+00  5.69837917e-05  6.83930773e-05  9.17053060e-08 
 3.02300000e-10  1.10000000e+00  1.09998520e+00  5.68972970e-05  6.81662945e-05  9.48238789e-08 
 3.02500000e-10  1.10000000e+00  1.09998522e+00  5.68136730e-05  6.79423180e-05  9.17022427e-08 
 3.02700000e-10  1.10000000e+00  1.09998525e+00  5.67292885e-05  6.77211133e-05  9.48231768e-08 
 3.02900000e-10  1.10000000e+00  1.09998527e+00  5.66477391e-05  6.75026460e-05  9.16992302e-08 
 3.03100000e-10  1.10000000e+00  1.09998529e+00  5.65654128e-05  6.72868823e-05  9.48225154e-08 
 3.03300000e-10  1.10000000e+00  1.09998531e+00  5.64858869e-05  6.70737886e-05  9.16962668e-08 
 3.03500000e-10  1.10000000e+00  1.09998533e+00  5.64055684e-05  6.68633319e-05  9.48218942e-08 
 3.03700000e-10  1.10000000e+00  1.09998535e+00  5.63280160e-05  6.66554796e-05  9.16933516e-08 
 3.03900000e-10  1.10000000e+00  1.09998537e+00  5.62496560e-05  6.64501996e-05  9.48213116e-08 
 3.04100000e-10  1.10000000e+00  1.09998539e+00  5.61740286e-05  6.62474598e-05  9.16904839e-08 
 3.04300000e-10  1.10000000e+00  1.09998541e+00  5.60975789e-05  6.60472290e-05  9.48207669e-08 
 3.04500000e-10  1.10000000e+00  1.09998543e+00  5.60238290e-05  6.58494760e-05  9.16876622e-08 
 3.04700000e-10  1.10000000e+00  1.09998545e+00  5.59492427e-05  6.56541703e-05  9.48202588e-08 
 3.04900000e-10  1.10000000e+00  1.09998547e+00  5.58773241e-05  6.54612814e-05  9.16848858e-08 
 3.05100000e-10  1.10000000e+00  1.09998549e+00  5.58045556e-05  6.52707796e-05  9.48197867e-08 
 3.05300000e-10  1.10000000e+00  1.09998551e+00  5.57344230e-05  6.50826353e-05  9.16821535e-08 
 3.05500000e-10  1.10000000e+00  1.09998553e+00  5.56634276e-05  6.48968192e-05  9.48193494e-08 
 3.05700000e-10  1.10000000e+00  1.09998554e+00  5.55950371e-05  6.47133026e-05  9.16794642e-08 
 3.05900000e-10  1.10000000e+00  1.09998556e+00  5.55257712e-05  6.45320571e-05  9.48189460e-08 
 3.06100000e-10  1.10000000e+00  1.09998558e+00  5.54590799e-05  6.43530545e-05  9.16768173e-08 
 3.06300000e-10  1.10000000e+00  1.09998560e+00  5.53915011e-05  6.41762671e-05  9.48185753e-08 
 3.06500000e-10  1.10000000e+00  1.09998562e+00  5.53264671e-05  6.40016675e-05  9.16742114e-08 
 3.06700000e-10  1.10000000e+00  1.09998563e+00  5.52605340e-05  6.38292285e-05  9.48182370e-08 
 3.06900000e-10  1.10000000e+00  1.09998565e+00  5.51971163e-05  6.36589235e-05  9.16716462e-08 
 3.07100000e-10  1.10000000e+00  1.09998567e+00  5.51327885e-05  6.34907260e-05  9.48179300e-08 
 3.07300000e-10  1.10000000e+00  1.09998568e+00  5.50709474e-05  6.33246100e-05  9.16691204e-08 
 3.07500000e-10  1.10000000e+00  1.09998570e+00  5.50081855e-05  6.31605498e-05  9.48176531e-08 
 3.07700000e-10  1.10000000e+00  1.09998572e+00  5.49478821e-05  6.29985198e-05  9.16666331e-08 
 3.07900000e-10  1.10000000e+00  1.09998573e+00  5.48866476e-05  6.28384949e-05  9.48174057e-08 
 3.08100000e-10  1.10000000e+00  1.09998575e+00  5.48278440e-05  6.26804504e-05  9.16641837e-08 
 3.08300000e-10  1.10000000e+00  1.09998576e+00  5.47680995e-05  6.25243617e-05  9.48171872e-08 
 3.08500000e-10  1.10000000e+00  1.09998578e+00  5.47107587e-05  6.23702046e-05  9.16617713e-08 
 3.08700000e-10  1.10000000e+00  1.09998579e+00  5.46524676e-05  6.22179553e-05  9.48169966e-08 
 3.08900000e-10  1.10000000e+00  1.09998581e+00  5.45965536e-05  6.20675900e-05  9.16593950e-08 
 3.09100000e-10  1.10000000e+00  1.09998582e+00  5.45396802e-05  6.19190856e-05  9.48168331e-08 
 3.09300000e-10  1.10000000e+00  1.09998584e+00  5.44851577e-05  6.17724189e-05  9.16570540e-08 
 3.09500000e-10  1.10000000e+00  1.09998585e+00  5.44296673e-05  6.16275673e-05  9.48166959e-08 
 3.09700000e-10  1.10000000e+00  1.09998586e+00  5.43765020e-05  6.14845083e-05  9.16547478e-08 
 3.09900000e-10  1.10000000e+00  1.09998588e+00  5.43223606e-05  6.13432196e-05  9.48165849e-08 
 3.10100000e-10  1.10000000e+00  1.09998589e+00  5.42705191e-05  6.12036794e-05  9.16524754e-08 
 3.10300000e-10  1.10000000e+00  1.09998591e+00  5.42176936e-05  6.10658661e-05  9.48164982e-08 
 3.10500000e-10  1.10000000e+00  1.09998592e+00  5.41671433e-05  6.09297582e-05  9.16502359e-08 
 3.10700000e-10  1.10000000e+00  1.09998593e+00  5.41156014e-05  6.07953347e-05  9.48164360e-08 
 3.10900000e-10  1.10000000e+00  1.09998595e+00  5.40663103e-05  6.06625748e-05  9.16480291e-08 
 3.11100000e-10  1.10000000e+00  1.09998596e+00  5.40160206e-05  6.05314577e-05  9.48163976e-08 
 3.11300000e-10  1.10000000e+00  1.09998597e+00  5.39679577e-05  6.04019633e-05  9.16458538e-08 
 3.11500000e-10  1.10000000e+00  1.09998598e+00  5.39188894e-05  6.02740714e-05  9.48163820e-08 
 3.11700000e-10  1.10000000e+00  1.09998600e+00  5.38720245e-05  6.01477622e-05  9.16437097e-08 
 3.11900000e-10  1.10000000e+00  1.09998601e+00  5.38241476e-05  6.00230162e-05  9.48163887e-08 
 3.12100000e-10  1.10000000e+00  1.09998602e+00  5.37784511e-05  5.98998139e-05  9.16415957e-08 
 3.12300000e-10  1.10000000e+00  1.09998603e+00  5.37317364e-05  5.97781362e-05  9.48164171e-08 
 3.12500000e-10  1.10000000e+00  1.09998605e+00  5.36871794e-05  5.96579644e-05  9.16395119e-08 
 3.12700000e-10  1.10000000e+00  1.09998606e+00  5.36415984e-05  5.95392797e-05  9.48164664e-08 
 3.12900000e-10  1.10000000e+00  1.09998607e+00  5.35981530e-05  5.94220638e-05  9.16374568e-08 
 3.13100000e-10  1.10000000e+00  1.09998608e+00  5.35536779e-05  5.93062985e-05  9.48165362e-08 
 3.13300000e-10  1.10000000e+00  1.09998609e+00  5.35113164e-05  5.91919658e-05  9.16354303e-08 
 3.13500000e-10  1.10000000e+00  1.09998610e+00  5.34679201e-05  5.90790480e-05  9.48166259e-08 
 3.13700000e-10  1.10000000e+00  1.09998611e+00  5.34266159e-05  5.89675276e-05  9.16334315e-08 
 3.13900000e-10  1.10000000e+00  1.09998612e+00  5.33842719e-05  5.88573873e-05  9.48167348e-08 
 3.14100000e-10  1.10000000e+00  1.09998613e+00  5.33439990e-05  5.87486101e-05  9.16314602e-08 
 3.14300000e-10  1.10000000e+00  1.09998615e+00  5.33026815e-05  5.86411790e-05  9.48168623e-08 
 3.14500000e-10  1.10000000e+00  1.09998616e+00  5.32634143e-05  5.85350774e-05  9.16295153e-08 
 3.14700000e-10  1.10000000e+00  1.09998617e+00  5.32230981e-05  5.84302888e-05  9.48170083e-08 
 3.14900000e-10  1.10000000e+00  1.09998618e+00  5.31848119e-05  5.83267971e-05  9.16275968e-08 
 3.15100000e-10  1.10000000e+00  1.09998619e+00  5.31454725e-05  5.82245861e-05  9.48171719e-08 
 3.15300000e-10  1.10000000e+00  1.09998620e+00  5.31081430e-05  5.81236400e-05  9.16257040e-08 
 3.15500000e-10  1.10000000e+00  1.09998621e+00  5.30697564e-05  5.80239432e-05  9.48173525e-08 
 3.15700000e-10  1.10000000e+00  1.09998622e+00  5.30333600e-05  5.79254801e-05  9.16238360e-08 
 3.15900000e-10  1.10000000e+00  1.09998623e+00  5.29959030e-05  5.78282356e-05  9.48175498e-08 
 3.16100000e-10  1.10000000e+00  1.09998623e+00  5.29604167e-05  5.77321945e-05  9.16219927e-08 
 3.16300000e-10  1.10000000e+00  1.09998624e+00  5.29238663e-05  5.76373419e-05  9.48177633e-08 
 3.16500000e-10  1.10000000e+00  1.09998625e+00  5.28892676e-05  5.75436632e-05  9.16201732e-08 
 3.16700000e-10  1.10000000e+00  1.09998626e+00  5.28536017e-05  5.74511438e-05  9.48179925e-08 
 3.16900000e-10  1.10000000e+00  1.09998627e+00  5.28198687e-05  5.73597694e-05  9.16183777e-08 
 3.17100000e-10  1.10000000e+00  1.09998628e+00  5.27850655e-05  5.72695258e-05  9.48182367e-08 
 3.17300000e-10  1.10000000e+00  1.09998629e+00  5.27521769e-05  5.71803990e-05  9.16166048e-08 
 3.17500000e-10  1.10000000e+00  1.09998630e+00  5.27182154e-05  5.70923752e-05  9.48184958e-08 
 3.17700000e-10  1.10000000e+00  1.09998631e+00  5.26861503e-05  5.70054407e-05  9.16148546e-08 
 3.17900000e-10  1.10000000e+00  1.09998631e+00  5.26530097e-05  5.69195820e-05  9.48187692e-08 
 3.18100000e-10  1.10000000e+00  1.09998632e+00  5.26217478e-05  5.68347859e-05  9.16131264e-08 
 3.18300000e-10  1.10000000e+00  1.09998633e+00  5.25894081e-05  5.67510392e-05  9.48190565e-08 
 3.18500000e-10  1.10000000e+00  1.09998634e+00  5.25589296e-05  5.66683289e-05  9.16114201e-08 
 3.18700000e-10  1.10000000e+00  1.09998635e+00  5.25273711e-05  5.65866422e-05  9.48193570e-08 
 3.18900000e-10  1.10000000e+00  1.09998636e+00  5.24976565e-05  5.65059664e-05  9.16097347e-08 
 3.19100000e-10  1.10000000e+00  1.09998636e+00  5.24668602e-05  5.64262890e-05  9.48196707e-08 
 3.19300000e-10  1.10000000e+00  1.09998637e+00  5.24378908e-05  5.63475977e-05  9.16080704e-08 
 3.19500000e-10  1.10000000e+00  1.09998638e+00  5.24078379e-05  5.62698802e-05  9.48199972e-08 
 3.19700000e-10  1.10000000e+00  1.09998639e+00  5.23795951e-05  5.61931245e-05  9.16064262e-08 
 3.19900000e-10  1.10000000e+00  1.09998639e+00  5.23502675e-05  5.61173187e-05  9.48203358e-08 
 3.20100000e-10  1.10000000e+00  1.09998640e+00  5.23227335e-05  5.60424510e-05  9.16048020e-08 
 3.20300000e-10  1.10000000e+00  1.09998641e+00  5.22941133e-05  5.59685098e-05  9.48206862e-08 
 3.20500000e-10  1.10000000e+00  1.09998641e+00  5.22672706e-05  5.58954837e-05  9.16031972e-08 
 3.20700000e-10  1.10000000e+00  1.09998642e+00  5.22393405e-05  5.58233614e-05  9.48210481e-08 
 3.20900000e-10  1.10000000e+00  1.09998643e+00  5.22131720e-05  5.57521316e-05  9.16016118e-08 
 3.21100000e-10  1.10000000e+00  1.09998644e+00  5.21859151e-05  5.56817833e-05  9.48214214e-08 
 3.21300000e-10  1.10000000e+00  1.09998644e+00  5.21604042e-05  5.56123056e-05  9.16000451e-08 
 3.21500000e-10  1.10000000e+00  1.09998645e+00  5.21338040e-05  5.55436878e-05  9.48218051e-08 
 3.21700000e-10  1.10000000e+00  1.09998646e+00  5.21089344e-05  5.54759191e-05  9.15984966e-08 
 3.21900000e-10  1.10000000e+00  1.09998646e+00  5.20829748e-05  5.54089891e-05  9.48221996e-08 
 3.22100000e-10  1.10000000e+00  1.09998647e+00  5.20587306e-05  5.53428874e-05  9.15969664e-08 
 3.22300000e-10  1.10000000e+00  1.09998648e+00  5.20333960e-05  5.52776037e-05  9.48226038e-08 
 3.22500000e-10  1.10000000e+00  1.09998648e+00  5.20097618e-05  5.52131280e-05  9.15954538e-08 
 3.22700000e-10  1.10000000e+00  1.09998649e+00  5.19850369e-05  5.51494502e-05  9.48230180e-08 
 3.22900000e-10  1.10000000e+00  1.09998649e+00  5.19619976e-05  5.50865604e-05  9.15939583e-08 
 3.23100000e-10  1.10000000e+00  1.09998650e+00  5.19378674e-05  5.50244490e-05  9.48234417e-08 
 3.23300000e-10  1.10000000e+00  1.09998651e+00  5.19154083e-05  5.49631062e-05  9.15924800e-08 
 3.23500000e-10  1.10000000e+00  1.09998651e+00  5.18918583e-05  5.49025226e-05  9.48238746e-08 
 3.23700000e-10  1.10000000e+00  1.09998652e+00  5.18699651e-05  5.48426887e-05  9.15910184e-08 
 3.23900000e-10  1.10000000e+00  1.09998652e+00  5.18469810e-05  5.47835953e-05  9.48243162e-08 
 3.24100000e-10  1.10000000e+00  1.09998653e+00  5.18256396e-05  5.47252332e-05  9.15895729e-08 
 3.24300000e-10  1.10000000e+00  1.09998654e+00  5.18032076e-05  5.46675934e-05  9.48247662e-08 
 3.24500000e-10  1.10000000e+00  1.09998654e+00  5.17824046e-05  5.46106670e-05  9.15881433e-08 
 3.24700000e-10  1.10000000e+00  1.09998655e+00  5.17605112e-05  5.45544450e-05  9.48252248e-08 
 3.24900000e-10  1.10000000e+00  1.09998655e+00  5.17402330e-05  5.44989188e-05  9.15867297e-08 
 3.25100000e-10  1.10000000e+00  1.09998656e+00  5.17188650e-05  5.44440798e-05  9.48256909e-08 
 3.25300000e-10  1.10000000e+00  1.09998656e+00  5.16990988e-05  5.43899194e-05  9.15853315e-08 
 3.25500000e-10  1.10000000e+00  1.09998657e+00  5.16782434e-05  5.43364294e-05  9.48261651e-08 
 3.25700000e-10  1.10000000e+00  1.09998657e+00  5.16589765e-05  5.42836013e-05  9.15839480e-08 
 3.25900000e-10  1.10000000e+00  1.09998658e+00  5.16386211e-05  5.42314270e-05  9.48266467e-08 
 3.26100000e-10  1.10000000e+00  1.09998658e+00  5.16198411e-05  5.41798983e-05  9.15825796e-08 
 3.26300000e-10  1.10000000e+00  1.09998659e+00  5.15999734e-05  5.41290074e-05  9.48271354e-08 
 3.26500000e-10  1.10000000e+00  1.09998659e+00  5.15816684e-05  5.40787463e-05  9.15812258e-08 
 3.26700000e-10  1.10000000e+00  1.09998660e+00  5.15622766e-05  5.40291072e-05  9.48276311e-08 
 3.26900000e-10  1.10000000e+00  1.09998660e+00  5.15444347e-05  5.39800824e-05  9.15798860e-08 
 3.27100000e-10  1.10000000e+00  1.09998661e+00  5.15255071e-05  5.39316644e-05  9.48281333e-08 
 3.27300000e-10  1.10000000e+00  1.09998661e+00  5.15081168e-05  5.38838455e-05  9.15785604e-08 
 3.27500000e-10  1.10000000e+00  1.09998662e+00  5.14896421e-05  5.38366185e-05  9.48286422e-08 
 3.27700000e-10  1.10000000e+00  1.09998662e+00  5.14726924e-05  5.37899759e-05  9.15772484e-08 
 3.27900000e-10  1.10000000e+00  1.09998663e+00  5.14546594e-05  5.37439105e-05  9.48291570e-08 
 3.28100000e-10  1.10000000e+00  1.09998663e+00  5.14381393e-05  5.36984153e-05  9.15759498e-08 
 3.28300000e-10  1.10000000e+00  1.09998663e+00  5.14205373e-05  5.36534830e-05  9.48296779e-08 
 3.28500000e-10  1.10000000e+00  1.09998664e+00  5.14044362e-05  5.36091069e-05  9.15746645e-08 
 3.28700000e-10  1.10000000e+00  1.09998664e+00  5.13872546e-05  5.35652799e-05  9.48302045e-08 
 3.28900000e-10  1.10000000e+00  1.09998665e+00  5.13715621e-05  5.35219953e-05  9.15733922e-08 
 3.29100000e-10  1.10000000e+00  1.09998665e+00  5.13547907e-05  5.34792464e-05  9.48307366e-08 
 3.29300000e-10  1.10000000e+00  1.09998665e+00  5.13394967e-05  5.34370266e-05  9.15721325e-08 
 3.29500000e-10  1.10000000e+00  1.09998666e+00  5.13231254e-05  5.33953292e-05  9.48312742e-08 
 3.29700000e-10  1.10000000e+00  1.09998666e+00  5.13082201e-05  5.33541479e-05  9.15708854e-08 
 3.29900000e-10  1.10000000e+00  1.09998667e+00  5.12922391e-05  5.33134763e-05  9.48318167e-08 
 3.30100000e-10  1.10000000e+00  1.09998667e+00  5.12777128e-05  5.32733080e-05  9.15696504e-08 
 3.30300000e-10  1.10000000e+00  1.09998667e+00  5.12621127e-05  5.32336368e-05  9.48323643e-08 
 3.30500000e-10  1.10000000e+00  1.09998668e+00  5.12479559e-05  5.31944565e-05  9.15684277e-08 
 3.30700000e-10  1.10000000e+00  1.09998668e+00  5.12327273e-05  5.31557612e-05  9.48329166e-08 
 3.30900000e-10  1.10000000e+00  1.09998669e+00  5.12189310e-05  5.31175447e-05  9.15672165e-08 
 3.31100000e-10  1.10000000e+00  1.09998669e+00  5.12040649e-05  5.30798012e-05  9.48334734e-08 
 3.31300000e-10  1.10000000e+00  1.09998669e+00  5.11906201e-05  5.30425248e-05  9.15660172e-08 
 3.31500000e-10  1.10000000e+00  1.09998670e+00  5.11761075e-05  5.30057097e-05  9.48340346e-08 
 3.31700000e-10  1.10000000e+00  1.09998670e+00  5.11630056e-05  5.29693503e-05  9.15648290e-08 
 3.31900000e-10  1.10000000e+00  1.09998670e+00  5.11488379e-05  5.29334408e-05  9.48345999e-08 
 3.32100000e-10  1.10000000e+00  1.09998671e+00  5.11360703e-05  5.28979757e-05  9.15636521e-08 
 3.32300000e-10  1.10000000e+00  1.09998671e+00  5.11222392e-05  5.28629495e-05  9.48351691e-08 
 3.32500000e-10  1.10000000e+00  1.09998671e+00  5.11097977e-05  5.28283568e-05  9.15624865e-08 
 3.32700000e-10  1.10000000e+00  1.09998672e+00  5.10962948e-05  5.27941923e-05  9.48357423e-08 
 3.32900000e-10  1.10000000e+00  1.09998672e+00  5.10841712e-05  5.27604505e-05  9.15613313e-08 
 3.33100000e-10  1.10000000e+00  1.09998672e+00  5.10709887e-05  5.27271263e-05  9.48363190e-08 
 3.33300000e-10  1.10000000e+00  1.09998673e+00  5.10591752e-05  5.26942146e-05  9.15601870e-08 
 3.33500000e-10  1.10000000e+00  1.09998673e+00  5.10463051e-05  5.26617101e-05  9.48368991e-08 
 3.33700000e-10  1.10000000e+00  1.09998673e+00  5.10347940e-05  5.26296079e-05  9.15590529e-08 
 3.33900000e-10  1.10000000e+00  1.09998674e+00  5.10222288e-05  5.25979031e-05  9.48374828e-08 
 3.34100000e-10  1.10000000e+00  1.09998674e+00  5.10110126e-05  5.25665905e-05  9.15579291e-08 
 3.34300000e-10  1.10000000e+00  1.09998674e+00  5.09987448e-05  5.25356655e-05  9.48380695e-08 
 3.34500000e-10  1.10000000e+00  1.09998675e+00  5.09878161e-05  5.25051233e-05  9.15568155e-08 
 3.34700000e-10  1.10000000e+00  1.09998675e+00  5.09758384e-05  5.24749590e-05  9.48386593e-08 
 3.34900000e-10  1.10000000e+00  1.09998675e+00  5.09651902e-05  5.24451680e-05  9.15557117e-08 
 3.35100000e-10  1.10000000e+00  1.09998675e+00  5.09534956e-05  5.24157457e-05  9.48392519e-08 
 3.35300000e-10  1.10000000e+00  1.09998676e+00  5.09431209e-05  5.23866876e-05  9.15546175e-08 
 3.35500000e-10  1.10000000e+00  1.09998676e+00  5.09317025e-05  5.23579890e-05  9.48398473e-08 
 3.35700000e-10  1.10000000e+00  1.09998676e+00  5.09215945e-05  5.23296457e-05  9.15535330e-08 
 3.35900000e-10  1.10000000e+00  1.09998677e+00  5.09104455e-05  5.23016531e-05  9.48404454e-08 
 3.36100000e-10  1.10000000e+00  1.09998677e+00  5.09005976e-05  5.22740069e-05  9.15524579e-08 
 3.36300000e-10  1.10000000e+00  1.09998677e+00  5.08897114e-05  5.22467029e-05  9.48410456e-08 
 3.36500000e-10  1.10000000e+00  1.09998677e+00  5.08801171e-05  5.22197368e-05  9.15513920e-08 
 3.36700000e-10  1.10000000e+00  1.09998678e+00  5.08694874e-05  5.21931044e-05  9.48416486e-08 
 3.36900000e-10  1.10000000e+00  1.09998678e+00  5.08601405e-05  5.21668016e-05  9.15503351e-08 
 3.37100000e-10  1.10000000e+00  1.09998678e+00  5.08497610e-05  5.21408244e-05  9.48422534e-08 
 3.37300000e-10  1.10000000e+00  1.09998678e+00  5.08406552e-05  5.21151686e-05  9.15492873e-08 
 3.37500000e-10  1.10000000e+00  1.09998679e+00  5.08305198e-05  5.20898304e-05  9.48428606e-08 
 3.37700000e-10  1.10000000e+00  1.09998679e+00  5.08216492e-05  5.20648057e-05  9.15482482e-08 
 3.37900000e-10  1.10000000e+00  1.09998679e+00  5.08117520e-05  5.20400908e-05  9.48434696e-08 
 3.38100000e-10  1.10000000e+00  1.09998679e+00  5.08031108e-05  5.20156817e-05  9.15472178e-08 
 3.38300000e-10  1.10000000e+00  1.09998680e+00  5.07934459e-05  5.19915747e-05  9.48440804e-08 
 3.38500000e-10  1.10000000e+00  1.09998680e+00  5.07850283e-05  5.19677660e-05  9.15461957e-08 
 3.38700000e-10  1.10000000e+00  1.09998680e+00  5.07755901e-05  5.19442520e-05  9.48446929e-08 
 3.38900000e-10  1.10000000e+00  1.09998680e+00  5.07673907e-05  5.19210290e-05  9.15451823e-08 
 3.39100000e-10  1.10000000e+00  1.09998680e+00  5.07581737e-05  5.18980934e-05  9.48453071e-08 
 3.39300000e-10  1.10000000e+00  1.09998681e+00  5.07501869e-05  5.18754417e-05  9.15441768e-08 
 3.39500000e-10  1.10000000e+00  1.09998681e+00  5.07411856e-05  5.18530703e-05  9.48459228e-08 
 3.39700000e-10  1.10000000e+00  1.09998681e+00  5.07334062e-05  5.18309757e-05  9.15431797e-08 
 3.39900000e-10  1.10000000e+00  1.09998681e+00  5.07246156e-05  5.18091546e-05  9.48465399e-08 
 3.40100000e-10  1.10000000e+00  1.09998681e+00  5.07170384e-05  5.17876036e-05  9.15421904e-08 
 3.40300000e-10  1.10000000e+00  1.09998682e+00  5.07084531e-05  5.17663193e-05  9.48471583e-08 
 3.40500000e-10  1.10000000e+00  1.09998682e+00  5.07010732e-05  5.17452984e-05  9.15412090e-08 
 3.40700000e-10  1.10000000e+00  1.09998682e+00  5.06926883e-05  5.17245376e-05  9.48477779e-08 
 3.40900000e-10  1.10000000e+00  1.09998682e+00  5.06855006e-05  5.17040338e-05  9.15402351e-08 
 3.41100000e-10  1.10000000e+00  1.09998682e+00  5.06773113e-05  5.16837837e-05  9.48483986e-08 
 3.41300000e-10  1.10000000e+00  1.09998683e+00  5.06703112e-05  5.16637843e-05  9.15392692e-08 
 3.41500000e-10  1.10000000e+00  1.09998683e+00  5.06623126e-05  5.16440324e-05  9.48490202e-08 
 3.41700000e-10  1.10000000e+00  1.09998683e+00  5.06554953e-05  5.16245249e-05  9.15383106e-08 
 3.41900000e-10  1.10000000e+00  1.09998683e+00  5.06476829e-05  5.16052588e-05  9.48496428e-08 
 3.42100000e-10  1.10000000e+00  1.09998683e+00  5.06410439e-05  5.15862312e-05  9.15373592e-08 
 3.42300000e-10  1.10000000e+00  1.09998684e+00  5.06334132e-05  5.15674391e-05  9.48502663e-08 
 3.42500000e-10  1.10000000e+00  1.09998684e+00  5.06269480e-05  5.15488795e-05  9.15364153e-08 
 3.42700000e-10  1.10000000e+00  1.09998684e+00  5.06194944e-05  5.15305496e-05  9.48508905e-08 
 3.42900000e-10  1.10000000e+00  1.09998684e+00  5.06131988e-05  5.15124466e-05  9.15354784e-08 
 3.43100000e-10  1.10000000e+00  1.09998684e+00  5.06059181e-05  5.14945676e-05  9.48515152e-08 
 3.43300000e-10  1.10000000e+00  1.09998684e+00  5.05997878e-05  5.14769099e-05  9.15345486e-08 
 3.43500000e-10  1.10000000e+00  1.09998685e+00  5.05926758e-05  5.14594707e-05  9.48521403e-08 
 3.43700000e-10  1.10000000e+00  1.09998685e+00  5.05867067e-05  5.14422474e-05  9.15336257e-08 
 3.43900000e-10  1.10000000e+00  1.09998685e+00  5.05797593e-05  5.14252372e-05  9.48527664e-08 
 3.44100000e-10  1.10000000e+00  1.09998685e+00  5.05739473e-05  5.14084375e-05  9.15327098e-08 
 3.44300000e-10  1.10000000e+00  1.09998685e+00  5.05671606e-05  5.13918458e-05  9.48533925e-08 
 3.44500000e-10  1.10000000e+00  1.09998685e+00  5.05615018e-05  5.13754593e-05  9.15318003e-08 
 3.44700000e-10  1.10000000e+00  1.09998686e+00  5.05548718e-05  5.13592757e-05  9.48540190e-08 
 3.44900000e-10  1.10000000e+00  1.09998686e+00  5.05493625e-05  5.13432924e-05  9.15308977e-08 
 3.45100000e-10  1.10000000e+00  1.09998686e+00  5.05428853e-05  5.13275069e-05  9.48546459e-08 
 3.45300000e-10  1.10000000e+00  1.09998686e+00  5.05375217e-05  5.13119167e-05  9.15300016e-08 
 3.45500000e-10  1.10000000e+00  1.09998686e+00  5.05311937e-05  5.12965195e-05  9.48552729e-08 
 3.45700000e-10  1.10000000e+00  1.09998686e+00  5.05259722e-05  5.12813128e-05  9.15291118e-08 
 3.45900000e-10  1.10000000e+00  1.09998687e+00  5.05197898e-05  5.12662944e-05  9.48559001e-08 
 3.46100000e-10  1.10000000e+00  1.09998687e+00  5.05147067e-05  5.12514618e-05  9.15282285e-08 
 3.46300000e-10  1.10000000e+00  1.09998687e+00  5.05086664e-05  5.12368128e-05  9.48565272e-08 
 3.46500000e-10  1.10000000e+00  1.09998687e+00  5.05037184e-05  5.12223450e-05  9.15273514e-08 
 3.46700000e-10  1.10000000e+00  1.09998687e+00  5.04978167e-05  5.12080564e-05  9.48571544e-08 
 3.46900000e-10  1.10000000e+00  1.09998687e+00  5.04930004e-05  5.11939445e-05  9.15264805e-08 
 3.47100000e-10  1.10000000e+00  1.09998687e+00  5.04872339e-05  5.11800074e-05  9.48577814e-08 
 3.47300000e-10  1.10000000e+00  1.09998687e+00  5.04825460e-05  5.11662427e-05  9.15256156e-08 
 3.47500000e-10  1.10000000e+00  1.09998688e+00  5.04769114e-05  5.11526483e-05  9.48584085e-08 
 3.47700000e-10  1.10000000e+00  1.09998688e+00  5.04723487e-05  5.11392222e-05  9.15247568e-08 
 3.47900000e-10  1.10000000e+00  1.09998688e+00  5.04668430e-05  5.11259623e-05  9.48590351e-08 
 3.48100000e-10  1.10000000e+00  1.09998688e+00  5.04624023e-05  5.11128664e-05  9.15239038e-08 
 3.48300000e-10  1.10000000e+00  1.09998688e+00  5.04570222e-05  5.10999327e-05  9.48596615e-08 
 3.48500000e-10  1.10000000e+00  1.09998688e+00  5.04527005e-05  5.10871590e-05  9.15230566e-08 
 3.48700000e-10  1.10000000e+00  1.09998688e+00  5.04474430e-05  5.10745434e-05  9.48602874e-08 
 3.48900000e-10  1.10000000e+00  1.09998688e+00  5.04432374e-05  5.10620840e-05  9.15222155e-08 
 3.49100000e-10  1.10000000e+00  1.09998689e+00  5.04380995e-05  5.10497787e-05  9.48609135e-08 
 3.49300000e-10  1.10000000e+00  1.09998689e+00  5.04340070e-05  5.10376257e-05  9.15213797e-08 
 3.49500000e-10  1.10000000e+00  1.09998689e+00  5.04289859e-05  5.10256232e-05  9.48615386e-08 
 3.49700000e-10  1.10000000e+00  1.09998689e+00  5.04250037e-05  5.10137691e-05  9.15205495e-08 
 3.49900000e-10  1.10000000e+00  1.09998689e+00  5.04200965e-05  5.10020618e-05  9.48621636e-08 
 3.50100000e-10  1.10000000e+00  1.09998689e+00  5.04162218e-05  5.09904994e-05  9.15197249e-08 
 3.50300000e-10  1.10000000e+00  1.09998689e+00  5.04114258e-05  5.09790801e-05  9.48627877e-08 
 3.50500000e-10  1.10000000e+00  1.09998689e+00  5.04076560e-05  5.09678021e-05  9.15189059e-08 
 3.50700000e-10  1.10000000e+00  1.09998689e+00  5.04029684e-05  5.09566637e-05  9.48634115e-08 
 3.50900000e-10  1.10000000e+00  1.09998690e+00  5.03993008e-05  5.09456631e-05  9.15180923e-08 
 3.51100000e-10  1.10000000e+00  1.09998690e+00  5.03947191e-05  5.09347987e-05  9.48640346e-08 
 3.51300000e-10  1.10000000e+00  1.09998690e+00  5.03911511e-05  5.09240687e-05  9.15172837e-08 
 3.51500000e-10  1.10000000e+00  1.09998690e+00  5.03866728e-05  5.09134715e-05  9.48646571e-08 
 3.51700000e-10  1.10000000e+00  1.09998690e+00  5.03832020e-05  5.09030055e-05  9.15164809e-08 
 3.51900000e-10  1.10000000e+00  1.09998690e+00  5.03788244e-05  5.08926690e-05  9.48652786e-08 
 3.52100000e-10  1.10000000e+00  1.09998690e+00  5.03754483e-05  5.08824605e-05  9.15156829e-08 
 3.52300000e-10  1.10000000e+00  1.09998690e+00  5.03711691e-05  5.08723782e-05  9.48658996e-08 
 3.52500000e-10  1.10000000e+00  1.09998690e+00  5.03678853e-05  5.08624208e-05  9.15148901e-08 
 3.52700000e-10  1.10000000e+00  1.09998690e+00  5.03637022e-05  5.08525866e-05  9.48665198e-08 
 3.52900000e-10  1.10000000e+00  1.09998691e+00  5.03605084e-05  5.08428741e-05  9.15141021e-08 
 3.53100000e-10  1.10000000e+00  1.09998691e+00  5.03564189e-05  5.08332818e-05  9.48671389e-08 
 3.53300000e-10  1.10000000e+00  1.09998691e+00  5.03533129e-05  5.08238082e-05  9.15133195e-08 
 3.53500000e-10  1.10000000e+00  1.09998691e+00  5.03493149e-05  5.08144519e-05  9.48677574e-08 
 3.53700000e-10  1.10000000e+00  1.09998691e+00  5.03462944e-05  5.08052114e-05  9.15125415e-08 
 3.53900000e-10  1.10000000e+00  1.09998691e+00  5.03423856e-05  5.07960852e-05  9.48683749e-08 
 3.54100000e-10  1.10000000e+00  1.09998691e+00  5.03394485e-05  5.07870720e-05  9.15117687e-08 
 3.54300000e-10  1.10000000e+00  1.09998691e+00  5.03356268e-05  5.07781703e-05  9.48689913e-08 
 3.54500000e-10  1.10000000e+00  1.09998691e+00  5.03327711e-05  5.07693788e-05  9.15110003e-08 
 3.54700000e-10  1.10000000e+00  1.09998691e+00  5.03290343e-05  5.07606961e-05  9.48696068e-08 
 3.54900000e-10  1.10000000e+00  1.09998691e+00  5.03262578e-05  5.07521208e-05  9.15102367e-08 
 3.55100000e-10  1.10000000e+00  1.09998692e+00  5.03226040e-05  5.07436517e-05  9.48702212e-08 
 3.55300000e-10  1.10000000e+00  1.09998692e+00  5.03199048e-05  5.07352874e-05  9.15094781e-08 
 3.55500000e-10  1.10000000e+00  1.09998692e+00  5.03163319e-05  5.07270267e-05  9.48708344e-08 
 3.55700000e-10  1.10000000e+00  1.09998692e+00  5.03137080e-05  5.07188681e-05  9.15087239e-08 
 3.55900000e-10  1.10000000e+00  1.09998692e+00  5.03102141e-05  5.07108105e-05  9.48714468e-08 
 3.56100000e-10  1.10000000e+00  1.09998692e+00  5.03076636e-05  5.07028527e-05  9.15079745e-08 
 3.56300000e-10  1.10000000e+00  1.09998692e+00  5.03042469e-05  5.06949933e-05  9.48720579e-08 
 3.56500000e-10  1.10000000e+00  1.09998692e+00  5.03017679e-05  5.06872312e-05  9.15072293e-08 
 3.56700000e-10  1.10000000e+00  1.09998692e+00  5.02984264e-05  5.06795652e-05  9.48726677e-08 
 3.56900000e-10  1.10000000e+00  1.09998692e+00  5.02960173e-05  5.06719941e-05  9.15064889e-08 
 3.57100000e-10  1.10000000e+00  1.09998692e+00  5.02927492e-05  5.06645166e-05  9.48732765e-08 
 3.57300000e-10  1.10000000e+00  1.09998692e+00  5.02904080e-05  5.06571317e-05  9.15057527e-08 
 3.57500000e-10  1.10000000e+00  1.09998692e+00  5.02872116e-05  5.06498382e-05  9.48738841e-08 
 3.57700000e-10  1.10000000e+00  1.09998692e+00  5.02849368e-05  5.06426350e-05  9.15050210e-08 
 3.57900000e-10  1.10000000e+00  1.09998693e+00  5.02818103e-05  5.06355209e-05  9.48744905e-08 
 3.58100000e-10  1.10000000e+00  1.09998693e+00  5.02796001e-05  5.06284948e-05  9.15042936e-08 
 3.58300000e-10  1.10000000e+00  1.09998693e+00  5.02765419e-05  5.06215557e-05  9.48750953e-08 
 3.58500000e-10  1.10000000e+00  1.09998693e+00  5.02743946e-05  5.06147025e-05  9.15035706e-08 
 3.58700000e-10  1.10000000e+00  1.09998693e+00  5.02714031e-05  5.06079341e-05  9.48756991e-08 
 3.58900000e-10  1.10000000e+00  1.09998693e+00  5.02693172e-05  5.06012495e-05  9.15028516e-08 
 3.59100000e-10  1.10000000e+00  1.09998693e+00  5.02663907e-05  5.05946476e-05  9.48763014e-08 
 3.59300000e-10  1.10000000e+00  1.09998693e+00  5.02643647e-05  5.05881274e-05  9.15021370e-08 
 3.59500000e-10  1.10000000e+00  1.09998693e+00  5.02615017e-05  5.05816879e-05  9.48769024e-08 
 3.59700000e-10  1.10000000e+00  1.09998693e+00  5.02595340e-05  5.05753281e-05  9.15014263e-08 
 3.59900000e-10  1.10000000e+00  1.09998693e+00  5.02567330e-05  5.05690470e-05  9.48775019e-08 
 3.60100000e-10  1.10000000e+00  1.09998693e+00  5.02548221e-05  5.05628437e-05  9.15007198e-08 
 3.60300000e-10  1.10000000e+00  1.09998693e+00  5.02520815e-05  5.05567171e-05  9.48781000e-08 
 3.60500000e-10  1.10000000e+00  1.09998693e+00  5.02502261e-05  5.05506663e-05  9.15000174e-08 
 3.60700000e-10  1.10000000e+00  1.09998693e+00  5.02475446e-05  5.05446905e-05  9.48786970e-08 
 3.60900000e-10  1.10000000e+00  1.09998693e+00  5.02457431e-05  5.05387886e-05  9.14993192e-08 
 3.61100000e-10  1.10000000e+00  1.09998694e+00  5.02431192e-05  5.05329597e-05  9.48792921e-08 
 3.61300000e-10  1.10000000e+00  1.09998694e+00  5.02413704e-05  5.05272030e-05  9.14986245e-08 
 3.61500000e-10  1.10000000e+00  1.09998694e+00  5.02388028e-05  5.05215175e-05  9.48798862e-08 
 3.61700000e-10  1.10000000e+00  1.09998694e+00  5.02371052e-05  5.05159024e-05  9.14979342e-08 
 3.61900000e-10  1.10000000e+00  1.09998694e+00  5.02345926e-05  5.05103568e-05  9.48804785e-08 
 3.62100000e-10  1.10000000e+00  1.09998694e+00  5.02329450e-05  5.05048798e-05  9.14972475e-08 
 3.62300000e-10  1.10000000e+00  1.09998694e+00  5.02304859e-05  5.04994706e-05  9.48810695e-08 
 3.62500000e-10  1.10000000e+00  1.09998694e+00  5.02288870e-05  5.04941283e-05  9.14965647e-08 
 3.62700000e-10  1.10000000e+00  1.09998694e+00  5.02264803e-05  5.04888522e-05  9.48816588e-08 
 3.62900000e-10  1.10000000e+00  1.09998694e+00  5.02249289e-05  5.04836414e-05  9.14958857e-08 
 3.63100000e-10  1.10000000e+00  1.09998694e+00  5.02225732e-05  5.04784950e-05  9.48822465e-08 
 3.63300000e-10  1.10000000e+00  1.09998694e+00  5.02210681e-05  5.04734124e-05  9.14952105e-08 
 3.63500000e-10  1.10000000e+00  1.09998694e+00  5.02187623e-05  5.04683926e-05  9.48828327e-08 
 3.63700000e-10  1.10000000e+00  1.09998694e+00  5.02173023e-05  5.04634350e-05  9.14945388e-08 
 3.63900000e-10  1.10000000e+00  1.09998694e+00  5.02150452e-05  5.04585387e-05  9.48834174e-08 
 3.64100000e-10  1.10000000e+00  1.09998694e+00  5.02136291e-05  5.04537030e-05  9.14938712e-08 
 3.64300000e-10  1.10000000e+00  1.09998694e+00  5.02114195e-05  5.04489272e-05  9.48840005e-08 
 3.64500000e-10  1.10000000e+00  1.09998694e+00  5.02100462e-05  5.04442105e-05  9.14932070e-08 
 3.64700000e-10  1.10000000e+00  1.09998694e+00  5.02078830e-05  5.04395522e-05  9.48845819e-08 
 3.64900000e-10  1.10000000e+00  1.09998694e+00  5.02065515e-05  5.04349515e-05  9.14925465e-08 
 3.65100000e-10  1.10000000e+00  1.09998695e+00  5.02044336e-05  5.04304077e-05  9.48851618e-08 
 3.65300000e-10  1.10000000e+00  1.09998695e+00  5.02031427e-05  5.04259202e-05  9.14918896e-08 
 3.65500000e-10  1.10000000e+00  1.09998695e+00  5.02010690e-05  5.04214883e-05  9.48857400e-08 
 3.65700000e-10  1.10000000e+00  1.09998695e+00  5.01998177e-05  5.04171111e-05  9.14912363e-08 
 3.65900000e-10  1.10000000e+00  1.09998695e+00  5.01977872e-05  5.04127882e-05  9.48863166e-08 
 3.66100000e-10  1.10000000e+00  1.09998695e+00  5.01965745e-05  5.04085187e-05  9.14905863e-08 
 3.66300000e-10  1.10000000e+00  1.09998695e+00  5.01945861e-05  5.04043021e-05  9.48868914e-08 
 3.66500000e-10  1.10000000e+00  1.09998695e+00  5.01934111e-05  5.04001377e-05  9.14899403e-08 
 3.66700000e-10  1.10000000e+00  1.09998695e+00  5.01914639e-05  5.03960248e-05  9.48874646e-08 
 3.66900000e-10  1.10000000e+00  1.09998695e+00  5.01903255e-05  5.03919628e-05  9.14892972e-08 
 3.67100000e-10  1.10000000e+00  1.09998695e+00  5.01884184e-05  5.03879511e-05  9.48880360e-08 
 3.67300000e-10  1.10000000e+00  1.09998695e+00  5.01873158e-05  5.03839891e-05  9.14886576e-08 
 3.67500000e-10  1.10000000e+00  1.09998695e+00  5.01854479e-05  5.03800761e-05  9.48886057e-08 
 3.67700000e-10  1.10000000e+00  1.09998695e+00  5.01843800e-05  5.03762115e-05  9.14880217e-08 
 3.67900000e-10  1.10000000e+00  1.09998695e+00  5.01825505e-05  5.03723947e-05  9.48891739e-08 
 3.68100000e-10  1.10000000e+00  1.09998695e+00  5.01815165e-05  5.03686252e-05  9.14873887e-08 
 3.68300000e-10  1.10000000e+00  1.09998695e+00  5.01797244e-05  5.03649023e-05  9.48897404e-08 
 3.68500000e-10  1.10000000e+00  1.09998695e+00  5.01787234e-05  5.03612255e-05  9.14867597e-08 
 3.68700000e-10  1.10000000e+00  1.09998695e+00  5.01769678e-05  5.03575942e-05  9.48903050e-08 
 3.68900000e-10  1.10000000e+00  1.09998695e+00  5.01759990e-05  5.03540079e-05  9.14861333e-08 
 3.69100000e-10  1.10000000e+00  1.09998695e+00  5.01742790e-05  5.03504659e-05  9.48908678e-08 
 3.69300000e-10  1.10000000e+00  1.09998695e+00  5.01733416e-05  5.03469678e-05  9.14855106e-08 
 3.69500000e-10  1.10000000e+00  1.09998695e+00  5.01716564e-05  5.03435130e-05  9.48914292e-08 
 3.69700000e-10  1.10000000e+00  1.09998695e+00  5.01707496e-05  5.03401009e-05  9.14848910e-08 
 3.69900000e-10  1.10000000e+00  1.09998695e+00  5.01690984e-05  5.03367310e-05  9.48919884e-08 
 3.70100000e-10  1.10000000e+00  1.09998695e+00  5.01682213e-05  5.03334029e-05  9.14842746e-08 
 3.70300000e-10  1.10000000e+00  1.09998695e+00  5.01666033e-05  5.03301160e-05  9.48925462e-08 
 3.70500000e-10  1.10000000e+00  1.09998696e+00  5.01657552e-05  5.03268697e-05  9.14836615e-08 
 3.70700000e-10  1.10000000e+00  1.09998696e+00  5.01641696e-05  5.03236636e-05  9.48931020e-08 
 3.70900000e-10  1.10000000e+00  1.09998696e+00  5.01633497e-05  5.03204972e-05  9.14830515e-08 
 3.71100000e-10  1.10000000e+00  1.09998696e+00  5.01617958e-05  5.03173700e-05  9.48936562e-08 
 3.71300000e-10  1.10000000e+00  1.09998696e+00  5.01610034e-05  5.03142815e-05  9.14824445e-08 
 3.71500000e-10  1.10000000e+00  1.09998696e+00  5.01594804e-05  5.03112312e-05  9.48942084e-08 
 3.71700000e-10  1.10000000e+00  1.09998696e+00  5.01587148e-05  5.03082186e-05  9.14818407e-08 
 3.71900000e-10  1.10000000e+00  1.09998696e+00  5.01572219e-05  5.03052434e-05  9.48947589e-08 
 3.72100000e-10  1.10000000e+00  1.09998696e+00  5.01564824e-05  5.03023049e-05  9.14812402e-08 
 3.72300000e-10  1.10000000e+00  1.09998696e+00  5.01550191e-05  5.02994029e-05  9.48953076e-08 
 3.72500000e-10  1.10000000e+00  1.09998696e+00  5.01543050e-05  5.02965367e-05  9.14806426e-08 
 3.72700000e-10  1.10000000e+00  1.09998696e+00  5.01528704e-05  5.02937060e-05  9.48958544e-08 
 3.72900000e-10  1.10000000e+00  1.09998696e+00  5.01521811e-05  5.02909104e-05  9.14800478e-08 
 3.73100000e-10  1.10000000e+00  1.09998696e+00  5.01507747e-05  5.02881493e-05  9.48963996e-08 
 3.73300000e-10  1.10000000e+00  1.09998696e+00  5.01501095e-05  5.02854225e-05  9.14794563e-08 
 3.73500000e-10  1.10000000e+00  1.09998696e+00  5.01487305e-05  5.02827293e-05  9.48969427e-08 
 3.73700000e-10  1.10000000e+00  1.09998696e+00  5.01480887e-05  5.02800696e-05  9.14788679e-08 
 3.73900000e-10  1.10000000e+00  1.09998696e+00  5.01467366e-05  5.02774427e-05  9.48974843e-08 
 3.74100000e-10  1.10000000e+00  1.09998696e+00  5.01461177e-05  5.02748483e-05  9.14782821e-08 
 3.74300000e-10  1.10000000e+00  1.09998696e+00  5.01447917e-05  5.02722861e-05  9.48980237e-08 
 3.74500000e-10  1.10000000e+00  1.09998696e+00  5.01441952e-05  5.02697555e-05  9.14776994e-08 
 3.74700000e-10  1.10000000e+00  1.09998696e+00  5.01428948e-05  5.02672563e-05  9.48985616e-08 
 3.74900000e-10  1.10000000e+00  1.09998696e+00  5.01423199e-05  5.02647880e-05  9.14771198e-08 
 3.75100000e-10  1.10000000e+00  1.09998696e+00  5.01410445e-05  5.02623503e-05  9.48990976e-08 
 3.75300000e-10  1.10000000e+00  1.09998696e+00  5.01404907e-05  5.02599427e-05  9.14765427e-08 
 3.75500000e-10  1.10000000e+00  1.09998696e+00  5.01392398e-05  5.02575649e-05  9.48996316e-08 
 3.75700000e-10  1.10000000e+00  1.09998696e+00  5.01387066e-05  5.02552166e-05  9.14759687e-08 
 3.75900000e-10  1.10000000e+00  1.09998696e+00  5.01374794e-05  5.02528973e-05  9.49001639e-08 
 3.76100000e-10  1.10000000e+00  1.09998696e+00  5.01369662e-05  5.02506067e-05  9.14753976e-08 
 3.76300000e-10  1.10000000e+00  1.09998696e+00  5.01357624e-05  5.02483445e-05  9.49006942e-08 
 3.76500000e-10  1.10000000e+00  1.09998696e+00  5.01352687e-05  5.02461102e-05  9.14748291e-08 
 3.76700000e-10  1.10000000e+00  1.09998696e+00  5.01340877e-05  5.02439037e-05  9.49012230e-08 
 3.76900000e-10  1.10000000e+00  1.09998696e+00  5.01336130e-05  5.02417244e-05  9.14742636e-08 
 3.77100000e-10  1.10000000e+00  1.09998696e+00  5.01324541e-05  5.02395721e-05  9.49017497e-08 
 3.77300000e-10  1.10000000e+00  1.09998696e+00  5.01319979e-05  5.02374464e-05  9.14737008e-08 
 3.77500000e-10  1.10000000e+00  1.09998696e+00  5.01308608e-05  5.02353471e-05  9.49022745e-08 
 3.77700000e-10  1.10000000e+00  1.09998696e+00  5.01304226e-05  5.02332737e-05  9.14731408e-08 
 3.77900000e-10  1.10000000e+00  1.09998696e+00  5.01293067e-05  5.02312260e-05  9.49027975e-08 
 3.78100000e-10  1.10000000e+00  1.09998696e+00  5.01288860e-05  5.02292036e-05  9.14725836e-08 
 3.78300000e-10  1.10000000e+00  1.09998696e+00  5.01277908e-05  5.02272063e-05  9.49033187e-08 
 3.78500000e-10  1.10000000e+00  1.09998696e+00  5.01273872e-05  5.02252337e-05  9.14720292e-08 
 3.78700000e-10  1.10000000e+00  1.09998696e+00  5.01263122e-05  5.02232855e-05  9.49038380e-08 
 3.78900000e-10  1.10000000e+00  1.09998697e+00  5.01259252e-05  5.02213614e-05  9.14714772e-08 
 3.79100000e-10  1.10000000e+00  1.09998697e+00  5.01248701e-05  5.02194611e-05  9.49043554e-08 
 3.79300000e-10  1.10000000e+00  1.09998697e+00  5.01244992e-05  5.02175844e-05  9.14709280e-08 
 3.79500000e-10  1.10000000e+00  1.09998697e+00  5.01234634e-05  5.02157308e-05  9.49048710e-08 
 3.79700000e-10  1.10000000e+00  1.09998697e+00  5.01231082e-05  5.02139002e-05  9.14703816e-08 
 3.79900000e-10  1.10000000e+00  1.09998697e+00  5.01220913e-05  5.02120923e-05  9.49053845e-08 
 3.80100000e-10  1.10000000e+00  1.09998697e+00  5.01217515e-05  5.02103067e-05  9.14698375e-08 
 3.80300000e-10  1.10000000e+00  1.09998697e+00  5.01207530e-05  5.02085433e-05  9.49058965e-08 
 3.80500000e-10  1.10000000e+00  1.09998697e+00  5.01204281e-05  5.02068016e-05  9.14692964e-08 
 3.80700000e-10  1.10000000e+00  1.09998697e+00  5.01194477e-05  5.02050816e-05  9.49064064e-08 
 3.80900000e-10  1.10000000e+00  1.09998697e+00  5.01191372e-05  5.02033828e-05  9.14687579e-08 
 3.81100000e-10  1.10000000e+00  1.09998697e+00  5.01181744e-05  5.02017050e-05  9.49069145e-08 
 3.81300000e-10  1.10000000e+00  1.09998697e+00  5.01178781e-05  5.02000480e-05  9.14682218e-08 
 3.81500000e-10  1.10000000e+00  1.09998697e+00  5.01169325e-05  5.01984115e-05  9.49074205e-08 
 3.81700000e-10  1.10000000e+00  1.09998697e+00  5.01166499e-05  5.01967953e-05  9.14676884e-08 
 3.81900000e-10  1.10000000e+00  1.09998697e+00  5.01157212e-05  5.01951990e-05  9.49079251e-08 
 3.82100000e-10  1.10000000e+00  1.09998697e+00  5.01154520e-05  5.01936226e-05  9.14671576e-08 
 3.82300000e-10  1.10000000e+00  1.09998697e+00  5.01145397e-05  5.01920656e-05  9.49084276e-08 
 3.82500000e-10  1.10000000e+00  1.09998697e+00  5.01142835e-05  5.01905279e-05  9.14666291e-08 
 3.82700000e-10  1.10000000e+00  1.09998697e+00  5.01133873e-05  5.01890092e-05  9.49089282e-08 
 3.82900000e-10  1.10000000e+00  1.09998697e+00  5.01131437e-05  5.01875094e-05  9.14661035e-08 
 3.83100000e-10  1.10000000e+00  1.09998697e+00  5.01122632e-05  5.01860281e-05  9.49094269e-08 
 3.83300000e-10  1.10000000e+00  1.09998697e+00  5.01120320e-05  5.01845651e-05  9.14655799e-08 
 3.83500000e-10  1.10000000e+00  1.09998697e+00  5.01111668e-05  5.01831202e-05  9.49099239e-08 
 3.83700000e-10  1.10000000e+00  1.09998697e+00  5.01109475e-05  5.01816932e-05  9.14650590e-08 
 3.83900000e-10  1.10000000e+00  1.09998697e+00  5.01100974e-05  5.01802839e-05  9.49104190e-08 
 3.84100000e-10  1.10000000e+00  1.09998697e+00  5.01098898e-05  5.01788920e-05  9.14645408e-08 
 3.84300000e-10  1.10000000e+00  1.09998697e+00  5.01090543e-05  5.01775174e-05  9.49109122e-08 
 3.84500000e-10  1.10000000e+00  1.09998697e+00  5.01088580e-05  5.01761597e-05  9.14640249e-08 
 3.84700000e-10  1.10000000e+00  1.09998697e+00  5.01080369e-05  5.01748189e-05  9.49114035e-08 
 3.84900000e-10  1.10000000e+00  1.09998697e+00  5.01078516e-05  5.01734946e-05  9.14635114e-08 
 3.85100000e-10  1.10000000e+00  1.09998697e+00  5.01070446e-05  5.01721868e-05  9.49118929e-08 
 3.85300000e-10  1.10000000e+00  1.09998697e+00  5.01068700e-05  5.01708951e-05  9.14630002e-08 
 3.85500000e-10  1.10000000e+00  1.09998697e+00  5.01060766e-05  5.01696194e-05  9.49123807e-08 
 3.85700000e-10  1.10000000e+00  1.09998697e+00  5.01059125e-05  5.01683595e-05  9.14624915e-08 
 3.85900000e-10  1.10000000e+00  1.09998697e+00  5.01051325e-05  5.01671152e-05  9.49128663e-08 
 3.86100000e-10  1.10000000e+00  1.09998697e+00  5.01049785e-05  5.01658863e-05  9.14619854e-08 
 3.86300000e-10  1.10000000e+00  1.09998697e+00  5.01042117e-05  5.01646726e-05  9.49133503e-08 
 3.86500000e-10  1.10000000e+00  1.09998697e+00  5.01040675e-05  5.01634740e-05  9.14614816e-08 
 3.86700000e-10  1.10000000e+00  1.09998697e+00  5.01033135e-05  5.01622901e-05  9.49138324e-08 
 3.86900000e-10  1.10000000e+00  1.09998697e+00  5.01031789e-05  5.01611209e-05  9.14609801e-08 
 3.87100000e-10  1.10000000e+00  1.09998697e+00  5.01024374e-05  5.01599662e-05  9.49143127e-08 
 3.87300000e-10  1.10000000e+00  1.09998697e+00  5.01023121e-05  5.01588258e-05  9.14604807e-08 
 3.87500000e-10  1.10000000e+00  1.09998697e+00  5.01015828e-05  5.01576995e-05  9.49147909e-08 
 3.87700000e-10  1.10000000e+00  1.09998697e+00  5.01014667e-05  5.01565871e-05  9.14599839e-08 
 3.87900000e-10  1.10000000e+00  1.09998697e+00  5.01007494e-05  5.01554885e-05  9.49152675e-08 
 3.88100000e-10  1.10000000e+00  1.09998697e+00  5.01006420e-05  5.01544035e-05  9.14594893e-08 
 3.88300000e-10  1.10000000e+00  1.09998697e+00  5.00999364e-05  5.01533320e-05  9.49157423e-08 
 3.88500000e-10  1.10000000e+00  1.09998697e+00  5.00998376e-05  5.01522736e-05  9.14589973e-08 
 3.88700000e-10  1.10000000e+00  1.09998697e+00  5.00991434e-05  5.01512284e-05  9.49162150e-08 
 3.88900000e-10  1.10000000e+00  1.09998697e+00  5.00990530e-05  5.01501961e-05  9.14585072e-08 
 3.89100000e-10  1.10000000e+00  1.09998697e+00  5.00983700e-05  5.01491766e-05  9.49166860e-08 
 3.89300000e-10  1.10000000e+00  1.09998697e+00  5.00982876e-05  5.01481698e-05  9.14580195e-08 
 3.89500000e-10  1.10000000e+00  1.09998697e+00  5.00976156e-05  5.01471753e-05  9.49171553e-08 
 3.89700000e-10  1.10000000e+00  1.09998697e+00  5.00975411e-05  5.01461932e-05  9.14575341e-08 
 3.89900000e-10  1.10000000e+00  1.09998697e+00  5.00968798e-05  5.01452233e-05  9.49176228e-08 
 3.90100000e-10  1.10000000e+00  1.09998697e+00  5.00968129e-05  5.01442653e-05  9.14570512e-08 
 3.90300000e-10  1.10000000e+00  1.09998697e+00  5.00961621e-05  5.01433192e-05  9.49180882e-08 
 3.90500000e-10  1.10000000e+00  1.09998697e+00  5.00961026e-05  5.01423848e-05  9.14565701e-08 
 3.90700000e-10  1.10000000e+00  1.09998697e+00  5.00954620e-05  5.01414620e-05  9.49185519e-08 
 3.90900000e-10  1.10000000e+00  1.09998697e+00  5.00954098e-05  5.01405506e-05  9.14560914e-08 
 3.91100000e-10  1.10000000e+00  1.09998697e+00  5.00947792e-05  5.01396505e-05  9.49190138e-08 
 3.91300000e-10  1.10000000e+00  1.09998697e+00  5.00947340e-05  5.01387615e-05  9.14556150e-08 
 3.91500000e-10  1.10000000e+00  1.09998697e+00  5.00941133e-05  5.01378835e-05  9.49194739e-08 
 3.91700000e-10  1.10000000e+00  1.09998697e+00  5.00940748e-05  5.01370164e-05  9.14551407e-08 
 3.91900000e-10  1.10000000e+00  1.09998697e+00  5.00934637e-05  5.01361600e-05  9.49199321e-08 
 3.92100000e-10  1.10000000e+00  1.09998697e+00  5.00934319e-05  5.01353142e-05  9.14546685e-08 
 3.92300000e-10  1.10000000e+00  1.09998697e+00  5.00928301e-05  5.01344789e-05  9.49203885e-08 
 3.92500000e-10  1.10000000e+00  1.09998697e+00  5.00928047e-05  5.01336539e-05  9.14541986e-08 
 3.92700000e-10  1.10000000e+00  1.09998697e+00  5.00922121e-05  5.01328392e-05  9.49208432e-08 
 3.92900000e-10  1.10000000e+00  1.09998697e+00  5.00921929e-05  5.01320345e-05  9.14537309e-08 
 3.93100000e-10  1.10000000e+00  1.09998697e+00  5.00916093e-05  5.01312398e-05  9.49212961e-08 
 3.93300000e-10  1.10000000e+00  1.09998697e+00  5.00915962e-05  5.01304549e-05  9.14532653e-08 
 3.93500000e-10  1.10000000e+00  1.09998697e+00  5.00910214e-05  5.01296797e-05  9.49217471e-08 
 3.93700000e-10  1.10000000e+00  1.09998697e+00  5.00910141e-05  5.01289141e-05  9.14528019e-08 
 3.93900000e-10  1.10000000e+00  1.09998697e+00  5.00904479e-05  5.01281580e-05  9.49221961e-08 
 3.94100000e-10  1.10000000e+00  1.09998697e+00  5.00904464e-05  5.01274113e-05  9.14523404e-08 
 3.94300000e-10  1.10000000e+00  1.09998697e+00  5.00898886e-05  5.01266738e-05  9.49226436e-08 
 3.94500000e-10  1.10000000e+00  1.09998697e+00  5.00898926e-05  5.01259454e-05  9.14518813e-08 
 3.94700000e-10  1.10000000e+00  1.09998697e+00  5.00893430e-05  5.01252260e-05  9.49230895e-08 
 3.94900000e-10  1.10000000e+00  1.09998697e+00  5.00893524e-05  5.01245156e-05  9.14514239e-08 
 3.95100000e-10  1.10000000e+00  1.09998697e+00  5.00888109e-05  5.01238139e-05  9.49235333e-08 
 3.95300000e-10  1.10000000e+00  1.09998697e+00  5.00888255e-05  5.01231209e-05  9.14509690e-08 
 3.95500000e-10  1.10000000e+00  1.09998697e+00  5.00882918e-05  5.01224365e-05  9.49239754e-08 
 3.95700000e-10  1.10000000e+00  1.09998697e+00  5.00883115e-05  5.01217606e-05  9.14505158e-08 
 3.95900000e-10  1.10000000e+00  1.09998697e+00  5.00877856e-05  5.01210930e-05  9.49244158e-08 
 3.96100000e-10  1.10000000e+00  1.09998697e+00  5.00878102e-05  5.01204337e-05  9.14500650e-08 
 3.96300000e-10  1.10000000e+00  1.09998697e+00  5.00872918e-05  5.01197826e-05  9.49248543e-08 
 3.96500000e-10  1.10000000e+00  1.09998697e+00  5.00873212e-05  5.01191395e-05  9.14496160e-08 
 3.96700000e-10  1.10000000e+00  1.09998697e+00  5.00868102e-05  5.01185043e-05  9.49252911e-08 
 3.96900000e-10  1.10000000e+00  1.09998697e+00  5.00868442e-05  5.01178771e-05  9.14491691e-08 
 3.97100000e-10  1.10000000e+00  1.09998698e+00  5.00863404e-05  5.01172576e-05  9.49257261e-08 
 3.97300000e-10  1.10000000e+00  1.09998698e+00  5.00863789e-05  5.01166457e-05  9.14487244e-08 
 3.97500000e-10  1.10000000e+00  1.09998698e+00  5.00858823e-05  5.01160415e-05  9.49261594e-08 
 3.97700000e-10  1.10000000e+00  1.09998698e+00  5.00859250e-05  5.01154447e-05  9.14482816e-08 
 3.97900000e-10  1.10000000e+00  1.09998698e+00  5.00854354e-05  5.01148553e-05  9.49265910e-08 
 3.98100000e-10  1.10000000e+00  1.09998698e+00  5.00854823e-05  5.01142732e-05  9.14478406e-08 
 3.98300000e-10  1.10000000e+00  1.09998698e+00  5.00849995e-05  5.01136983e-05  9.49270208e-08 
 3.98500000e-10  1.10000000e+00  1.09998698e+00  5.00850505e-05  5.01131305e-05  9.14474019e-08 
 3.98700000e-10  1.10000000e+00  1.09998698e+00  5.00845743e-05  5.01125697e-05  9.49274487e-08 
 3.98900000e-10  1.10000000e+00  1.09998698e+00  5.00846293e-05  5.01120159e-05  9.14469649e-08 
 3.99100000e-10  1.10000000e+00  1.09998698e+00  5.00841596e-05  5.01114690e-05  9.49278752e-08 
 3.99300000e-10  1.10000000e+00  1.09998698e+00  5.00842185e-05  5.01109288e-05  9.14465303e-08 
 3.99500000e-10  1.10000000e+00  1.09998698e+00  5.00837551e-05  5.01103953e-05  9.49282995e-08 
 3.99700000e-10  1.10000000e+00  1.09998698e+00  5.00838177e-05  5.01098684e-05  9.14460974e-08 
 3.99900000e-10  1.10000000e+00  1.09998698e+00  5.00833606e-05  5.01093480e-05  9.49287224e-08 
 4.00100000e-10  1.10000000e+00  1.09998698e+00  5.00834268e-05  5.01088340e-05  9.14456665e-08 
 4.00300000e-10  1.10000000e+00  1.09998698e+00  5.00829758e-05  5.01083264e-05  9.49291434e-08 
 4.00500000e-10  1.10000000e+00  1.09998698e+00  5.00830455e-05  5.01078251e-05  9.14452374e-08 
 4.00700000e-10  1.10000000e+00  1.09998698e+00  5.00826005e-05  5.01073301e-05  9.49295631e-08 
 4.00900000e-10  1.10000000e+00  1.09998698e+00  5.00826735e-05  5.01068411e-05  9.14448103e-08 
 4.01100000e-10  1.10000000e+00  1.09998698e+00  5.00822344e-05  5.01063582e-05  9.49299805e-08 
 4.01300000e-10  1.10000000e+00  1.09998698e+00  5.00823107e-05  5.01058812e-05  9.14443852e-08 
 4.01500000e-10  1.10000000e+00  1.09998698e+00  5.00818774e-05  5.01054102e-05  9.49303965e-08 
 4.01700000e-10  1.10000000e+00  1.09998698e+00  5.00819568e-05  5.01049450e-05  9.14439619e-08 
 4.01900000e-10  1.10000000e+00  1.09998698e+00  5.00815291e-05  5.01044855e-05  9.49308107e-08 
 4.02100000e-10  1.10000000e+00  1.09998698e+00  5.00816116e-05  5.01040318e-05  9.14435407e-08 
 4.02300000e-10  1.10000000e+00  1.09998698e+00  5.00811895e-05  5.01035836e-05  9.49312233e-08 
 4.02500000e-10  1.10000000e+00  1.09998698e+00  5.00812749e-05  5.01031410e-05  9.14431214e-08 
 4.02700000e-10  1.10000000e+00  1.09998698e+00  5.00808581e-05  5.01027039e-05  9.49316343e-08 
 4.02900000e-10  1.10000000e+00  1.09998698e+00  5.00809465e-05  5.01022722e-05  9.14427036e-08 
 4.03100000e-10  1.10000000e+00  1.09998698e+00  5.00805350e-05  5.01018458e-05  9.49320434e-08 
 4.03300000e-10  1.10000000e+00  1.09998698e+00  5.00806261e-05  5.01014247e-05  9.14422879e-08 
 4.03500000e-10  1.10000000e+00  1.09998698e+00  5.00802198e-05  5.01010089e-05  9.49324508e-08 
 4.03700000e-10  1.10000000e+00  1.09998698e+00  5.00803136e-05  5.01005981e-05  9.14418743e-08 
 4.03900000e-10  1.10000000e+00  1.09998698e+00  5.00799124e-05  5.01001925e-05  9.49328565e-08 
 4.04100000e-10  1.10000000e+00  1.09998698e+00  5.00800087e-05  5.00997918e-05  9.14414622e-08 
 4.04300000e-10  1.10000000e+00  1.09998698e+00  5.00796126e-05  5.00993962e-05  9.49332606e-08 
 4.04500000e-10  1.10000000e+00  1.09998698e+00  5.00797114e-05  5.00990054e-05  9.14410523e-08 
 4.04700000e-10  1.10000000e+00  1.09998698e+00  5.00793201e-05  5.00986195e-05  9.49336631e-08 
 4.04900000e-10  1.10000000e+00  1.09998698e+00  5.00794213e-05  5.00982383e-05  9.14406440e-08 
 4.05100000e-10  1.10000000e+00  1.09998698e+00  5.00790348e-05  5.00978619e-05  9.49340638e-08 
 4.05300000e-10  1.10000000e+00  1.09998698e+00  5.00791384e-05  5.00974901e-05  9.14402374e-08 
 4.05500000e-10  1.10000000e+00  1.09998698e+00  5.00787566e-05  5.00971229e-05  9.49344632e-08 
 4.05700000e-10  1.10000000e+00  1.09998698e+00  5.00788624e-05  5.00967603e-05  9.14398329e-08 
 4.05900000e-10  1.10000000e+00  1.09998698e+00  5.00784853e-05  5.00964021e-05  9.49348604e-08 
 4.06100000e-10  1.10000000e+00  1.09998698e+00  5.00785932e-05  5.00960484e-05  9.14394301e-08 
 4.06300000e-10  1.10000000e+00  1.09998698e+00  5.00782206e-05  5.00956991e-05  9.49352564e-08 
 4.06500000e-10  1.10000000e+00  1.09998698e+00  5.00783306e-05  5.00953540e-05  9.14390290e-08 
 4.06700000e-10  1.10000000e+00  1.09998698e+00  5.00779624e-05  5.00950133e-05  9.49356505e-08 
 4.06900000e-10  1.10000000e+00  1.09998698e+00  5.00780745e-05  5.00946768e-05  9.14386298e-08 
 4.07100000e-10  1.10000000e+00  1.09998698e+00  5.00777106e-05  5.00943444e-05  9.49360431e-08 
 4.07300000e-10  1.10000000e+00  1.09998698e+00  5.00778247e-05  5.00940161e-05  9.14382323e-08 
 4.07500000e-10  1.10000000e+00  1.09998698e+00  5.00774651e-05  5.00936920e-05  9.49364340e-08 
 4.07700000e-10  1.10000000e+00  1.09998698e+00  5.00775809e-05  5.00933718e-05  9.14378367e-08 
 4.07900000e-10  1.10000000e+00  1.09998698e+00  5.00772255e-05  5.00930556e-05  9.49368232e-08 
 4.08100000e-10  1.10000000e+00  1.09998698e+00  5.00773432e-05  5.00927433e-05  9.14374429e-08 
 4.08300000e-10  1.10000000e+00  1.09998698e+00  5.00769919e-05  5.00924348e-05  9.49372109e-08 
 4.08500000e-10  1.10000000e+00  1.09998698e+00  5.00771113e-05  5.00921302e-05  9.14370506e-08 
 4.08700000e-10  1.10000000e+00  1.09998698e+00  5.00767640e-05  5.00918294e-05  9.49375968e-08 
 4.08900000e-10  1.10000000e+00  1.09998698e+00  5.00768851e-05  5.00915323e-05  9.14366601e-08 
 4.09100000e-10  1.10000000e+00  1.09998698e+00  5.00765418e-05  5.00912388e-05  9.49379813e-08 
 4.09300000e-10  1.10000000e+00  1.09998698e+00  5.00766645e-05  5.00909490e-05  9.14362715e-08 
 4.09500000e-10  1.10000000e+00  1.09998698e+00  5.00763250e-05  5.00906628e-05  9.49383640e-08 
 4.09700000e-10  1.10000000e+00  1.09998698e+00  5.00764492e-05  5.00903801e-05  9.14358846e-08 
 4.09900000e-10  1.10000000e+00  1.09998698e+00  5.00761136e-05  5.00901009e-05  9.49387451e-08 
 4.10000000e-10  1.10000000e+00  1.09998698e+00  5.00762909e-05  5.00899626e-05  9.14353091e-08 
 4.10020000e-10  1.09780000e+00  1.09998325e+00  4.85181556e-05  5.00868253e-05  1.76064149e-07 
 4.10060000e-10  1.09340000e+00  1.09996843e+00  4.24589492e-05  5.00684689e-05  3.49914933e-07 
 4.10140000e-10  1.08460000e+00  1.09989489e+00  1.44114046e-05  4.98960921e-05  6.86140088e-07 
 4.10300000e-10  1.06700000e+00  1.09957209e+00 -1.16463494e-04  4.82941534e-05  1.40715113e-06 
 4.10500000e-10  1.04500000e+00  1.09884866e+00 -3.52933921e-04  4.26903344e-05  2.06162264e-06 
 4.10700000e-10  1.02300000e+00  1.09777880e+00 -6.26395893e-04  3.21486464e-05  2.78119041e-06 
 4.10900000e-10  1.00100000e+00  1.09636977e+00 -9.16120853e-04  1.62395965e-05  3.36044912e-06 
 4.11100000e-10  9.79000000e-01  1.09462797e+00 -1.21235630e-03 -5.15601086e-06  4.03199614e-06 
 4.11300000e-10  9.57000000e-01  1.09255917e+00 -1.51013022e-03 -3.20092237e-05  4.58585108e-06 
 4.11500000e-10  9.35000000e-01  1.09016896e+00 -1.80730084e-03 -6.42212297e-05  5.23511438e-06 
 4.11700000e-10  9.13000000e-01  1.08746266e+00 -2.10256759e-03 -1.01661091e-04  5.77681608e-06 
 4.11900000e-10  8.91000000e-01  1.08444554e+00 -2.39555114e-03 -1.44183829e-04  6.41186047e-06 
 4.12100000e-10  8.69000000e-01  1.08112269e+00 -2.68579024e-03 -1.91639014e-04  6.94622905e-06 
 4.12300000e-10  8.47000000e-01  1.07749922e+00 -2.97329193e-03 -2.43874699e-04  7.57112951e-06 
 4.12500000e-10  8.25000000e-01  1.07358004e+00 -3.25776248e-03 -3.00739105e-04  8.10126458e-06 
 4.12700000e-10  8.03000000e-01  1.06937010e+00 -3.53926111e-03 -3.62081138e-04  8.71946155e-06 
 4.12900000e-10  7.81000000e-01  1.06487416e+00 -3.81748997e-03 -4.27750334e-04  9.24849576e-06 
 4.13100000e-10  7.59000000e-01  1.06009705e+00 -4.09246363e-03 -4.97596403e-04  9.86381585e-06 
 4.13300000e-10  7.37000000e-01  1.05504338e+00 -4.36381741e-03 -5.71468564e-04  1.03956180e-05 
 4.13500000e-10  7.15000000e-01  1.04971783e+00 -4.63147019e-03 -6.49214608e-04  1.10128836e-05 
 4.13700000e-10  6.93000000e-01  1.04412491e+00 -4.89494114e-03 -7.30679778e-04  1.15526838e-05 
 4.13900000e-10  6.71000000e-01  1.03826914e+00 -5.15399817e-03 -8.15705320e-04  1.21784339e-05 
 4.14100000e-10  6.49000000e-01  1.03215492e+00 -5.40797987e-03 -9.04126779e-04  1.27336881e-05 
 4.14300000e-10  6.27000000e-01  1.02578668e+00 -5.65642488e-03 -9.95771840e-04  1.33772451e-05 
 4.14500000e-10  6.05000000e-01  1.01916870e+00 -5.89839665e-03 -1.09045776e-03  1.39589548e-05 
 4.14700000e-10  5.83000000e-01  1.01230532e+00 -6.13308931e-03 -1.18798816e-03  1.46340733e-05 
 4.14900000e-10  5.61000000e-01  1.00520076e+00 -6.35915251e-03 -1.28814920e-03  1.52588450e-05 
 4.15100000e-10  5.39000000e-01  9.97859304e-01 -6.57526970e-03 -1.39070489e-03  1.59862963e-05 
 4.15300000e-10  5.17000000e-01  9.90285150e-01 -6.77948066e-03 -1.49539143e-03  1.66795786e-05 
 4.15500000e-10  4.95000000e-01  9.82482607e-01 -6.96972956e-03 -1.60191051e-03  1.74911986e-05 
 4.15700000e-10  4.73000000e-01  9.74455944e-01 -7.14318558e-03 -1.70992134e-03  1.82922958e-05 
 4.15900000e-10  4.51000000e-01  9.66209610e-01 -7.29676311e-03 -1.81903130e-03  1.92371126e-05 
 4.16100000e-10  4.29000000e-01  9.57748108e-01 -7.42644718e-03 -1.92878524e-03  2.02064944e-05 
 4.16300000e-10  4.07000000e-01  9.49076229e-01 -7.52779697e-03 -2.03865330e-03  2.13591458e-05 
 4.16500000e-10  3.85000000e-01  9.40198962e-01 -7.59529125e-03 -2.14801747e-03  2.25876016e-05 
 4.16700000e-10  3.63000000e-01  9.31121739e-01 -7.62283135e-03 -2.25615695e-03  2.40573829e-05 
 4.16900000e-10  3.41000000e-01  9.21850354e-01 -7.60311725e-03 -2.36223254e-03  2.56733645e-05 
 4.17100000e-10  3.19000000e-01  9.12391177e-01 -7.52814764e-03 -2.46527017e-03  2.76072747e-05 
 4.17300000e-10  2.97000000e-01  9.02750998e-01 -7.38860398e-03 -2.56414354e-03  2.97719126e-05 
 4.17500000e-10  2.75000000e-01  8.92937087e-01 -7.17431903e-03 -2.65755578e-03  3.23372225e-05 
 4.17700000e-10  2.53000000e-01  8.82956820e-01 -6.87367125e-03 -2.74401993e-03  3.52108235e-05 
 4.17900000e-10  2.31000000e-01  8.72817476e-01 -6.47413247e-03 -2.82183937e-03  3.85456419e-05 
 4.18100000e-10  2.09000000e-01  8.62525652e-01 -5.96194376e-03 -2.88909083e-03  4.22295642e-05 
 4.18300000e-10  1.87000000e-01  8.52087003e-01 -5.32313634e-03 -2.94361458e-03  4.63912228e-05 
 4.18500000e-10  1.65000000e-01  8.41505832e-01 -4.54379971e-03 -2.98301762e-03  5.09009137e-05 
 4.18700000e-10  1.43000000e-01  8.30785179e-01 -3.61153683e-03 -3.00469387e-03  5.58745185e-05 
 4.18900000e-10  1.21000000e-01  8.19926839e-01 -2.51580776e-03 -3.00586176e-03  6.11788247e-05 
 4.19100000e-10  9.90000000e-02  8.08931786e-01 -1.24900240e-03 -2.98361509e-03  6.69284244e-05 
 4.19300000e-10  7.70000000e-02  7.97796236e-01  1.58447252e-04 -2.93533118e-03  7.31158760e-05 
 4.19500000e-10  5.50000000e-02  7.86495262e-01  1.50094404e-03 -2.86077619e-03  8.03609157e-05 
 4.19700000e-10  3.30000000e-02  7.75062399e-01  3.11190865e-03 -2.75845535e-03  8.62075164e-05 
 4.19900000e-10  1.10000000e-02  7.63496302e-01  4.95599104e-03 -2.62395228e-03  9.41850864e-05 
 4.20000000e-10  0.00000000e+00  7.57662301e-01  5.96064281e-03 -2.54353169e-03  9.70262326e-05 
 4.20020000e-10  0.00000000e+00  7.56494484e-01  6.17025713e-03 -2.52613890e-03  9.80309551e-05 
 4.20060000e-10  0.00000000e+00  7.54163102e-01  6.59741660e-03 -2.49057013e-03  9.93441053e-05 
 4.20140000e-10  0.00000000e+00  7.49526224e-01  7.49329930e-03 -2.41458664e-03  1.01814849e-04 
 4.20300000e-10  0.00000000e+00  7.40352979e-01  9.42673794e-03 -2.24197386e-03  1.07011490e-04 
 4.20500000e-10  0.00000000e+00  7.29068021e-01  1.20600801e-02 -1.98483756e-03  1.13518612e-04 
 4.20700000e-10  0.00000000e+00  7.17976750e-01  1.48821885e-02 -1.67877871e-03  1.20203890e-04 
 4.20900000e-10  0.00000000e+00  7.07071973e-01  1.78547846e-02 -1.32140712e-03  1.26837122e-04 
 4.21100000e-10  0.00000000e+00  6.96347834e-01  2.09540186e-02 -9.10995071e-04  1.33559531e-04 
 4.21300000e-10  0.00000000e+00  6.85799346e-01  2.41653792e-02 -4.46228854e-04  1.40177899e-04 
 4.21500000e-10  0.00000000e+00  6.75422140e-01  2.74803789e-02  7.39515008e-05  1.46832099e-04 
 4.21700000e-10  0.00000000e+00  6.65212274e-01  3.08947365e-02  6.50458555e-04  1.53354049e-04 
 4.21900000e-10  0.00000000e+00  6.55166152e-01  3.44069615e-02  1.28412965e-03  1.59876922e-04 
 4.22100000e-10  0.00000000e+00  6.45280433e-01  3.80176647e-02  1.97577685e-03  1.66252104e-04 
 4.22300000e-10  0.00000000e+00  6.35552021e-01  4.17287699e-02  2.72622122e-03  1.72604329e-04 
 4.22500000e-10  0.00000000e+00  6.25978016e-01  4.55432214e-02  3.53631576e-03  1.78801135e-04 
 4.22700000e-10  0.00000000e+00  6.16555741e-01  4.94644560e-02  4.40695978e-03  1.84958247e-04 
 4.22900000e-10  0.00000000e+00  6.07282708e-01  5.34963874e-02  5.33910754e-03  1.90956701e-04 
 4.23100000e-10  0.00000000e+00  5.98156652e-01  5.76431752e-02  6.33377435e-03  1.96902661e-04 
 4.23300000e-10  0.00000000e+00  5.89175503e-01  6.19095767e-02  7.39204368e-03  2.02688015e-04 
 4.23500000e-10  0.00000000e+00  5.80337413e-01  6.63010456e-02  8.51507868e-03  2.08408783e-04 
 4.23700000e-10  0.00000000e+00  5.71640707e-01  7.08243351e-02  9.70414030e-03  2.13965605e-04 
 4.23900000e-10  0.00000000e+00  5.63083909e-01  7.54876537e-02  1.09606127e-02  2.19444606e-04 
 4.24100000e-10  0.00000000e+00  5.54665675e-01  8.03011669e-02  1.22860344e-02  2.24754313e-04 
 4.24300000e-10  0.00000000e+00  5.46384814e-01  8.52769068e-02  1.36821335e-02  2.29972166e-04 
 4.24500000e-10  0.00000000e+00  5.38240229e-01  9.04290033e-02  1.51508626e-02  2.35014421e-04 
 4.24700000e-10  0.00000000e+00  5.30230933e-01  9.57733254e-02  1.66944329e-02  2.39951198e-04 
 4.24900000e-10  0.00000000e+00  5.22355998e-01  1.01327487e-01  1.83153433e-02  2.44706413e-04 
 4.25100000e-10  0.00000000e+00  5.14614571e-01  1.07110234e-01  2.00164030e-02  2.49344311e-04 
 4.25300000e-10  0.00000000e+00  5.07005812e-01  1.13141112e-01  2.18007450e-02  2.53797038e-04 
 4.25500000e-10  0.00000000e+00  4.99528887e-01  1.19439302e-01  2.36718235e-02  2.58125610e-04 
 4.25700000e-10  0.00000000e+00  4.92182863e-01  1.26022465e-01  2.56333890e-02  2.62272992e-04 
 4.25900000e-10  0.00000000e+00  4.84966648e-01  1.32904515e-01  2.76894306e-02  2.66301805e-04 
 4.26100000e-10  0.00000000e+00  4.77878827e-01  1.40093451e-01  2.98440752e-02  2.70169798e-04 
 4.26300000e-10  0.00000000e+00  4.70917583e-01  1.47588744e-01  3.21014420e-02  2.73944387e-04 
 4.26500000e-10  0.00000000e+00  4.64080579e-01  1.55380104e-01  3.44654614e-02  2.77595945e-04 
 4.26700000e-10  0.00000000e+00  4.57365006e-01  1.63447330e-01  3.69396843e-02  2.81189932e-04 
 4.26900000e-10  0.00000000e+00  4.50767643e-01  1.71762376e-01  3.95271134e-02  2.84697996e-04 
 4.27100000e-10  0.00000000e+00  4.44285050e-01  1.80292020e-01  4.22300854e-02  2.88173711e-04 
 4.27300000e-10  0.00000000e+00  4.37913700e-01  1.89001253e-01  4.50502151e-02  2.91583495e-04 
 4.27500000e-10  0.00000000e+00  4.31650150e-01  1.97855637e-01  4.79883979e-02  2.94968549e-04 
 4.27700000e-10  0.00000000e+00  4.25491107e-01  2.06823351e-01  5.10448552e-02  2.98292538e-04 
 4.27900000e-10  0.00000000e+00  4.19433504e-01  2.15875907e-01  5.42192072e-02  3.01588971e-04 
 4.28100000e-10  0.00000000e+00  4.13474487e-01  2.24988758e-01  5.75105562e-02  3.04822574e-04 
 4.28300000e-10  0.00000000e+00  4.07611441e-01  2.34140993e-01  6.09175724e-02  3.08022706e-04 
 4.28500000e-10  0.00000000e+00  4.01841932e-01  2.43315295e-01  6.44385738e-02  3.11157014e-04 
 4.28700000e-10  0.00000000e+00  3.96163723e-01  2.52497310e-01  6.80715981e-02  3.14252311e-04 
 4.28900000e-10  0.00000000e+00  3.90574710e-01  2.61675476e-01  7.18144654e-02  3.17279574e-04 
 4.29100000e-10  0.00000000e+00  3.85072931e-01  2.70840376e-01  7.56648309e-02  3.20263633e-04 
 4.29300000e-10  0.00000000e+00  3.79656514e-01  2.79984626e-01  7.96202303e-02  3.23178598e-04 
 4.29500000e-10  0.00000000e+00  3.74323690e-01  2.89102315e-01  8.36781163e-02  3.26047503e-04 
 4.29700000e-10  0.00000000e+00  3.69072745e-01  2.98188965e-01  8.78358890e-02  3.28847243e-04 
 4.29900000e-10  0.00000000e+00  3.63902043e-01  3.07241066e-01  9.20909212e-02  3.31599142e-04 
 4.30100000e-10  0.00000000e+00  3.58809987e-01  3.16256102e-01  9.64405779e-02  3.34282533e-04 
 4.30300000e-10  0.00000000e+00  3.53795046e-01  3.25232147e-01  1.00882232e-01  3.36917114e-04 
 4.30500000e-10  0.00000000e+00  3.48855716e-01  3.34167945e-01  1.05413278e-01  3.39484339e-04 
 4.30700000e-10  0.00000000e+00  3.43990525e-01  3.43062531e-01  1.10031139e-01  3.42002678e-04 
 4.30900000e-10  0.00000000e+00  3.39198013e-01  3.51915242e-01  1.14733272e-01  3.44455679e-04 
 4.31100000e-10  0.00000000e+00  3.34476834e-01  3.60725466e-01  1.19517175e-01  3.46859805e-04 
 4.31300000e-10  0.00000000e+00  3.29825676e-01  3.69492959e-01  1.24380384e-01  3.49199858e-04 
 4.31500000e-10  0.00000000e+00  3.25243299e-01  3.78217545e-01  1.29320480e-01  3.51490992e-04 
 4.31700000e-10  0.00000000e+00  3.20728496e-01  3.86899273e-01  1.34335092e-01  3.53719395e-04 
 4.31900000e-10  0.00000000e+00  3.16280126e-01  3.95538162e-01  1.39421897e-01  3.55898956e-04 
 4.32100000e-10  0.00000000e+00  3.11897082e-01  4.04134379e-01  1.44578617e-01  3.58017033e-04 
 4.32300000e-10  0.00000000e+00  3.07578315e-01  4.12688020e-01  1.49803025e-01  3.60086319e-04 
 4.32500000e-10  0.00000000e+00  3.03322805e-01  4.21199299e-01  1.55092938e-01  3.62095172e-04 
 4.32700000e-10  0.00000000e+00  2.99129584e-01  4.29668344e-01  1.60446223e-01  3.64055178e-04 
 4.32900000e-10  0.00000000e+00  2.94997704e-01  4.38095392e-01  1.65860790e-01  3.65955566e-04 
 4.33100000e-10  0.00000000e+00  2.90926264e-01  4.46480587e-01  1.71334596e-01  3.67806917e-04 
 4.33300000e-10  0.00000000e+00  2.86914372e-01  4.54824176e-01  1.76865642e-01  3.69599219e-04 
 4.33500000e-10  0.00000000e+00  2.82961176e-01  4.63126306e-01  1.82451970e-01  3.71342151e-04 
 4.33700000e-10  0.00000000e+00  2.79065830e-01  4.71387218e-01  1.88091669e-01  3.73026362e-04 
 4.33900000e-10  0.00000000e+00  2.75227516e-01  4.79607039e-01  1.93782866e-01  3.74660722e-04 
 4.34100000e-10  0.00000000e+00  2.71445418e-01  4.87785971e-01  1.99523730e-01  3.76236451e-04 
 4.34300000e-10  0.00000000e+00  2.67718745e-01  4.95924089e-01  2.05312469e-01  3.77761684e-04 
 4.34500000e-10  0.00000000e+00  2.64046699e-01  5.04021520e-01  2.11147327e-01  3.79228116e-04 
 4.34700000e-10  0.00000000e+00  2.60428507e-01  5.12078244e-01  2.17026586e-01  3.80643214e-04 
 4.34900000e-10  0.00000000e+00  2.56863385e-01  5.20094265e-01  2.22948559e-01  3.81999055e-04 
 4.35100000e-10  0.00000000e+00  2.53350567e-01  5.28069421e-01  2.28911595e-01  3.83302478e-04 
 4.35300000e-10  0.00000000e+00  2.49889279e-01  5.36003549e-01  2.34914068e-01  3.84545846e-04 
 4.35500000e-10  0.00000000e+00  2.46478760e-01  5.43896291e-01  2.40954382e-01  3.85735403e-04 
 4.35700000e-10  0.00000000e+00  2.43118238e-01  5.51747268e-01  2.47030964e-01  3.86863697e-04 
 4.35900000e-10  0.00000000e+00  2.39806957e-01  5.59555879e-01  2.53142263e-01  3.87936395e-04 
 4.36100000e-10  0.00000000e+00  2.36544144e-01  5.67321473e-01  2.59286746e-01  3.88946128e-04 
 4.36300000e-10  0.00000000e+00  2.33329041e-01  5.75043156e-01  2.65462896e-01  3.89897989e-04 
 4.36500000e-10  0.00000000e+00  2.30160874e-01  5.82719954e-01  2.71669206e-01  3.90784587e-04 
 4.36700000e-10  0.00000000e+00  2.27038882e-01  5.90350623e-01  2.77904178e-01  3.91610439e-04 
 4.36900000e-10  0.00000000e+00  2.23962286e-01  5.97933811e-01  2.84166318e-01  3.92368025e-04 
 4.37100000e-10  0.00000000e+00  2.20930318e-01  6.05467870e-01  2.90454130e-01  3.93061271e-04 
 4.37300000e-10  0.00000000e+00  2.17942193e-01  6.12951013e-01  2.96766116e-01  3.93682435e-04 
 4.37500000e-10  0.00000000e+00  2.14997134e-01  6.20381132e-01  3.03100769e-01  3.94234839e-04 
 4.37700000e-10  0.00000000e+00  2.12094347e-01  6.27755952e-01  3.09456566e-01  3.94710435e-04 
 4.37900000e-10  0.00000000e+00  2.09233046e-01  6.35072855e-01  3.15831969e-01  3.95111949e-04 
 4.38100000e-10  0.00000000e+00  2.06412424e-01  6.42329036e-01  3.22225414e-01  3.95430978e-04 
 4.38300000e-10  0.00000000e+00  2.03631685e-01  6.49521339e-01  3.28635311e-01  3.95669700e-04 
 4.38500000e-10  0.00000000e+00  2.00890012e-01  6.56646416e-01  3.35060035e-01  3.95819376e-04 
 4.38700000e-10  0.00000000e+00  1.98186597e-01  6.63700580e-01  3.41497925e-01  3.95881760e-04 
 4.38900000e-10  0.00000000e+00  1.95520617e-01  6.70679985e-01  3.47947279e-01  3.95847901e-04 
 4.39100000e-10  0.00000000e+00  1.92891261e-01  6.77580495e-01  3.54406347e-01  3.95719370e-04 
 4.39300000e-10  0.00000000e+00  1.90297708e-01  6.84397891e-01  3.60873334e-01  3.95487266e-04 
 4.39500000e-10  0.00000000e+00  1.87739152e-01  6.91127774e-01  3.67346394e-01  3.95153371e-04 
 4.39700000e-10  0.00000000e+00  1.85214789e-01  6.97765797e-01  3.73823629e-01  3.94709245e-04 
 4.39900000e-10  0.00000000e+00  1.82723842e-01  7.04307601e-01  3.80303096e-01  3.94157396e-04 
 4.40100000e-10  0.00000000e+00  1.80265543e-01  7.10749075e-01  3.86782804e-01  3.93490357e-04 
 4.40300000e-10  0.00000000e+00  1.77839165e-01  7.17086309e-01  3.93260722e-01  3.92711913e-04 
 4.40500000e-10  0.00000000e+00  1.75444005e-01  7.23315860e-01  3.99734789e-01  3.91816037e-04 
 4.40700000e-10  0.00000000e+00  1.73079412e-01  7.29434702e-01  4.06202917e-01  3.90808209e-04 
 4.40900000e-10  0.00000000e+00  1.70744768e-01  7.35440464e-01  4.12663010e-01  3.89684100e-04 
 4.41100000e-10  0.00000000e+00  1.68439519e-01  7.41331349e-01  4.19112968e-01  3.88451019e-04 
 4.41300000e-10  0.00000000e+00  1.66163145e-01  7.47106315e-01  4.25550708e-01  3.87106259e-04 
 4.41500000e-10  0.00000000e+00  1.63915192e-01  7.52764937e-01  4.31974172e-01  3.85658752e-04 
 4.41700000e-10  0.00000000e+00  1.61695240e-01  7.58307530e-01  4.38381341e-01  3.84107043e-04 
 4.41900000e-10  0.00000000e+00  1.59502926e-01  7.63734956e-01  4.44770250e-01  3.82461232e-04 
 4.42100000e-10  0.00000000e+00  1.57337915e-01  7.69048698e-01  4.51138994e-01  3.80720583e-04 
 4.42300000e-10  0.00000000e+00  1.55199917e-01  7.74250634e-01  4.57485740e-01  3.78895846e-04 
 4.42500000e-10  0.00000000e+00  1.53088658e-01  7.79343091e-01  4.63808733e-01  3.76986482e-04 
 4.42700000e-10  0.00000000e+00  1.51003897e-01  7.84328613e-01  4.70106300e-01  3.75003443e-04 
 4.42900000e-10  0.00000000e+00  1.48945400e-01  7.89210019e-01  4.76376854e-01  3.72945993e-04 
 4.43100000e-10  0.00000000e+00  1.46912955e-01  7.93990190e-01  4.82618899e-01  3.70824983e-04 
 4.43300000e-10  0.00000000e+00  1.44906345e-01  7.98672135e-01  4.88831023e-01  3.68639229e-04 
 4.43500000e-10  0.00000000e+00  1.42925368e-01  8.03258808e-01  4.95011903e-01  3.66399323e-04 
 4.43700000e-10  0.00000000e+00  1.40969816e-01  8.07753196e-01  5.01160301e-01  3.64103516e-04 
 4.43900000e-10  0.00000000e+00  1.39039485e-01  8.12158156e-01  5.07275061e-01  3.61762079e-04 
 4.44100000e-10  0.00000000e+00  1.37134165e-01  8.16476523e-01  5.13355106e-01  3.59372668e-04 
 4.44300000e-10  0.00000000e+00  1.35253648e-01  8.20710963e-01  5.19399436e-01  3.56945241e-04 
 4.44500000e-10  0.00000000e+00  1.33397715e-01  8.24864096e-01  5.25407121e-01  3.54476870e-04 
 4.44700000e-10  0.00000000e+00  1.31566153e-01  8.28938361e-01  5.31377301e-01  3.51977242e-04 
 4.44900000e-10  0.00000000e+00  1.29758735e-01  8.32936145e-01  5.37309181e-01  3.49442881e-04 
 4.45100000e-10  0.00000000e+00  1.27975241e-01  8.36859656e-01  5.43202027e-01  3.46883252e-04 
 4.45300000e-10  0.00000000e+00  1.26215437e-01  8.40711056e-01  5.49055162e-01  3.44294377e-04 
 4.45500000e-10  0.00000000e+00  1.24479096e-01  8.44492339e-01  5.54867965e-01  3.41685550e-04 
 4.45700000e-10  0.00000000e+00  1.22765981e-01  8.48205462e-01  5.60639865e-01  3.39052331e-04 
 4.45900000e-10  0.00000000e+00  1.21075859e-01  8.51852226e-01  5.66370340e-01  3.36403894e-04 
 4.46100000e-10  0.00000000e+00  1.19408489e-01  8.55434410e-01  5.72058913e-01  3.33735371e-04 
 4.46300000e-10  0.00000000e+00  1.17763636e-01  8.58953648e-01  5.77705153e-01  3.31055856e-04 
 4.46500000e-10  0.00000000e+00  1.16141054e-01  8.62411562e-01  5.83308667e-01  3.28360090e-04 
 4.46700000e-10  0.00000000e+00  1.14540509e-01  8.65809644e-01  5.88869102e-01  3.25657118e-04 
 4.46900000e-10  0.00000000e+00  1.12961754e-01  8.69149384e-01  5.94386139e-01  3.22941318e-04 
 4.47100000e-10  0.00000000e+00  1.11404552e-01  8.72432151e-01  5.99859498e-01  3.20221717e-04 
 4.47300000e-10  0.00000000e+00  1.09868657e-01  8.75659319e-01  6.05288929e-01  3.17492348e-04 
 4.47500000e-10  0.00000000e+00  1.08353832e-01  8.78832154e-01  6.10674212e-01  3.14762248e-04 
 4.47700000e-10  0.00000000e+00  1.06859833e-01  8.81951933e-01  6.16015159e-01  3.12025123e-04 
 4.47900000e-10  0.00000000e+00  1.05386422e-01  8.85019831e-01  6.21311609e-01  3.09290038e-04 
 4.48100000e-10  0.00000000e+00  1.03933356e-01  8.88037040e-01  6.26563428e-01  3.06550390e-04 
 4.48300000e-10  0.00000000e+00  1.02500399e-01  8.91004657e-01  6.31770505e-01  3.03815287e-04 
 4.48500000e-10  0.00000000e+00  1.01087309e-01  8.93923800e-01  6.36932757e-01  3.01077830e-04 
 4.48700000e-10  0.00000000e+00  9.96938523e-02  8.96795498e-01  6.42050121e-01  2.98347186e-04 
 4.48900000e-10  0.00000000e+00  9.83197872e-02  8.99620802e-01  6.47122558e-01  2.95616169e-04 
 4.49100000e-10  0.00000000e+00  9.69648818e-02  9.02400682e-01  6.52150046e-01  2.92894017e-04 
 4.49300000e-10  0.00000000e+00  9.56288970e-02  9.05136129e-01  6.57132588e-01  2.90173267e-04 
 4.49500000e-10  0.00000000e+00  9.43116020e-02  9.07828057e-01  6.62070202e-01  2.87463239e-04 
 4.49700000e-10  0.00000000e+00  9.30127599e-02  9.10477405e-01  6.66962925e-01  2.84756199e-04 
 4.49900000e-10  0.00000000e+00  9.17321416e-02  9.13085036e-01  6.71810812e-01  2.82061557e-04 
 4.50100000e-10  0.00000000e+00  9.04695122e-02  9.15651840e-01  6.76613934e-01  2.79371319e-04 
 4.50300000e-10  0.00000000e+00  8.92246444e-02  9.18178633e-01  6.81372375e-01  2.76694990e-04 
 4.50500000e-10  0.00000000e+00  8.79973055e-02  9.20666257e-01  6.86086238e-01  2.74024321e-04 
 4.50700000e-10  0.00000000e+00  8.67872704e-02  9.23115486e-01  6.90755637e-01  2.71368923e-04 
 4.50900000e-10  0.00000000e+00  8.55943084e-02  9.25527118e-01  6.95380700e-01  2.68720296e-04 
 4.51100000e-10  0.00000000e+00  8.44181967e-02  9.27901884e-01  6.99961567e-01  2.66088160e-04 
 4.51300000e-10  0.00000000e+00  8.32587070e-02  9.30240541e-01  7.04498392e-01  2.63463772e-04 
 4.51500000e-10  0.00000000e+00  8.21156188e-02  9.32543782e-01  7.08991337e-01  2.60856969e-04 
 4.51700000e-10  0.00000000e+00  8.09887067e-02  9.34812323e-01  7.13440579e-01  2.58258768e-04 
 4.51900000e-10  0.00000000e+00  7.98777527e-02  9.37046818e-01  7.17846302e-01  2.55679126e-04 
 4.52100000e-10  0.00000000e+00  7.87825342e-02  9.39247946e-01  7.22208700e-01  2.53108829e-04 
 4.52300000e-10  0.00000000e+00  7.77028362e-02  9.41416326e-01  7.26527976e-01  2.50557958e-04 
 4.52500000e-10  0.00000000e+00  7.66384392e-02  9.43552601e-01  7.30804342e-01  2.48017070e-04 
 4.52700000e-10  0.00000000e+00  7.55891316e-02  9.45657353e-01  7.35038018e-01  2.45496376e-04 
 4.52900000e-10  0.00000000e+00  7.45546972e-02  9.47731192e-01  7.39229231e-01  2.42986210e-04 
 4.53100000e-10  0.00000000e+00  7.35349278e-02  9.49774670e-01  7.43378215e-01  2.40496915e-04 
 4.53300000e-10  0.00000000e+00  7.25296112e-02  9.51788362e-01  7.47485211e-01  2.38018608e-04 
 4.53500000e-10  0.00000000e+00  7.15385429e-02  9.53772790e-01  7.51550466e-01  2.35561766e-04 
 4.53700000e-10  0.00000000e+00  7.05615147e-02  9.55728499e-01  7.55574232e-01  2.33116296e-04 
 4.53900000e-10  0.00000000e+00  6.95983261e-02  9.57655981e-01  7.59556766e-01  2.30692809e-04 
 4.54100000e-10  0.00000000e+00  6.86487732e-02  9.59555754e-01  7.63498333e-01  2.28281007e-04 
 4.54300000e-10  0.00000000e+00  6.77126600e-02  9.61428284e-01  7.67399198e-01  2.25891640e-04 
 4.54500000e-10  0.00000000e+00  6.67897871e-02  9.63274061e-01  7.71259633e-01  2.23514207e-04 
 4.54700000e-10  0.00000000e+00  6.58799628e-02  9.65093526e-01  7.75079913e-01  2.21159598e-04 
 4.54900000e-10  0.00000000e+00  6.49829925e-02  9.66887145e-01  7.78860318e-01  2.18817117e-04 
 4.55100000e-10  0.00000000e+00  6.40986893e-02  9.68655337e-01  7.82601128e-01  2.16497793e-04 
 4.55300000e-10  0.00000000e+00  6.32268635e-02  9.70398544e-01  7.86302629e-01  2.14190737e-04 
 4.55500000e-10  0.00000000e+00  6.23673329e-02  9.72117163e-01  7.89965109e-01  2.11907123e-04 
 4.55700000e-10  0.00000000e+00  6.15199128e-02  9.73811616e-01  7.93588857e-01  2.09635870e-04 
 4.55900000e-10  0.00000000e+00  6.06844260e-02  9.75482281e-01  7.97174166e-01  2.07388296e-04 
 4.56100000e-10  0.00000000e+00  5.98606929e-02  9.77129560e-01  8.00721329e-01  2.05153138e-04 
 4.56300000e-10  0.00000000e+00  5.90485411e-02  9.78753813e-01  8.04230643e-01  2.02941852e-04 
 4.56500000e-10  0.00000000e+00  5.82477961e-02  9.80355424e-01  8.07702405e-01  2.00742998e-04 
 4.56700000e-10  0.00000000e+00  5.74582906e-02  9.81934736e-01  8.11136914e-01  1.98568174e-04 
 4.56900000e-10  0.00000000e+00  5.66798552e-02  9.83492118e-01  8.14534468e-01  1.96405764e-04 
 4.57100000e-10  0.00000000e+00  5.59123276e-02  9.85027896e-01  8.17895370e-01  1.94267505e-04 
 4.57300000e-10  0.00000000e+00  5.51555433e-02  9.86542424e-01  8.21219920e-01  1.92141612e-04 
 4.57500000e-10  0.00000000e+00  5.44093450e-02  9.88036015e-01  8.24508421e-01  1.90039963e-04 
 4.57700000e-10  0.00000000e+00  5.36735733e-02  9.89509007e-01  8.27761176e-01  1.87950602e-04 
 4.57900000e-10  0.00000000e+00  5.29480756e-02  9.90961702e-01  8.30978486e-01  1.85885548e-04 
 4.58100000e-10  0.00000000e+00  5.22326975e-02  9.92394422e-01  8.34160656e-01  1.83832681e-04 
 4.58300000e-10  0.00000000e+00  5.15272912e-02  9.93807458e-01  8.37307988e-01  1.81804158e-04 
 4.58500000e-10  0.00000000e+00  5.08317070e-02  9.95201122e-01  8.40420786e-01  1.79787699e-04 
 4.58700000e-10  0.00000000e+00  5.01458019e-02  9.96575690e-01  8.43499353e-01  1.77795596e-04 
 4.58900000e-10  0.00000000e+00  4.94694309e-02  9.97931464e-01  8.46543991e-01  1.75815415e-04 
 4.59100000e-10  0.00000000e+00  4.88024556e-02  9.99268711e-01  8.49555003e-01  1.73859580e-04 
 4.59300000e-10  0.00000000e+00  4.81447354e-02  1.00058772e+00  8.52532690e-01  1.71915506e-04 
 4.59500000e-10  0.00000000e+00  4.74961365e-02  1.00188875e+00  8.55477355e-01  1.69995749e-04 
 4.59700000e-10  0.00000000e+00  4.68565227e-02  1.00317207e+00  8.58389296e-01  1.68087576e-04 
 4.59900000e-10  0.00000000e+00  4.62257645e-02  1.00443795e+00  8.61268815e-01  1.66203672e-04 
 4.60100000e-10  0.00000000e+00  4.56037301e-02  1.00568663e+00  8.64116211e-01  1.64331161e-04 
 4.60300000e-10  0.00000000e+00  4.49902940e-02  1.00691838e+00  8.66931781e-01  1.62482856e-04 
 4.60500000e-10  0.00000000e+00  4.43853287e-02  1.00813343e+00  8.69715823e-01  1.60645738e-04 
 4.60700000e-10  0.00000000e+00  4.37887127e-02  1.00933204e+00  8.72468633e-01  1.58832746e-04 
 4.60900000e-10  0.00000000e+00  4.32003227e-02  1.01051444e+00  8.75190507e-01  1.57030726e-04 
 4.61100000e-10  0.00000000e+00  4.26200410e-02  1.01168086e+00  8.77881737e-01  1.55252739e-04 
 4.61300000e-10  0.00000000e+00  4.20477480e-02  1.01283155e+00  8.80542618e-01  1.53485498e-04 
 4.61500000e-10  0.00000000e+00  4.14833300e-02  1.01396671e+00  8.83173440e-01  1.51742183e-04 
 4.61700000e-10  0.00000000e+00  4.09266712e-02  1.01508659e+00  8.85774494e-01  1.50009379e-04 
 4.61900000e-10  0.00000000e+00  4.03776615e-02  1.01619139e+00  8.88346068e-01  1.48300385e-04 
 4.62100000e-10  0.00000000e+00  3.98361886e-02  1.01728134e+00  8.90888450e-01  1.46601656e-04 
 4.62300000e-10  0.00000000e+00  3.93021460e-02  1.01835664e+00  8.93401926e-01  1.44926611e-04 
 4.62500000e-10  0.00000000e+00  3.87754250e-02  1.01941752e+00  8.95886780e-01  1.43261581e-04 
 4.62700000e-10  0.00000000e+00  3.82559223e-02  1.02046416e+00  8.98343296e-01  1.41620096e-04 
 4.62900000e-10  0.00000000e+00  3.77435327e-02  1.02149678e+00  9.00771755e-01  1.39988370e-04 
 4.63100000e-10  0.00000000e+00  3.72381562e-02  1.02251557e+00  9.03172437e-01  1.38380045e-04 
 4.63300000e-10  0.00000000e+00  3.67396909e-02  1.02352074e+00  9.05545619e-01  1.36781216e-04 
 4.63500000e-10  0.00000000e+00  3.62480396e-02  1.02451246e+00  9.07891579e-01  1.35205633e-04 
 4.63700000e-10  0.00000000e+00  3.57631039e-02  1.02549094e+00  9.10210592e-01  1.33639282e-04 
 4.63900000e-10  0.00000000e+00  3.52847896e-02  1.02645636e+00  9.12502929e-01  1.32096016e-04 
 4.64100000e-10  0.00000000e+00  3.48130011e-02  1.02740891e+00  9.14768864e-01  1.30561711e-04 
 4.64300000e-10  0.00000000e+00  3.43476474e-02  1.02834876e+00  9.17008666e-01  1.29050326e-04 
 4.64500000e-10  0.00000000e+00  3.38886356e-02  1.02927610e+00  9.19222601e-01  1.27547628e-04 
 4.64700000e-10  0.00000000e+00  3.34358776e-02  1.03019109e+00  9.21410938e-01  1.26067678e-04 
 4.64900000e-10  0.00000000e+00  3.29892834e-02  1.03109392e+00  9.23573939e-01  1.24596140e-04 
 4.65100000e-10  0.00000000e+00  3.25487674e-02  1.03198475e+00  9.25711868e-01  1.23147173e-04 
 4.65300000e-10  0.00000000e+00  3.21142425e-02  1.03286376e+00  9.27824984e-01  1.21706341e-04 
 4.65500000e-10  0.00000000e+00  3.16856256e-02  1.03373109e+00  9.29913548e-01  1.20287898e-04 
 4.65700000e-10  0.00000000e+00  3.12628323e-02  1.03458693e+00  9.31977814e-01  1.18877312e-04 
 4.65900000e-10  0.00000000e+00  3.08457821e-02  1.03543143e+00  9.34018039e-01  1.17488929e-04 
 4.66100000e-10  0.00000000e+00  3.04343929e-02  1.03626475e+00  9.36034476e-01  1.16108125e-04 
 4.66300000e-10  0.00000000e+00  3.00285868e-02  1.03708703e+00  9.38027375e-01  1.14749336e-04 
 4.66500000e-10  0.00000000e+00  2.96282842e-02  1.03789844e+00  9.39996986e-01  1.13397846e-04 
 4.66700000e-10  0.00000000e+00  2.92334093e-02  1.03869913e+00  9.41943556e-01  1.12068178e-04 
 4.66900000e-10  0.00000000e+00  2.88438851e-02  1.03948924e+00  9.43867331e-01  1.10745532e-04 
 4.67100000e-10  0.00000000e+00  2.84596379e-02  1.04026891e+00  9.45768554e-01  1.09444514e-04 
 4.67300000e-10  0.00000000e+00  2.80805930e-02  1.04103831e+00  9.47647466e-01  1.08150238e-04 
 4.67500000e-10  0.00000000e+00  2.77066791e-02  1.04179756e+00  9.49504307e-01  1.06877395e-04 
 4.67700000e-10  0.00000000e+00  2.73378235e-02  1.04254681e+00  9.51339314e-01  1.05611017e-04 
 4.67900000e-10  0.00000000e+00  2.69739569e-02  1.04328618e+00  9.53152724e-01  1.04365874e-04 
 4.68100000e-10  0.00000000e+00  2.66150089e-02  1.04401583e+00  9.54944769e-01  1.03126920e-04 
 4.68300000e-10  0.00000000e+00  2.62609123e-02  1.04473588e+00  9.56715682e-01  1.01909001e-04 
 4.68500000e-10  0.00000000e+00  2.59115986e-02  1.04544646e+00  9.58465691e-01  1.00696997e-04 
 4.68700000e-10  0.00000000e+00  2.55670027e-02  1.04614771e+00  9.60195026e-01  9.95058287e-05 
 4.68900000e-10  0.00000000e+00  2.52270580e-02  1.04683975e+00  9.61903911e-01  9.83203019e-05 
 4.69100000e-10  0.00000000e+00  2.48917013e-02  1.04752270e+00  9.63592571e-01  9.71554105e-05 
 4.69300000e-10  0.00000000e+00  2.45608680e-02  1.04819670e+00  9.65261226e-01  9.59958898e-05 
 4.69500000e-10  0.00000000e+00  2.42344967e-02  1.04886185e+00  9.66910099e-01  9.48568035e-05 
 4.69700000e-10  0.00000000e+00  2.39125246e-02  1.04951830e+00  9.68539405e-01  9.37228195e-05 
 4.69900000e-10  0.00000000e+00  2.35948921e-02  1.05016614e+00  9.70149362e-01  9.26090690e-05 
 4.70100000e-10  0.00000000e+00  2.32815383e-02  1.05080551e+00  9.71740183e-01  9.15001548e-05 
 4.70300000e-10  0.00000000e+00  2.29724052e-02  1.05143651e+00  9.73312081e-01  9.04112732e-05 
 4.70500000e-10  0.00000000e+00  2.26674337e-02  1.05205925e+00  9.74865265e-01  8.93269647e-05 
 4.70700000e-10  0.00000000e+00  2.23665676e-02  1.05267386e+00  9.76399944e-01  8.82624882e-05 
 4.70900000e-10  0.00000000e+00  2.20697493e-02  1.05328044e+00  9.77916324e-01  8.72023246e-05 
 4.71100000e-10  0.00000000e+00  2.17769242e-02  1.05387909e+00  9.79414610e-01  8.61617928e-05 
 4.71300000e-10  0.00000000e+00  2.14880365e-02  1.05446994e+00  9.80895004e-01  8.51253167e-05 
 4.71500000e-10  0.00000000e+00  2.12030330e-02  1.05505307e+00  9.82357707e-01  8.41082732e-05 
 4.71700000e-10  0.00000000e+00  2.09218596e-02  1.05562860e+00  9.83802918e-01  8.30950312e-05 
 4.71900000e-10  0.00000000e+00  2.06444646e-02  1.05619663e+00  9.85230832e-01  8.21010234e-05 
 4.72100000e-10  0.00000000e+00  2.03707953e-02  1.05675725e+00  9.86641646e-01  8.11105664e-05 
 4.72300000e-10  0.00000000e+00  2.01008016e-02  1.05731058e+00  9.88035553e-01  8.01391462e-05 
 4.72500000e-10  0.00000000e+00  1.98344323e-02  1.05785670e+00  9.89412742e-01  7.91710294e-05 
 4.72700000e-10  0.00000000e+00  1.95716386e-02  1.05839572e+00  9.90773405e-01  7.82217533e-05 
 4.72900000e-10  0.00000000e+00  1.93123708e-02  1.05892772e+00  9.92117728e-01  7.72755366e-05 
 4.73100000e-10  0.00000000e+00  1.90565816e-02  1.05945281e+00  9.93445897e-01  7.63479659e-05 
 4.73300000e-10  0.00000000e+00  1.88042226e-02  1.05997108e+00  9.94758096e-01  7.54232144e-05 
 4.73500000e-10  0.00000000e+00  1.85552478e-02  1.06048261e+00  9.96054507e-01  7.45169155e-05 
 4.73700000e-10  0.00000000e+00  1.83096102e-02  1.06098750e+00  9.97335310e-01  7.36131991e-05 
 4.73900000e-10  0.00000000e+00  1.80672650e-02  1.06148584e+00  9.98600684e-01  7.27277435e-05 
 4.74100000e-10  0.00000000e+00  1.78281665e-02  1.06197771e+00  9.99850804e-01  7.18446376e-05 
 4.74300000e-10  0.00000000e+00  1.75922714e-02  1.06246320e+00  1.00108585e+00  7.09796023e-05 
 4.74500000e-10  0.00000000e+00  1.73595351e-02  1.06294240e+00  1.00230598e+00  7.01166877e-05 
 4.74700000e-10  0.00000000e+00  1.71299155e-02  1.06341539e+00  1.00351139e+00  6.92716552e-05 
 4.74900000e-10  0.00000000e+00  1.69033693e-02  1.06388225e+00  1.00470223e+00  6.84285181e-05 
 4.75100000e-10  0.00000000e+00  1.66798555e-02  1.06434306e+00  1.00587867e+00  6.76030765e-05 
 4.75300000e-10  0.00000000e+00  1.64593322e-02  1.06479791e+00  1.00704089e+00  6.67793091e-05 
 4.75500000e-10  0.00000000e+00  1.62417592e-02  1.06524687e+00  1.00818904e+00  6.59730523e-05 
 4.75700000e-10  0.00000000e+00  1.60270960e-02  1.06569003e+00  1.00932328e+00  6.51682523e-05 
 4.75900000e-10  0.00000000e+00  1.58153036e-02  1.06612745e+00  1.01044379e+00  6.43807801e-05 
 4.76100000e-10  0.00000000e+00  1.56063424e-02  1.06655922e+00  1.01155071e+00  6.35945512e-05 
 4.76300000e-10  0.00000000e+00  1.54001746e-02  1.06698541e+00  1.01264421e+00  6.28254693e-05 
 4.76500000e-10  0.00000000e+00  1.51967617e-02  1.06740609e+00  1.01372443e+00  6.20574210e-05 
 4.76700000e-10  0.00000000e+00  1.49960668e-02  1.06782134e+00  1.01479155e+00  6.13063411e-05 
 4.76900000e-10  0.00000000e+00  1.47980527e-02  1.06823123e+00  1.01584570e+00  6.05560891e-05 
 4.77100000e-10  0.00000000e+00  1.46026835e-02  1.06863583e+00  1.01688704e+00  5.98226289e-05 
 4.77300000e-10  0.00000000e+00  1.44099228e-02  1.06903521e+00  1.01791573e+00  5.90897948e-05 
 4.77500000e-10  0.00000000e+00  1.42197358e-02  1.06942944e+00  1.01893190e+00  5.83735780e-05 
 4.77700000e-10  0.00000000e+00  1.40320872e-02  1.06981858e+00  1.01993570e+00  5.76577896e-05 
 4.77900000e-10  0.00000000e+00  1.38469431e-02  1.07020271e+00  1.02092728e+00  5.69584461e-05 
 4.78100000e-10  0.00000000e+00  1.36642691e-02  1.07058189e+00  1.02190679e+00  5.62593372e-05 
 4.78300000e-10  0.00000000e+00  1.34840323e-02  1.07095618e+00  1.02287436e+00  5.55765030e-05 
 4.78500000e-10  0.00000000e+00  1.33061992e-02  1.07132565e+00  1.02383013e+00  5.48937135e-05 
 4.78700000e-10  0.00000000e+00  1.31307380e-02  1.07169037e+00  1.02477425e+00  5.42270307e-05 
 4.78900000e-10  0.00000000e+00  1.29576159e-02  1.07205039e+00  1.02570685e+00  5.35602067e-05 
 4.79100000e-10  0.00000000e+00  1.27868019e-02  1.07240578e+00  1.02662806e+00  5.29093236e-05 
 4.79300000e-10  0.00000000e+00  1.26182643e-02  1.07275660e+00  1.02753802e+00  5.22581171e-05 
 4.79500000e-10  0.00000000e+00  1.24519729e-02  1.07310290e+00  1.02843687e+00  5.16226882e-05 
 4.79700000e-10  0.00000000e+00  1.22878969e-02  1.07344476e+00  1.02932473e+00  5.09867575e-05 
 4.79900000e-10  0.00000000e+00  1.21260069e-02  1.07378221e+00  1.03020173e+00  5.03664432e-05 
 4.80100000e-10  0.00000000e+00  1.19662728e-02  1.07411534e+00  1.03106801e+00  4.97454527e-05 
 4.80300000e-10  0.00000000e+00  1.18086661e-02  1.07444418e+00  1.03192369e+00  4.91399194e-05 
 4.80500000e-10  0.00000000e+00  1.16531577e-02  1.07476880e+00  1.03276889e+00  4.85335394e-05 
 4.80700000e-10  0.00000000e+00  1.14997197e-02  1.07508925e+00  1.03360375e+00  4.79424600e-05 
 4.80900000e-10  0.00000000e+00  1.13483237e-02  1.07540559e+00  1.03442837e+00  4.73503669e-05 
 4.81100000e-10  0.00000000e+00  1.11989427e-02  1.07571787e+00  1.03524290e+00  4.67734198e-05 
 4.81300000e-10  0.00000000e+00  1.10515491e-02  1.07602614e+00  1.03604743e+00  4.61952960e-05 
 4.81500000e-10  0.00000000e+00  1.09061166e-02  1.07633045e+00  1.03684210e+00  4.56321659e-05 
 4.81700000e-10  0.00000000e+00  1.07626184e-02  1.07663087e+00  1.03762703e+00  4.50676997e-05 
 4.81900000e-10  0.00000000e+00  1.06210288e-02  1.07692743e+00  1.03840232e+00  4.45180773e-05 
 4.82100000e-10  0.00000000e+00  1.04813217e-02  1.07722019e+00  1.03916809e+00  4.39669628e-05 
 4.82300000e-10  0.00000000e+00  1.03434723e-02  1.07750920e+00  1.03992446e+00  4.34305444e-05 
 4.82500000e-10  0.00000000e+00  1.02074551e-02  1.07779451e+00  1.04067153e+00  4.28924819e-05 
 4.82700000e-10  0.00000000e+00  1.00732459e-02  1.07807616e+00  1.04140943e+00  4.23689697e-05 
 4.82900000e-10  0.00000000e+00  9.94081996e-03  1.07835420e+00  1.04213826e+00  4.18436649e-05 
 4.83100000e-10  0.00000000e+00  9.81015376e-03  1.07862868e+00  1.04285812e+00  4.13327671e-05 
 4.83300000e-10  0.00000000e+00  9.68122327e-03  1.07889965e+00  1.04356913e+00  4.08199315e-05 
 4.83500000e-10  0.00000000e+00  9.55400551e-03  1.07916715e+00  1.04427140e+00  4.03213619e-05 
 4.83700000e-10  0.00000000e+00  9.42847713e-03  1.07943123e+00  1.04496502e+00  3.98207129e-05 
 4.83900000e-10  0.00000000e+00  9.30461580e-03  1.07969193e+00  1.04565010e+00  3.93341908e-05 
 4.84100000e-10  0.00000000e+00  9.18239879e-03  1.07994930e+00  1.04632674e+00  3.88454512e-05 
 4.84300000e-10  0.00000000e+00  9.06180436e-03  1.08020337e+00  1.04699505e+00  3.83707017e-05 
 4.84500000e-10  0.00000000e+00  8.94281041e-03  1.08045420e+00  1.04765512e+00  3.78935999e-05 
 4.84700000e-10  0.00000000e+00  8.82539580e-03  1.08070181e+00  1.04830706e+00  3.74303535e-05 
 4.84900000e-10  0.00000000e+00  8.70953901e-03  1.08094627e+00  1.04895096e+00  3.69646235e-05 
 4.85100000e-10  0.00000000e+00  8.59521947e-03  1.08118760e+00  1.04958692e+00  3.65126162e-05 
 4.85300000e-10  0.00000000e+00  8.48241626e-03  1.08142584e+00  1.05021504e+00  3.60579972e-05 
 4.85500000e-10  0.00000000e+00  8.37110934e-03  1.08166105e+00  1.05083540e+00  3.56169704e-05 
 4.85700000e-10  0.00000000e+00  8.26127838e-03  1.08189325e+00  1.05144811e+00  3.51732070e-05 
 4.85900000e-10  0.00000000e+00  8.15290387e-03  1.08212248e+00  1.05205325e+00  3.47429074e-05 
 4.86100000e-10  0.00000000e+00  8.04596604e-03  1.08234879e+00  1.05265092e+00  3.43097495e-05 
 4.86300000e-10  0.00000000e+00  7.94044589e-03  1.08257221e+00  1.05324121e+00  3.38899291e-05 
 4.86500000e-10  0.00000000e+00  7.83632419e-03  1.08279278e+00  1.05382421e+00  3.34671318e-05 
 4.86700000e-10  0.00000000e+00  7.73358246e-03  1.08301053e+00  1.05440000e+00  3.30575477e-05 
 4.86900000e-10  0.00000000e+00  7.63220198e-03  1.08322550e+00  1.05496867e+00  3.26448711e-05 
 4.87100000e-10  0.00000000e+00  7.53216476e-03  1.08343774e+00  1.05553031e+00  3.22452854e-05 
 4.87300000e-10  0.00000000e+00  7.43345261e-03  1.08364726e+00  1.05608501e+00  3.18424948e-05 
 4.87500000e-10  0.00000000e+00  7.33604800e-03  1.08385412e+00  1.05663285e+00  3.14526747e-05 
 4.87700000e-10  0.00000000e+00  7.23993324e-03  1.08405833e+00  1.05717390e+00  3.10595403e-05 
 4.87900000e-10  0.00000000e+00  7.14509129e-03  1.08425995e+00  1.05770826e+00  3.06792580e-05 
 4.88100000e-10  0.00000000e+00  7.05150491e-03  1.08445899e+00  1.05823601e+00  3.02955548e-05 
 4.88300000e-10  0.00000000e+00  6.95915752e-03  1.08465550e+00  1.05875722e+00  2.99245872e-05 
 4.88500000e-10  0.00000000e+00  6.86803235e-03  1.08484950e+00  1.05927198e+00  2.95500951e-05 
 4.88700000e-10  0.00000000e+00  6.77811327e-03  1.08504103e+00  1.05978036e+00  2.91882240e-05 
 4.88900000e-10  0.00000000e+00  6.68938397e-03  1.08523012e+00  1.06028245e+00  2.88227275e-05 
 4.89100000e-10  0.00000000e+00  6.60182873e-03  1.08541681e+00  1.06077831e+00  2.84697394e-05 
 4.89300000e-10  0.00000000e+00  6.51543169e-03  1.08560111e+00  1.06126802e+00  2.81130278e-05 
 4.89500000e-10  0.00000000e+00  6.43017756e-03  1.08578307e+00  1.06175167e+00  2.77687136e-05 
 4.89700000e-10  0.00000000e+00  6.34605090e-03  1.08596271e+00  1.06222932e+00  2.74205808e-05 
 4.89900000e-10  0.00000000e+00  6.26303682e-03  1.08614007e+00  1.06270104e+00  2.70847362e-05 
 4.90100000e-10  0.00000000e+00  6.18112032e-03  1.08631517e+00  1.06316691e+00  2.67449804e-05 
 4.90300000e-10  0.00000000e+00  6.10028688e-03  1.08648804e+00  1.06362701e+00  2.64174055e-05 
 4.90500000e-10  0.00000000e+00  6.02052192e-03  1.08665871e+00  1.06408139e+00  2.60858293e-05 
 4.90700000e-10  0.00000000e+00  5.94181131e-03  1.08682721e+00  1.06453013e+00  2.57663286e-05 
 4.90900000e-10  0.00000000e+00  5.86414085e-03  1.08699356e+00  1.06497331e+00  2.54427391e-05 
 4.91100000e-10  0.00000000e+00  5.78749680e-03  1.08715780e+00  1.06541098e+00  2.51311213e-05 
 4.91300000e-10  0.00000000e+00  5.71186535e-03  1.08731996e+00  1.06584321e+00  2.48153297e-05 
 4.91500000e-10  0.00000000e+00  5.63723310e-03  1.08748004e+00  1.06627008e+00  2.45114078e-05 
 4.91700000e-10  0.00000000e+00  5.56358663e-03  1.08763810e+00  1.06669165e+00  2.42032297e-05 
 4.91900000e-10  0.00000000e+00  5.49091290e-03  1.08779414e+00  1.06710797e+00  2.39068207e-05 
 4.92100000e-10  0.00000000e+00  5.41919884e-03  1.08794820e+00  1.06751912e+00  2.36060756e-05 
 4.92300000e-10  0.00000000e+00  5.34843176e-03  1.08810031e+00  1.06792517e+00  2.33170009e-05 
 4.92500000e-10  0.00000000e+00  5.27859895e-03  1.08825048e+00  1.06832616e+00  2.30235123e-05 
 4.92700000e-10  0.00000000e+00  5.20968805e-03  1.08839874e+00  1.06872217e+00  2.27415970e-05 
 4.92900000e-10  0.00000000e+00  5.14168670e-03  1.08854512e+00  1.06911325e+00  2.24551925e-05 
 4.93100000e-10  0.00000000e+00  5.07458286e-03  1.08868964e+00  1.06949947e+00  2.21802657e-05 
 4.93300000e-10  0.00000000e+00  5.00836450e-03  1.08883232e+00  1.06988089e+00  2.19007768e-05 
 4.93500000e-10  0.00000000e+00  4.94301991e-03  1.08897319e+00  1.07025756e+00  2.16326714e-05 
 4.93700000e-10  0.00000000e+00  4.87853738e-03  1.08911227e+00  1.07062954e+00  2.13599331e-05 
 4.93900000e-10  0.00000000e+00  4.81490552e-03  1.08924958e+00  1.07099690e+00  2.10984860e-05 
 4.94100000e-10  0.00000000e+00  4.75211292e-03  1.08938516e+00  1.07135968e+00  2.08323373e-05 
 4.94300000e-10  0.00000000e+00  4.69014849e-03  1.08951901e+00  1.07171795e+00  2.05773888e-05 
 4.94500000e-10  0.00000000e+00  4.62900115e-03  1.08965116e+00  1.07207175e+00  2.03176723e-05 
 4.94700000e-10  0.00000000e+00  4.56866008e-03  1.08978163e+00  1.07242115e+00  2.00690664e-05 
 4.94900000e-10  0.00000000e+00  4.50911451e-03  1.08991045e+00  1.07276620e+00  1.98156283e-05 
 4.95100000e-10  0.00000000e+00  4.45035391e-03  1.09003763e+00  1.07310695e+00  1.95732127e-05 
 4.95300000e-10  0.00000000e+00  4.39236779e-03  1.09016320e+00  1.07344345e+00  1.93259026e-05 
 4.95500000e-10  0.00000000e+00  4.33514590e-03  1.09028718e+00  1.07377576e+00  1.90895283e-05 
 4.95700000e-10  0.00000000e+00  4.27867804e-03  1.09040958e+00  1.07410393e+00  1.88481993e-05 
 4.95900000e-10  0.00000000e+00  4.22295422e-03  1.09053043e+00  1.07442801e+00  1.86177208e-05 
 4.96100000e-10  0.00000000e+00  4.16796453e-03  1.09064975e+00  1.07474805e+00  1.83822293e-05 
 4.96300000e-10  0.00000000e+00  4.11369923e-03  1.09076755e+00  1.07506411e+00  1.81575045e-05 
 4.96500000e-10  0.00000000e+00  4.06014869e-03  1.09088386e+00  1.07537622e+00  1.79277103e-05 
 4.96700000e-10  0.00000000e+00  4.00730342e-03  1.09099870e+00  1.07568444e+00  1.77086003e-05 
 4.96900000e-10  0.00000000e+00  3.95515404e-03  1.09111208e+00  1.07598881e+00  1.74843664e-05 
 4.97100000e-10  0.00000000e+00  3.90369132e-03  1.09122402e+00  1.07628939e+00  1.72707355e-05 
 4.97300000e-10  0.00000000e+00  3.85290614e-03  1.09133454e+00  1.07658622e+00  1.70519280e-05 
 4.97500000e-10  0.00000000e+00  3.80278950e-03  1.09144366e+00  1.07687935e+00  1.68436436e-05 
 4.97700000e-10  0.00000000e+00  3.75333252e-03  1.09155140e+00  1.07716881e+00  1.66301318e-05 
 4.97900000e-10  0.00000000e+00  3.70452646e-03  1.09165777e+00  1.07745467e+00  1.64270644e-05 
 4.98100000e-10  0.00000000e+00  3.65636268e-03  1.09176279e+00  1.07773696e+00  1.62187206e-05 
 4.98300000e-10  0.00000000e+00  3.60883264e-03  1.09186648e+00  1.07801573e+00  1.60207438e-05 
 4.98500000e-10  0.00000000e+00  3.56192795e-03  1.09196886e+00  1.07829101e+00  1.58174431e-05 
 4.98700000e-10  0.00000000e+00  3.51564030e-03  1.09206995e+00  1.07856286e+00  1.56244334e-05 
 4.98900000e-10  0.00000000e+00  3.46996152e-03  1.09216975e+00  1.07883132e+00  1.54260541e-05 
 4.99100000e-10  0.00000000e+00  3.42488351e-03  1.09226828e+00  1.07909642e+00  1.52378907e-05 
 4.99300000e-10  0.00000000e+00  3.38039834e-03  1.09236557e+00  1.07935821e+00  1.50443138e-05 
 4.99500000e-10  0.00000000e+00  3.33649811e-03  1.09246163e+00  1.07961673e+00  1.48608791e-05 
 4.99700000e-10  0.00000000e+00  3.29317510e-03  1.09255647e+00  1.07987203e+00  1.46719883e-05 
 4.99900000e-10  0.00000000e+00  3.25042163e-03  1.09265010e+00  1.08012413e+00  1.44931670e-05 
 5.00100000e-10  0.00000000e+00  3.20823019e-03  1.09274256e+00  1.08037309e+00  1.43088489e-05 
 5.00300000e-10  0.00000000e+00  3.16659328e-03  1.09283384e+00  1.08061893e+00  1.41345288e-05 
 5.00500000e-10  0.00000000e+00  3.12550359e-03  1.09292396e+00  1.08086170e+00  1.39546725e-05 
 5.00700000e-10  0.00000000e+00  3.08495385e-03  1.09301295e+00  1.08110144e+00  1.37847437e-05 
 5.00900000e-10  0.00000000e+00  3.04493693e-03  1.09310080e+00  1.08133818e+00  1.36092411e-05 
 5.01100000e-10  0.00000000e+00  3.00544574e-03  1.09318755e+00  1.08157196e+00  1.34435966e-05 
 5.01300000e-10  0.00000000e+00  2.96647336e-03  1.09327320e+00  1.08180282e+00  1.32723419e-05 
 5.01500000e-10  0.00000000e+00  2.92801288e-03  1.09335776e+00  1.08203080e+00  1.31108771e-05 
 5.01700000e-10  0.00000000e+00  2.89005755e-03  1.09344125e+00  1.08225592e+00  1.29437671e-05 
 5.01900000e-10  0.00000000e+00  2.85260065e-03  1.09352369e+00  1.08247823e+00  1.27863798e-05 
 5.02100000e-10  0.00000000e+00  2.81563563e-03  1.09360508e+00  1.08269775e+00  1.26233138e-05 
 5.02300000e-10  0.00000000e+00  2.77915593e-03  1.09368544e+00  1.08291454e+00  1.24699043e-05 
 5.02500000e-10  0.00000000e+00  2.74315517e-03  1.09376479e+00  1.08312861e+00  1.23107840e-05 
 5.02700000e-10  0.00000000e+00  2.70762697e-03  1.09384313e+00  1.08334000e+00  1.21612550e-05 
 5.02900000e-10  0.00000000e+00  2.67256513e-03  1.09392048e+00  1.08354875e+00  1.20059842e-05 
 5.03100000e-10  0.00000000e+00  2.63796342e-03  1.09399685e+00  1.08375489e+00  1.18602406e-05 
 5.03300000e-10  0.00000000e+00  2.60381582e-03  1.09407226e+00  1.08395844e+00  1.17087257e-05 
 5.03500000e-10  0.00000000e+00  2.57011625e-03  1.09414671e+00  1.08415946e+00  1.15666748e-05 
 5.03700000e-10  0.00000000e+00  2.53685887e-03  1.09422022e+00  1.08435795e+00  1.14188242e-05 
 5.03900000e-10  0.00000000e+00  2.50403774e-03  1.09429280e+00  1.08455396e+00  1.12803753e-05 
 5.04100000e-10  0.00000000e+00  2.47164719e-03  1.09436446e+00  1.08474752e+00  1.11360998e-05 
 5.04300000e-10  0.00000000e+00  2.43968143e-03  1.09443522e+00  1.08493865e+00  1.10011645e-05 
 5.04500000e-10  0.00000000e+00  2.40813494e-03  1.09450508e+00  1.08512740e+00  1.08603769e-05 
 5.04700000e-10  0.00000000e+00  2.37700209e-03  1.09457405e+00  1.08531378e+00  1.07288689e-05 
 5.04900000e-10  0.00000000e+00  2.34627750e-03  1.09464216e+00  1.08549782e+00  1.05914839e-05 
 5.05100000e-10  0.00000000e+00  2.31595568e-03  1.09470940e+00  1.08567956e+00  1.04633190e-05 
 5.05300000e-10  0.00000000e+00  2.28603142e-03  1.09477579e+00  1.08585903e+00  1.03292537e-05 
 5.05500000e-10  0.00000000e+00  2.25649936e-03  1.09484135e+00  1.08603625e+00  1.02043497e-05 
 5.05700000e-10  0.00000000e+00  2.22735442e-03  1.09490607e+00  1.08621125e+00  1.00735228e-05 
 5.05900000e-10  0.00000000e+00  2.19859138e-03  1.09496998e+00  1.08638406e+00  9.95179940e-06 
 5.06100000e-10  0.00000000e+00  2.17020531e-03  1.09503308e+00  1.08655470e+00  9.82413187e-06 
 5.06300000e-10  0.00000000e+00  2.14219113e-03  1.09509538e+00  1.08672320e+00  9.70551078e-06 
 5.06500000e-10  0.00000000e+00  2.11454403e-03  1.09515689e+00  1.08688960e+00  9.58092534e-06 
 5.06700000e-10  0.00000000e+00  2.08725906e-03  1.09521763e+00  1.08705391e+00  9.46533010e-06 
 5.06900000e-10  0.00000000e+00  2.06033154e-03  1.09527759e+00  1.08721616e+00  9.34375135e-06 
 5.07100000e-10  0.00000000e+00  2.03375666e-03  1.09533680e+00  1.08737638e+00  9.23110735e-06 
 5.07300000e-10  0.00000000e+00  2.00752986e-03  1.09539527e+00  1.08753459e+00  9.11246170e-06 
 5.07500000e-10  0.00000000e+00  1.98164645e-03  1.09545299e+00  1.08769082e+00  9.00269614e-06 
 5.07700000e-10  0.00000000e+00  1.95610200e-03  1.09550998e+00  1.08784509e+00  8.88691177e-06 
 5.07900000e-10  0.00000000e+00  1.93089194e-03  1.09556626e+00  1.08799743e+00  8.77995360e-06 
 5.08100000e-10  0.00000000e+00  1.90601196e-03  1.09562182e+00  1.08814785e+00  8.66696043e-06 
 5.08300000e-10  0.00000000e+00  1.88145759e-03  1.09567668e+00  1.08829640e+00  8.56274031e-06 
 5.08500000e-10  0.00000000e+00  1.85722467e-03  1.09573084e+00  1.08844308e+00  8.45246993e-06 
 5.08700000e-10  0.00000000e+00  1.83330883e-03  1.09578433e+00  1.08858792e+00  8.35092021e-06 
 5.08900000e-10  0.00000000e+00  1.80970602e-03  1.09583713e+00  1.08873094e+00  8.24330588e-06 
 5.09100000e-10  0.00000000e+00  1.78641198e-03  1.09588927e+00  1.08887218e+00  8.14436053e-06 
 5.09300000e-10  0.00000000e+00  1.76342277e-03  1.09594075e+00  1.08901164e+00  8.03933712e-06 
 5.09500000e-10  0.00000000e+00  1.74073424e-03  1.09599158e+00  1.08914935e+00  7.94293171e-06 
 5.09700000e-10  0.00000000e+00  1.71834257e-03  1.09604177e+00  1.08928534e+00  7.84043566e-06 
 5.09900000e-10  0.00000000e+00  1.69624371e-03  1.09609132e+00  1.08941962e+00  7.74650732e-06 
 5.10100000e-10  0.00000000e+00  1.67443393e-03  1.09614025e+00  1.08955222e+00  7.64647663e-06 
 5.10300000e-10  0.00000000e+00  1.65290929e-03  1.09618856e+00  1.08968315e+00  7.55496402e-06 
 5.10500000e-10  0.00000000e+00  1.63166618e-03  1.09623626e+00  1.08981245e+00  7.45733815e-06 
 5.10700000e-10  0.00000000e+00  1.61070075e-03  1.09628336e+00  1.08994012e+00  7.36818143e-06 
 5.10900000e-10  0.00000000e+00  1.59000947e-03  1.09632986e+00  1.09006618e+00  7.27290135e-06 
 5.11100000e-10  0.00000000e+00  1.56958861e-03  1.09637578e+00  1.09019067e+00  7.18604211e-06 
 5.11300000e-10  0.00000000e+00  1.54943473e-03  1.09642111e+00  1.09031360e+00  7.09305019e-06 
 5.11500000e-10  0.00000000e+00  1.52954419e-03  1.09646587e+00  1.09043498e+00  7.00843146e-06 
 5.11700000e-10  0.00000000e+00  1.50991367e-03  1.09651007e+00  1.09055484e+00  6.91767150e-06 
 5.11900000e-10  0.00000000e+00  1.49053958e-03  1.09655371e+00  1.09067320e+00  6.83523768e-06 
 5.12100000e-10  0.00000000e+00  1.47141871e-03  1.09659680e+00  1.09079007e+00  6.74665483e-06 
 5.12300000e-10  0.00000000e+00  1.45254758e-03  1.09663934e+00  1.09090548e+00  6.66635169e-06 
 5.12500000e-10  0.00000000e+00  1.43392305e-03  1.09668135e+00  1.09101944e+00  6.57989243e-06 
 5.12700000e-10  0.00000000e+00  1.41554172e-03  1.09672283e+00  1.09113197e+00  6.50166706e-06 
 5.12900000e-10  0.00000000e+00  1.39740055e-03  1.09676378e+00  1.09124308e+00  6.41727918e-06 
 5.13100000e-10  0.00000000e+00  1.37949623e-03  1.09680422e+00  1.09135280e+00  6.34107994e-06 
 5.13300000e-10  0.00000000e+00  1.36182579e-03  1.09684414e+00  1.09146115e+00  6.25871250e-06 
 5.13500000e-10  0.00000000e+00  1.34438601e-03  1.09688356e+00  1.09156813e+00  6.18448903e-06 
 5.13700000e-10  0.00000000e+00  1.32717400e-03  1.09692249e+00  1.09167377e+00  6.10409234e-06 
 5.13900000e-10  0.00000000e+00  1.31018662e-03  1.09696092e+00  1.09177809e+00  6.03179551e-06 
 5.14100000e-10  0.00000000e+00  1.29342107e-03  1.09699887e+00  1.09188109e+00  5.95332108e-06 
 5.14300000e-10  0.00000000e+00  1.27687428e-03  1.09703633e+00  1.09198281e+00  5.88290296e-06 
 5.14500000e-10  0.00000000e+00  1.26054353e-03  1.09707333e+00  1.09208324e+00  5.80630348e-06 
 5.14700000e-10  0.00000000e+00  1.24442582e-03  1.09710986e+00  1.09218242e+00  5.73771731e-06 
 5.14900000e-10  0.00000000e+00  1.22851852e-03  1.09714592e+00  1.09228035e+00  5.66294664e-06 
 5.15100000e-10  0.00000000e+00  1.21281869e-03  1.09718154e+00  1.09237705e+00  5.59614680e-06 
 5.15300000e-10  0.00000000e+00  1.19732377e-03  1.09721670e+00  1.09247253e+00  5.52315993e-06 
 5.15500000e-10  0.00000000e+00  1.18203092e-03  1.09725142e+00  1.09256682e+00  5.45810191e-06 
 5.15700000e-10  0.00000000e+00  1.16693763e-03  1.09728570e+00  1.09265993e+00  5.38685492e-06 
 5.15900000e-10  0.00000000e+00  1.15204113e-03  1.09731954e+00  1.09275186e+00  5.32349532e-06 
 5.16100000e-10  0.00000000e+00  1.13733899e-03  1.09735296e+00  1.09284264e+00  5.25394536e-06 
 5.16300000e-10  0.00000000e+00  1.12282850e-03  1.09738596e+00  1.09293228e+00  5.19224184e-06 
 5.16500000e-10  0.00000000e+00  1.10850730e-03  1.09741854e+00  1.09302080e+00  5.12434712e-06 
 5.16700000e-10  0.00000000e+00  1.09437275e-03  1.09745072e+00  1.09310820e+00  5.06425837e-06 
 5.16900000e-10  0.00000000e+00  1.08042257e-03  1.09748248e+00  1.09319450e+00  4.99797812e-06 
 5.17100000e-10  0.00000000e+00  1.06665415e-03  1.09751384e+00  1.09327972e+00  4.93946386e-06 
 5.17300000e-10  0.00000000e+00  1.05306530e-03  1.09754481e+00  1.09336387e+00  4.87475831e-06 
 5.17500000e-10  0.00000000e+00  1.03965348e-03  1.09757539e+00  1.09344697e+00  4.81777922e-06 
 5.17700000e-10  0.00000000e+00  1.02641653e-03  1.09760558e+00  1.09352902e+00  4.75460957e-06 
 5.17900000e-10  0.00000000e+00  1.01335201e-03  1.09763539e+00  1.09361004e+00  4.69912733e-06 
 5.18100000e-10  0.00000000e+00  1.00045780e-03  1.09766483e+00  1.09369004e+00  4.63745575e-06 
 5.18300000e-10  0.00000000e+00  9.87731515e-04  1.09769389e+00  1.09376903e+00  4.58343296e-06 
 5.18500000e-10  0.00000000e+00  9.75171117e-04  1.09772259e+00  1.09384704e+00  4.52322252e-06 
 5.18700000e-10  0.00000000e+00  9.62774258e-04  1.09775092e+00  1.09392406e+00  4.47062271e-06 
 5.18900000e-10  0.00000000e+00  9.50538968e-04  1.09777890e+00  1.09400012e+00  4.41183740e-06 
 5.19100000e-10  0.00000000e+00  9.38462954e-04  1.09780652e+00  1.09407522e+00  4.36062500e-06 
 5.19300000e-10  0.00000000e+00  9.26544303e-04  1.09783380e+00  1.09414938e+00  4.30322971e-06 
 5.19500000e-10  0.00000000e+00  9.14780776e-04  1.09786073e+00  1.09422260e+00  4.25337002e-06 
 5.19700000e-10  0.00000000e+00  9.03170517e-04  1.09788732e+00  1.09429491e+00  4.19733048e-06 
 5.19900000e-10  0.00000000e+00  8.91711339e-04  1.09791358e+00  1.09436631e+00  4.14878965e-06 
 5.20100000e-10  0.00000000e+00  8.80401440e-04  1.09793950e+00  1.09443680e+00  4.09407244e-06 
 5.20300000e-10  0.00000000e+00  8.69238687e-04  1.09796510e+00  1.09450642e+00  4.04681747e-06 
 5.20500000e-10  0.00000000e+00  8.58221329e-04  1.09799038e+00  1.09457516e+00  3.99339000e-06 
 5.20700000e-10  0.00000000e+00  8.47347283e-04  1.09801533e+00  1.09464303e+00  3.94738869e-06 
 5.20900000e-10  0.00000000e+00  8.36614851e-04  1.09803997e+00  1.09471006e+00  3.89521916e-06 
 5.21100000e-10  0.00000000e+00  8.26021999e-04  1.09806430e+00  1.09477623e+00  3.85044011e-06 
 5.21300000e-10  0.00000000e+00  8.15567077e-04  1.09808833e+00  1.09484158e+00  3.79949752e-06 
 5.21500000e-10  0.00000000e+00  8.05248100e-04  1.09811205e+00  1.09490611e+00  3.75591010e-06 
 5.21700000e-10  0.00000000e+00  7.95063468e-04  1.09813547e+00  1.09496983e+00  3.70616420e-06 
 5.21900000e-10  0.00000000e+00  7.85011241e-04  1.09815860e+00  1.09503274e+00  3.66373855e-06 
 5.22100000e-10  0.00000000e+00  7.75089867e-04  1.09818143e+00  1.09509486e+00  3.61515983e-06 
 5.22300000e-10  0.00000000e+00  7.65297451e-04  1.09820398e+00  1.09515621e+00  3.57386681e-06 
 5.22500000e-10  0.00000000e+00  7.55632487e-04  1.09822624e+00  1.09521678e+00  3.52642650e-06 
 5.22700000e-10  0.00000000e+00  7.46093125e-04  1.09824822e+00  1.09527659e+00  3.48623771e-06 
 5.22900000e-10  0.00000000e+00  7.36677904e-04  1.09826992e+00  1.09533565e+00  3.43990774e-06 
 5.23100000e-10  0.00000000e+00  7.27385016e-04  1.09829135e+00  1.09539397e+00  3.40079547e-06 
 5.23300000e-10  0.00000000e+00  7.18213045e-04  1.09831251e+00  1.09545155e+00  3.35554847e-06 
 5.23500000e-10  0.00000000e+00  7.09160223e-04  1.09833341e+00  1.09550841e+00  3.31748570e-06 
 5.23700000e-10  0.00000000e+00  7.00225177e-04  1.09835404e+00  1.09556455e+00  3.27329496e-06 
 5.23900000e-10  0.00000000e+00  6.91406181e-04  1.09837441e+00  1.09561999e+00  3.23625533e-06 
 5.24100000e-10  0.00000000e+00  6.82701904e-04  1.09839452e+00  1.09567474e+00  3.19309483e-06 
 5.24300000e-10  0.00000000e+00  6.74110657e-04  1.09841438e+00  1.09572879e+00  3.15705264e-06 
 5.24500000e-10  0.00000000e+00  6.65631152e-04  1.09843399e+00  1.09578216e+00  3.11489697e-06 
 5.24700000e-10  0.00000000e+00  6.57261737e-04  1.09845335e+00  1.09583487e+00  3.07982715e-06 
 5.24900000e-10  0.00000000e+00  6.49001163e-04  1.09847246e+00  1.09588691e+00  3.03865154e-06 
 5.25100000e-10  0.00000000e+00  6.40847818e-04  1.09849134e+00  1.09593829e+00  3.00452966e-06 
 5.25300000e-10  0.00000000e+00  6.32800489e-04  1.09850998e+00  1.09598903e+00  2.96430996e-06 
 5.25500000e-10  0.00000000e+00  6.24857602e-04  1.09852838e+00  1.09603913e+00  2.93111217e-06 
 5.25700000e-10  0.00000000e+00  6.17017980e-04  1.09854655e+00  1.09608861e+00  2.89182482e-06 
 5.25900000e-10  0.00000000e+00  6.09280084e-04  1.09856449e+00  1.09613746e+00  2.85952788e-06 
 5.26100000e-10  0.00000000e+00  6.01642776e-04  1.09858221e+00  1.09618569e+00  2.82114988e-06 
 5.26300000e-10  0.00000000e+00  5.94104550e-04  1.09859970e+00  1.09623332e+00  2.78973112e-06 
 5.26500000e-10  0.00000000e+00  5.86664304e-04  1.09861697e+00  1.09628035e+00  2.75224008e-06 
 5.26700000e-10  0.00000000e+00  5.79320565e-04  1.09863403e+00  1.09632679e+00  2.72167739e-06 
 5.26900000e-10  0.00000000e+00  5.72072264e-04  1.09865086e+00  1.09637264e+00  2.68505145e-06 
 5.27100000e-10  0.00000000e+00  5.64917964e-04  1.09866749e+00  1.09641792e+00  2.65532327e-06 
 5.27300000e-10  0.00000000e+00  5.57856629e-04  1.09868391e+00  1.09646263e+00  2.61954111e-06 
 5.27500000e-10  0.00000000e+00  5.50886852e-04  1.09870012e+00  1.09650678e+00  2.59062641e-06 
 5.27700000e-10  0.00000000e+00  5.44007631e-04  1.09871612e+00  1.09655037e+00  2.55566724e-06 
 5.27900000e-10  0.00000000e+00  5.37217590e-04  1.09873193e+00  1.09659341e+00  2.52754553e-06 
 5.28100000e-10  0.00000000e+00  5.30515759e-04  1.09874753e+00  1.09663591e+00  2.49338908e-06 
 5.28300000e-10  0.00000000e+00  5.23900792e-04  1.09876294e+00  1.09667788e+00  2.46604036e-06 
 5.28500000e-10  0.00000000e+00  5.17371749e-04  1.09877815e+00  1.09671932e+00  2.43266685e-06 
 5.28700000e-10  0.00000000e+00  5.10927315e-04  1.09879317e+00  1.09676024e+00  2.40607163e-06 
 5.28900000e-10  0.00000000e+00  5.04566580e-04  1.09880801e+00  1.09680064e+00  2.37346178e-06 
 5.29100000e-10  0.00000000e+00  4.98288258e-04  1.09882265e+00  1.09684053e+00  2.34760105e-06 
 5.29300000e-10  0.00000000e+00  4.92091467e-04  1.09883711e+00  1.09687993e+00  2.31573605e-06 
 5.29500000e-10  0.00000000e+00  4.85974949e-04  1.09885139e+00  1.09691882e+00  2.29059126e-06 
 5.29700000e-10  0.00000000e+00  4.79937852e-04  1.09886549e+00  1.09695723e+00  2.25945278e-06 
 5.29900000e-10  0.00000000e+00  4.73978945e-04  1.09887941e+00  1.09699516e+00  2.23500586e-06 
 5.30100000e-10  0.00000000e+00  4.68097402e-04  1.09889315e+00  1.09703260e+00  2.20457601e-06 
 5.30300000e-10  0.00000000e+00  4.62292021e-04  1.09890673e+00  1.09706958e+00  2.18080933e-06 
 5.30500000e-10  0.00000000e+00  4.56562003e-04  1.09892013e+00  1.09710609e+00  2.15107066e-06 
 5.30700000e-10  0.00000000e+00  4.50906170e-04  1.09893336e+00  1.09714215e+00  2.12796703e-06 
 5.30900000e-10  0.00000000e+00  4.45323750e-04  1.09894642e+00  1.09717774e+00  2.09890254e-06 
 5.31100000e-10  0.00000000e+00  4.39813590e-04  1.09895932e+00  1.09721290e+00  2.07644520e-06 
 5.31300000e-10  0.00000000e+00  4.34374944e-04  1.09897206e+00  1.09724760e+00  2.04803829e-06 
 5.31500000e-10  0.00000000e+00  4.29006685e-04  1.09898464e+00  1.09728188e+00  2.02621090e-06 
 5.31700000e-10  0.00000000e+00  4.23708090e-04  1.09899706e+00  1.09731572e+00  1.99844539e-06 
 5.31900000e-10  0.00000000e+00  4.18478055e-04  1.09900932e+00  1.09734913e+00  1.97723202e-06 
 5.32100000e-10  0.00000000e+00  4.13315884e-04  1.09902142e+00  1.09738213e+00  1.95009213e-06 
 5.32300000e-10  0.00000000e+00  4.08220496e-04  1.09903338e+00  1.09741471e+00  1.92947723e-06 
 5.32500000e-10  0.00000000e+00  4.03191217e-04  1.09904518e+00  1.09744688e+00  1.90294758e-06 
 5.32700000e-10  0.00000000e+00  3.98226989e-04  1.09905684e+00  1.09747864e+00  1.88291600e-06 
 5.32900000e-10  0.00000000e+00  3.93327162e-04  1.09906835e+00  1.09751001e+00  1.85698159e-06 
 5.33100000e-10  0.00000000e+00  3.88490700e-04  1.09907971e+00  1.09754098e+00  1.83751855e-06 
 5.33300000e-10  0.00000000e+00  3.83716973e-04  1.09909093e+00  1.09757156e+00  1.81216474e-06 
 5.33500000e-10  0.00000000e+00  3.79004969e-04  1.09910201e+00  1.09760176e+00  1.79325583e-06 
 5.33700000e-10  0.00000000e+00  3.74354081e-04  1.09911295e+00  1.09763157e+00  1.76846836e-06 
 5.33900000e-10  0.00000000e+00  3.69763316e-04  1.09912375e+00  1.09766101e+00  1.75009954e-06 
 5.34100000e-10  0.00000000e+00  3.65232087e-04  1.09913441e+00  1.09769008e+00  1.72586448e-06 
 5.34300000e-10  0.00000000e+00  3.60759423e-04  1.09914495e+00  1.09771879e+00  1.70802206e-06 
 5.34500000e-10  0.00000000e+00  3.56344759e-04  1.09915534e+00  1.09774713e+00  1.68432585e-06 
 5.34700000e-10  0.00000000e+00  3.51987142e-04  1.09916561e+00  1.09777512e+00  1.66699646e-06 
 5.34900000e-10  0.00000000e+00  3.47686026e-04  1.09917575e+00  1.09780275e+00  1.64382585e-06 
 5.35100000e-10  0.00000000e+00  3.43440481e-04  1.09918576e+00  1.09783004e+00  1.62699648e-06 
 5.35300000e-10  0.00000000e+00  3.39249979e-04  1.09919564e+00  1.09785698e+00  1.60433858e-06 
 5.35500000e-10  0.00000000e+00  3.35113607e-04  1.09920540e+00  1.09788359e+00  1.58799653e-06 
 5.35700000e-10  0.00000000e+00  3.31030857e-04  1.09921503e+00  1.09790986e+00  1.56583875e-06 
 5.35900000e-10  0.00000000e+00  3.27000836e-04  1.09922455e+00  1.09793580e+00  1.54997163e-06 
 5.36100000e-10  0.00000000e+00  3.23023054e-04  1.09923394e+00  1.09796141e+00  1.52830170e-06 
 5.36300000e-10  0.00000000e+00  3.19096635e-04  1.09924322e+00  1.09798670e+00  1.51289745e-06 
 5.36500000e-10  0.00000000e+00  3.15221106e-04  1.09925238e+00  1.09801167e+00  1.49170339e-06 
 5.36700000e-10  0.00000000e+00  3.11395611e-04  1.09926142e+00  1.09803633e+00  1.47675024e-06 
 5.36900000e-10  0.00000000e+00  3.07619695e-04  1.09927035e+00  1.09806068e+00  1.45602038e-06 
 5.37100000e-10  0.00000000e+00  3.03892516e-04  1.09927917e+00  1.09808472e+00  1.44150685e-06 
 5.37300000e-10  0.00000000e+00  3.00213637e-04  1.09928787e+00  1.09810846e+00  1.42122982e-06 
 5.37500000e-10  0.00000000e+00  2.96582235e-04  1.09929647e+00  1.09813190e+00  1.40714472e-06 
 5.37700000e-10  0.00000000e+00  2.92997887e-04  1.09930496e+00  1.09815504e+00  1.38730941e-06 
 5.37900000e-10  0.00000000e+00  2.89459786e-04  1.09931334e+00  1.09817790e+00  1.37364184e-06 
 5.38100000e-10  0.00000000e+00  2.85967527e-04  1.09932162e+00  1.09820046e+00  1.35423742e-06 
 5.38300000e-10  0.00000000e+00  2.82520318e-04  1.09932979e+00  1.09822275e+00  1.34097674e-06 
 5.38500000e-10  0.00000000e+00  2.79117770e-04  1.09933785e+00  1.09824475e+00  1.32199267e-06 
 5.38700000e-10  0.00000000e+00  2.75759106e-04  1.09934582e+00  1.09826647e+00  1.30912851e-06 
 5.38900000e-10  0.00000000e+00  2.72443952e-04  1.09935369e+00  1.09828792e+00  1.29055448e-06 
 5.39100000e-10  0.00000000e+00  2.69171547e-04  1.09936145e+00  1.09830910e+00  1.27807673e-06 
 5.39300000e-10  0.00000000e+00  2.65941531e-04  1.09936912e+00  1.09833002e+00  1.25990271e-06 
 5.39500000e-10  0.00000000e+00  2.62753158e-04  1.09937670e+00  1.09835067e+00  1.24780151e-06 
 5.39700000e-10  0.00000000e+00  2.59606082e-04  1.09938417e+00  1.09837106e+00  1.23001772e-06 
 5.39900000e-10  0.00000000e+00  2.56499572e-04  1.09939156e+00  1.09839120e+00  1.21828345e-06 
 5.40100000e-10  0.00000000e+00  2.53433296e-04  1.09939885e+00  1.09841108e+00  1.20088033e-06 
 5.40300000e-10  0.00000000e+00  2.50406536e-04  1.09940604e+00  1.09843071e+00  1.18950363e-06 
 5.40500000e-10  0.00000000e+00  2.47418974e-04  1.09941315e+00  1.09845009e+00  1.17247188e-06 
 5.40700000e-10  0.00000000e+00  2.44469906e-04  1.09942017e+00  1.09846923e+00  1.16144361e-06 
 5.40900000e-10  0.00000000e+00  2.41559028e-04  1.09942710e+00  1.09848813e+00  1.14477415e-06 
 5.41100000e-10  0.00000000e+00  2.38685648e-04  1.09943394e+00  1.09850679e+00  1.13408541e-06 
 5.41300000e-10  0.00000000e+00  2.35849475e-04  1.09944069e+00  1.09852522e+00  1.11776938e-06 
 5.41500000e-10  0.00000000e+00  2.33049831e-04  1.09944736e+00  1.09854341e+00  1.10741148e-06 
 5.41700000e-10  0.00000000e+00  2.30286436e-04  1.09945395e+00  1.09856138e+00  1.09144026e-06 
 5.41900000e-10  0.00000000e+00  2.27558626e-04  1.09946045e+00  1.09857912e+00  1.08140472e-06 
 5.42100000e-10  0.00000000e+00  2.24866133e-04  1.09946688e+00  1.09859663e+00  1.06576989e-06 
 5.42300000e-10  0.00000000e+00  2.22208304e-04  1.09947322e+00  1.09861393e+00  1.05604847e-06 
 5.42500000e-10  0.00000000e+00  2.19584884e-04  1.09947948e+00  1.09863101e+00  1.04074182e-06 
 5.42700000e-10  0.00000000e+00  2.16995233e-04  1.09948566e+00  1.09864787e+00  1.03132647e-06 
 5.42900000e-10  0.00000000e+00  2.14439105e-04  1.09949176e+00  1.09866452e+00  1.01633999e-06 
 5.43100000e-10  0.00000000e+00  2.11915874e-04  1.09949779e+00  1.09868096e+00  1.00722286e-06 
 5.43300000e-10  0.00000000e+00  2.09425304e-04  1.09950374e+00  1.09869719e+00  9.92548750e-07 
 5.43500000e-10  0.00000000e+00  2.06966780e-04  1.09950962e+00  1.09871322e+00  9.83722190e-07 
 5.43700000e-10  0.00000000e+00  2.04540078e-04  1.09951542e+00  1.09872905e+00  9.69352834e-07 
 5.43900000e-10  0.00000000e+00  2.02144594e-04  1.09952115e+00  1.09874468e+00  9.60809387e-07 
 5.44100000e-10  0.00000000e+00  1.99780115e-04  1.09952680e+00  1.09876011e+00  9.46737362e-07 
 5.44300000e-10  0.00000000e+00  1.97446047e-04  1.09953239e+00  1.09877535e+00  9.38469758e-07 
 5.44500000e-10  0.00000000e+00  1.95142187e-04  1.09953790e+00  1.09879039e+00  9.24687825e-07 
 5.44700000e-10  0.00000000e+00  1.92867952e-04  1.09954335e+00  1.09880525e+00  9.16688974e-07 
 5.44900000e-10  0.00000000e+00  1.90623149e-04  1.09954873e+00  1.09881992e+00  9.03190074e-07 
 5.45100000e-10  0.00000000e+00  1.88407206e-04  1.09955404e+00  1.09883440e+00  8.95453065e-07 
 5.45300000e-10  0.00000000e+00  1.86219940e-04  1.09955928e+00  1.09884870e+00  8.82230313e-07 
 5.45500000e-10  0.00000000e+00  1.84060788e-04  1.09956445e+00  1.09886283e+00  8.74748410e-07 
 5.45700000e-10  0.00000000e+00  1.81929576e-04  1.09956956e+00  1.09887677e+00  8.61795093e-07 
 5.45900000e-10  0.00000000e+00  1.79825752e-04  1.09957461e+00  1.09889054e+00  8.54561727e-07 
 5.46100000e-10  0.00000000e+00  1.77749152e-04  1.09957959e+00  1.09890413e+00  8.41871299e-07 
 5.46300000e-10  0.00000000e+00  1.75699232e-04  1.09958451e+00  1.09891756e+00  8.34880065e-07 
 5.46500000e-10  0.00000000e+00  1.73675837e-04  1.09958937e+00  1.09893081e+00  8.22446142e-07 
 5.46700000e-10  0.00000000e+00  1.71678432e-04  1.09959417e+00  1.09894390e+00  8.15690799e-07 
 5.46900000e-10  0.00000000e+00  1.69706873e-04  1.09959890e+00  1.09895683e+00  8.03507154e-07 
 5.47100000e-10  0.00000000e+00  1.67760633e-04  1.09960358e+00  1.09896959e+00  7.96981616e-07 
 5.47300000e-10  0.00000000e+00  1.65839574e-04  1.09960820e+00  1.09898219e+00  7.85042180e-07 
 5.47500000e-10  0.00000000e+00  1.63943182e-04  1.09961276e+00  1.09899463e+00  7.78740512e-07 
 5.47700000e-10  0.00000000e+00  1.62071325e-04  1.09961726e+00  1.09900691e+00  7.67039364e-07 
 5.47900000e-10  0.00000000e+00  1.60223497e-04  1.09962171e+00  1.09901904e+00  7.60955782e-07 
 5.48100000e-10  0.00000000e+00  1.58399576e-04  1.09962610e+00  1.09903102e+00  7.49487149e-07 
 5.48300000e-10  0.00000000e+00  1.56599063e-04  1.09963043e+00  1.09904285e+00  7.43616016e-07 
 5.48500000e-10  0.00000000e+00  1.54821845e-04  1.09963471e+00  1.09905452e+00  7.32374267e-07 
 5.48700000e-10  0.00000000e+00  1.53067430e-04  1.09963894e+00  1.09906606e+00  7.26710085e-07 
 5.48900000e-10  0.00000000e+00  1.51335712e-04  1.09964311e+00  1.09907744e+00  7.15689730e-07 
 5.49100000e-10  0.00000000e+00  1.49626210e-04  1.09964723e+00  1.09908868e+00  7.10227140e-07 
 5.49300000e-10  0.00000000e+00  1.47938823e-04  1.09965130e+00  1.09909978e+00  6.99422826e-07 
 5.49500000e-10  0.00000000e+00  1.46273078e-04  1.09965531e+00  1.09911074e+00  6.94156603e-07 
 5.49700000e-10  0.00000000e+00  1.44628882e-04  1.09965928e+00  1.09912157e+00  6.83563108e-07 
 5.49900000e-10  0.00000000e+00  1.43005769e-04  1.09966319e+00  1.09913225e+00  6.78488159e-07 
 5.50100000e-10  0.00000000e+00  1.41403653e-04  1.09966706e+00  1.09914281e+00  6.68100392e-07 
 5.50300000e-10  0.00000000e+00  1.39822076e-04  1.09967088e+00  1.09915322e+00  6.63211753e-07 
 5.50500000e-10  0.00000000e+00  1.38260958e-04  1.09967465e+00  1.09916351e+00  6.53024748e-07 
 5.50700000e-10  0.00000000e+00  1.36719849e-04  1.09967837e+00  1.09917367e+00  6.48317580e-07 
 5.50900000e-10  0.00000000e+00  1.35198676e-04  1.09968205e+00  1.09918370e+00  6.38326495e-07 
 5.51100000e-10  0.00000000e+00  1.33696995e-04  1.09968568e+00  1.09919361e+00  6.33796078e-07 
 5.51300000e-10  0.00000000e+00  1.32214740e-04  1.09968926e+00  1.09920338e+00  6.23996191e-07 
 5.51500000e-10  0.00000000e+00  1.30751474e-04  1.09969280e+00  1.09921304e+00  6.19637927e-07 
 5.51700000e-10  0.00000000e+00  1.29307136e-04  1.09969629e+00  1.09922258e+00  6.10024633e-07 
 5.51900000e-10  0.00000000e+00  1.27881297e-04  1.09969974e+00  1.09923199e+00  6.05834038e-07 
 5.52100000e-10  0.00000000e+00  1.26473903e-04  1.09970315e+00  1.09924129e+00  5.96402847e-07 
 5.52300000e-10  0.00000000e+00  1.25084531e-04  1.09970651e+00  1.09925047e+00  5.92375550e-07 
 5.52500000e-10  0.00000000e+00  1.23713131e-04  1.09970983e+00  1.09925953e+00  5.83122083e-07 
 5.52700000e-10  0.00000000e+00  1.22359287e-04  1.09971311e+00  1.09926848e+00  5.79253822e-07 
 5.52900000e-10  0.00000000e+00  1.21022957e-04  1.09971635e+00  1.09927732e+00  5.70173808e-07 
 5.53100000e-10  0.00000000e+00  1.19703731e-04  1.09971954e+00  1.09928604e+00  5.66460432e-07 
 5.53300000e-10  0.00000000e+00  1.18401569e-04  1.09972270e+00  1.09929466e+00  5.57549706e-07 
 5.53500000e-10  0.00000000e+00  1.17116070e-04  1.09972582e+00  1.09930316e+00  5.53987165e-07 
 5.53700000e-10  0.00000000e+00  1.15847201e-04  1.09972890e+00  1.09931156e+00  5.45241665e-07 
 5.53900000e-10  0.00000000e+00  1.14594563e-04  1.09973193e+00  1.09931986e+00  5.41826012e-07 
 5.54100000e-10  0.00000000e+00  1.13358130e-04  1.09973493e+00  1.09932805e+00  5.33241778e-07 
 5.54300000e-10  0.00000000e+00  1.12137510e-04  1.09973790e+00  1.09933613e+00  5.29969167e-07 
 5.54500000e-10  0.00000000e+00  1.10932681e-04  1.09974082e+00  1.09934412e+00  5.21542336e-07 
 5.54700000e-10  0.00000000e+00  1.09743258e-04  1.09974371e+00  1.09935200e+00  5.18409016e-07 
 5.54900000e-10  0.00000000e+00  1.08569221e-04  1.09974656e+00  1.09935979e+00  5.10135820e-07 
 5.55100000e-10  0.00000000e+00  1.07410192e-04  1.09974938e+00  1.09936747e+00  5.07138136e-07 
 5.55300000e-10  0.00000000e+00  1.06266158e-04  1.09975216e+00  1.09937506e+00  4.99014903e-07 
 5.55500000e-10  0.00000000e+00  1.05136745e-04  1.09975491e+00  1.09938256e+00  4.96149291e-07 
 5.55700000e-10  0.00000000e+00  1.04021943e-04  1.09975762e+00  1.09938996e+00  4.88172437e-07 
 5.55900000e-10  0.00000000e+00  1.02921384e-04  1.09976029e+00  1.09939727e+00  4.85435424e-07 
 5.56100000e-10  0.00000000e+00  1.01835065e-04  1.09976294e+00  1.09940448e+00  4.77601456e-07 
 5.56300000e-10  0.00000000e+00  1.00762621e-04  1.09976555e+00  1.09941160e+00  4.74989655e-07 
 5.56500000e-10  0.00000000e+00  9.97040532e-05  1.09976812e+00  1.09941864e+00  4.67295165e-07 
 5.56700000e-10  0.00000000e+00  9.86590029e-05  1.09977067e+00  1.09942558e+00  4.64805277e-07 
 5.56900000e-10  0.00000000e+00  9.76274744e-05  1.09977318e+00  1.09943244e+00  4.57246943e-07 
 5.57100000e-10  0.00000000e+00  9.66091150e-05  1.09977566e+00  1.09943921e+00  4.54875749e-07 
 5.57300000e-10  0.00000000e+00  9.56039325e-05  1.09977811e+00  1.09944590e+00  4.47450330e-07 
 5.57500000e-10  0.00000000e+00  9.46115793e-05  1.09978053e+00  1.09945250e+00  4.45194696e-07 
 5.57700000e-10  0.00000000e+00  9.36320673e-05  1.09978292e+00  1.09945902e+00  4.37899031e-07 
 5.57900000e-10  0.00000000e+00  9.26650534e-05  1.09978528e+00  1.09946546e+00  4.35755899e-07 
 5.58100000e-10  0.00000000e+00  9.17105534e-05  1.09978761e+00  1.09947182e+00  4.28586906e-07 
 5.58300000e-10  0.00000000e+00  9.07682291e-05  1.09978990e+00  1.09947809e+00  4.26553298e-07 
 5.58500000e-10  0.00000000e+00  8.98380999e-05  1.09979217e+00  1.09948429e+00  4.19507971e-07 
 5.58700000e-10  0.00000000e+00  8.89198322e-05  1.09979442e+00  1.09949041e+00  4.17580982e-07 
 5.58900000e-10  0.00000000e+00  8.80134490e-05  1.09979663e+00  1.09949645e+00  4.10656389e-07 
 5.59100000e-10  0.00000000e+00  8.71186213e-05  1.09979882e+00  1.09950242e+00  4.08833188e-07 
 5.59300000e-10  0.00000000e+00  8.62353754e-05  1.09980097e+00  1.09950831e+00  4.02026471e-07 
 5.59500000e-10  0.00000000e+00  8.53633868e-05  1.09980310e+00  1.09951412e+00  4.00304300e-07 
 5.59700000e-10  0.00000000e+00  8.45026852e-05  1.09980521e+00  1.09951987e+00  3.93612670e-07 
 5.59900000e-10  0.00000000e+00  8.36529505e-05  1.09980728e+00  1.09952554e+00  3.91988838e-07 
 5.60100000e-10  0.00000000e+00  8.28142154e-05  1.09980934e+00  1.09953114e+00  3.85409576e-07 
 5.60300000e-10  0.00000000e+00  8.19861643e-05  1.09981136e+00  1.09953666e+00  3.83881463e-07 
 5.60500000e-10  0.00000000e+00  8.11688329e-05  1.09981336e+00  1.09954212e+00  3.77411916e-07 
 5.60700000e-10  0.00000000e+00  8.03619098e-05  1.09981534e+00  1.09954751e+00  3.75976967e-07 
 5.60900000e-10  0.00000000e+00  7.95654338e-05  1.09981729e+00  1.09955284e+00  3.69614548e-07 
 5.61100000e-10  0.00000000e+00  7.87790974e-05  1.09981921e+00  1.09955809e+00  3.68270272e-07 
 5.61300000e-10  0.00000000e+00  7.80029424e-05  1.09982111e+00  1.09956328e+00  3.62012460e-07 
 5.61500000e-10  0.00000000e+00  7.72366655e-05  1.09982299e+00  1.09956841e+00  3.60756431e-07 
 5.61700000e-10  0.00000000e+00  7.64803111e-05  1.09982484e+00  1.09957347e+00  3.54600764e-07 
 5.61900000e-10  0.00000000e+00  7.57335798e-05  1.09982667e+00  1.09957846e+00  3.53430615e-07 
 5.62100000e-10  0.00000000e+00  7.49965189e-05  1.09982848e+00  1.09958340e+00  3.47374694e-07 
 5.62300000e-10  0.00000000e+00  7.42688328e-05  1.09983026e+00  1.09958827e+00  3.46288120e-07 
 5.62500000e-10  0.00000000e+00  7.35505713e-05  1.09983202e+00  1.09959308e+00  3.40329605e-07 
 5.62700000e-10  0.00000000e+00  7.28414426e-05  1.09983376e+00  1.09959782e+00  3.39324358e-07 
 5.62900000e-10  0.00000000e+00  7.21414992e-05  1.09983548e+00  1.09960251e+00  3.33460966e-07 
 5.63100000e-10  0.00000000e+00  7.14504528e-05  1.09983718e+00  1.09960714e+00  3.32534856e-07 
 5.63300000e-10  0.00000000e+00  7.07683585e-05  1.09983885e+00  1.09961171e+00  3.26764361e-07 
 5.63500000e-10  0.00000000e+00  7.00949315e-05  1.09984051e+00  1.09961623e+00  3.25915253e-07 
 5.63700000e-10  0.00000000e+00  6.94302294e-05  1.09984214e+00  1.09962069e+00  3.20235483e-07 
 5.63900000e-10  0.00000000e+00  6.87739709e-05  1.09984375e+00  1.09962509e+00  3.19461297e-07 
 5.64100000e-10  0.00000000e+00  6.81262158e-05  1.09984534e+00  1.09962943e+00  3.13870135e-07 
 5.64300000e-10  0.00000000e+00  6.74866864e-05  1.09984691e+00  1.09963372e+00  3.13168842e-07 
 5.64500000e-10  0.00000000e+00  6.68554446e-05  1.09984846e+00  1.09963796e+00  3.07664222e-07 
 5.64700000e-10  0.00000000e+00  6.62322161e-05  1.09985000e+00  1.09964214e+00  3.07033847e-07 
 5.64900000e-10  0.00000000e+00  6.56170651e-05  1.09985151e+00  1.09964628e+00  3.01613755e-07 
 5.65100000e-10  0.00000000e+00  6.50097205e-05  1.09985300e+00  1.09965035e+00  3.01052370e-07 
 5.65300000e-10  0.00000000e+00  6.44102485e-05  1.09985448e+00  1.09965438e+00  2.95714841e-07 
 5.65500000e-10  0.00000000e+00  6.38183814e-05  1.09985594e+00  1.09965836e+00  2.95220570e-07 
 5.65700000e-10  0.00000000e+00  6.32341874e-05  1.09985737e+00  1.09966229e+00  2.89963687e-07 
 5.65900000e-10  0.00000000e+00  6.26574018e-05  1.09985879e+00  1.09966616e+00  2.89534701e-07 
 5.66100000e-10  0.00000000e+00  6.20880949e-05  1.09986020e+00  1.09966999e+00  2.84356594e-07 
 5.66300000e-10  0.00000000e+00  6.15260052e-05  1.09986158e+00  1.09967377e+00  2.83991109e-07 
 5.66500000e-10  0.00000000e+00  6.09712046e-05  1.09986295e+00  1.09967750e+00  2.78889956e-07 
 5.66700000e-10  0.00000000e+00  6.04234348e-05  1.09986430e+00  1.09968119e+00  2.78586234e-07 
 5.66900000e-10  0.00000000e+00  5.98827697e-05  1.09986563e+00  1.09968483e+00  2.73560257e-07 
 5.67100000e-10  0.00000000e+00  5.93489536e-05  1.09986695e+00  1.09968842e+00  2.73316605e-07 
 5.67300000e-10  0.00000000e+00  5.88220624e-05  1.09986825e+00  1.09969197e+00  2.68364068e-07 
 5.67500000e-10  0.00000000e+00  5.83018433e-05  1.09986953e+00  1.09969547e+00  2.68178836e-07 
 5.67700000e-10  0.00000000e+00  5.77883738e-05  1.09987080e+00  1.09969893e+00  2.63298048e-07 
 5.67900000e-10  0.00000000e+00  5.72814042e-05  1.09987205e+00  1.09970235e+00  2.63169626e-07 
 5.68100000e-10  0.00000000e+00  5.67810133e-05  1.09987328e+00  1.09970572e+00  2.58358937e-07 
 5.68300000e-10  0.00000000e+00  5.62869542e-05  1.09987450e+00  1.09970905e+00  2.58285759e-07 
 5.68500000e-10  0.00000000e+00  5.57993076e-05  1.09987571e+00  1.09971234e+00  2.53543558e-07 
 5.68700000e-10  0.00000000e+00  5.53178293e-05  1.09987690e+00  1.09971559e+00  2.53524097e-07 
 5.68900000e-10  0.00000000e+00  5.48426012e-05  1.09987807e+00  1.09971879e+00  2.48848814e-07 
 5.69100000e-10  0.00000000e+00  5.43733820e-05  1.09987923e+00  1.09972196e+00  2.48881581e-07 
 5.69300000e-10  0.00000000e+00  5.39102551e-05  1.09988037e+00  1.09972508e+00  2.44271685e-07 
 5.69500000e-10  0.00000000e+00  5.34529817e-05  1.09988150e+00  1.09972817e+00  2.44355229e-07 
 5.69700000e-10  0.00000000e+00  5.30016468e-05  1.09988262e+00  1.09973122e+00  2.39809226e-07 
 5.69900000e-10  0.00000000e+00  5.25560140e-05  1.09988372e+00  1.09973423e+00  2.39942133e-07 
 5.70100000e-10  0.00000000e+00  5.21161698e-05  1.09988481e+00  1.09973720e+00  2.35458566e-07 
 5.70300000e-10  0.00000000e+00  5.16818802e-05  1.09988588e+00  1.09974013e+00  2.35639459e-07 
 5.70500000e-10  0.00000000e+00  5.12532331e-05  1.09988694e+00  1.09974303e+00  2.31216906e-07 
 5.70700000e-10  0.00000000e+00  5.08299970e-05  1.09988799e+00  1.09974589e+00  2.31444443e-07 
 5.70900000e-10  0.00000000e+00  5.04122608e-05  1.09988903e+00  1.09974871e+00  2.27081518e-07 
 5.71100000e-10  0.00000000e+00  4.99997958e-05  1.09989005e+00  1.09975150e+00  2.27354390e-07 
 5.71300000e-10  0.00000000e+00  4.95926921e-05  1.09989106e+00  1.09975425e+00  2.23049739e-07 
 5.71500000e-10  0.00000000e+00  4.91907231e-05  1.09989205e+00  1.09975697e+00  2.23366673e-07 
 5.71700000e-10  0.00000000e+00  4.87939801e-05  1.09989304e+00  1.09975966e+00  2.19118978e-07 
 5.71900000e-10  0.00000000e+00  4.84022391e-05  1.09989401e+00  1.09976231e+00  2.19478730e-07 
 5.72100000e-10  0.00000000e+00  4.80155924e-05  1.09989496e+00  1.09976492e+00  2.15286703e-07 
 5.72300000e-10  0.00000000e+00  4.76338182e-05  1.09989591e+00  1.09976751e+00  2.15688064e-07 
 5.72500000e-10  0.00000000e+00  4.72570099e-05  1.09989685e+00  1.09977006e+00  2.11550449e-07 
 5.72700000e-10  0.00000000e+00  4.68849480e-05  1.09989777e+00  1.09977258e+00  2.11992240e-07 
 5.72900000e-10  0.00000000e+00  4.65177270e-05  1.09989868e+00  1.09977507e+00  2.07907813e-07 
 5.73100000e-10  0.00000000e+00  4.61551294e-05  1.09989958e+00  1.09977753e+00  2.08388884e-07 
 5.73300000e-10  0.00000000e+00  4.57972509e-05  1.09990047e+00  1.09977995e+00  2.04356450e-07 
 5.73500000e-10  0.00000000e+00  4.54438762e-05  1.09990135e+00  1.09978235e+00  2.04875681e-07 
 5.73700000e-10  0.00000000e+00  4.50951017e-05  1.09990221e+00  1.09978471e+00  2.00894074e-07 
 5.73900000e-10  0.00000000e+00  4.47507143e-05  1.09990307e+00  1.09978705e+00  2.01450375e-07 
 5.74100000e-10  0.00000000e+00  4.44108115e-05  1.09990391e+00  1.09978935e+00  1.97518458e-07 
 5.74300000e-10  0.00000000e+00  4.40751821e-05  1.09990474e+00  1.09979163e+00  1.98110766e-07 
 5.74500000e-10  0.00000000e+00  4.37439245e-05  1.09990557e+00  1.09979388e+00  1.94227430e-07 
 5.74700000e-10  0.00000000e+00  4.34168297e-05  1.09990638e+00  1.09979610e+00  1.94854709e-07 
 5.74900000e-10  0.00000000e+00  4.30939968e-05  1.09990718e+00  1.09979829e+00  1.91018871e-07 
 5.75100000e-10  0.00000000e+00  4.27752187e-05  1.09990798e+00  1.09980045e+00  1.91680111e-07 
 5.75300000e-10  0.00000000e+00  4.24605955e-05  1.09990876e+00  1.09980259e+00  1.87890716e-07 
 5.75500000e-10  0.00000000e+00  4.21499220e-05  1.09990953e+00  1.09980470e+00  1.88584935e-07 
 5.75700000e-10  0.00000000e+00  4.18432990e-05  1.09991029e+00  1.09980678e+00  1.84840952e-07 
 5.75900000e-10  0.00000000e+00  4.15405233e-05  1.09991105e+00  1.09980884e+00  1.85567192e-07 
 5.76100000e-10  0.00000000e+00  4.12416965e-05  1.09991179e+00  1.09981087e+00  1.81867616e-07 
 5.76300000e-10  0.00000000e+00  4.09466172e-05  1.09991253e+00  1.09981288e+00  1.82624944e-07 
 5.76500000e-10  0.00000000e+00  4.06553876e-05  1.09991325e+00  1.09981486e+00  1.78968795e-07 
 5.76700000e-10  0.00000000e+00  4.03678085e-05  1.09991397e+00  1.09981681e+00  1.79756300e-07 
 5.76900000e-10  0.00000000e+00  4.00839824e-05  1.09991467e+00  1.09981874e+00  1.76142622e-07 
 5.77100000e-10  0.00000000e+00  3.98037120e-05  1.09991537e+00  1.09982065e+00  1.76959420e-07 
 5.77300000e-10  0.00000000e+00  3.95271007e-05  1.09991606e+00  1.09982253e+00  1.73387278e-07 
 5.77500000e-10  0.00000000e+00  3.92539528e-05  1.09991674e+00  1.09982439e+00  1.74232505e-07 
 5.77700000e-10  0.00000000e+00  3.89843722e-05  1.09991741e+00  1.09982623e+00  1.70700990e-07 
 5.77900000e-10  0.00000000e+00  3.87181651e-05  1.09991808e+00  1.09982804e+00  1.71573806e-07 
 5.78100000e-10  0.00000000e+00  3.84554360e-05  1.09991873e+00  1.09982983e+00  1.68082029e-07 
 5.78300000e-10  0.00000000e+00  3.81959928e-05  1.09991938e+00  1.09983160e+00  1.68981614e-07 
 5.78500000e-10  0.00000000e+00  3.79399405e-05  1.09992002e+00  1.09983334e+00  1.65528708e-07 
 5.78700000e-10  0.00000000e+00  3.76870888e-05  1.09992065e+00  1.09983506e+00  1.66454264e-07 
 5.78900000e-10  0.00000000e+00  3.74375431e-05  1.09992127e+00  1.09983676e+00  1.63039384e-07 
 5.79100000e-10  0.00000000e+00  3.71911148e-05  1.09992189e+00  1.09983844e+00  1.63990134e-07 
 5.79300000e-10  0.00000000e+00  3.69479099e-05  1.09992249e+00  1.09984010e+00  1.60612454e-07 
 5.79500000e-10  0.00000000e+00  3.67077414e-05  1.09992309e+00  1.09984174e+00  1.61587641e-07 
 5.79700000e-10  0.00000000e+00  3.64707156e-05  1.09992369e+00  1.09984336e+00  1.58246356e-07 
 5.79900000e-10  0.00000000e+00  3.62366473e-05  1.09992427e+00  1.09984495e+00  1.59245241e-07 
 5.80100000e-10  0.00000000e+00  3.60056432e-05  1.09992485e+00  1.09984653e+00  1.55939566e-07 
 5.80300000e-10  0.00000000e+00  3.57775196e-05  1.09992542e+00  1.09984809e+00  1.56961432e-07 
 5.80500000e-10  0.00000000e+00  3.55523838e-05  1.09992598e+00  1.09984962e+00  1.53690600e-07 
 5.80700000e-10  0.00000000e+00  3.53300535e-05  1.09992654e+00  1.09985114e+00  1.54734746e-07 
 5.80900000e-10  0.00000000e+00  3.51106364e-05  1.09992709e+00  1.09985264e+00  1.51498008e-07 
 5.81100000e-10  0.00000000e+00  3.48939518e-05  1.09992763e+00  1.09985412e+00  1.52563753e-07 
 5.81300000e-10  0.00000000e+00  3.46801077e-05  1.09992816e+00  1.09985558e+00  1.49360380e-07 
 5.81500000e-10  0.00000000e+00  3.44689250e-05  1.09992869e+00  1.09985702e+00  1.50447059e-07 
 5.81700000e-10  0.00000000e+00  3.42605120e-05  1.09992921e+00  1.09985845e+00  1.47276339e-07 
 5.81900000e-10  0.00000000e+00  3.40546910e-05  1.09992973e+00  1.09985985e+00  1.48383305e-07 
 5.82100000e-10  0.00000000e+00  3.38515707e-05  1.09993024e+00  1.09986124e+00  1.45244542e-07 
 5.82300000e-10  0.00000000e+00  3.36509749e-05  1.09993074e+00  1.09986261e+00  1.46371166e-07 
 5.82500000e-10  0.00000000e+00  3.34530125e-05  1.09993123e+00  1.09986397e+00  1.43263682e-07 
 5.82700000e-10  0.00000000e+00  3.32575088e-05  1.09993172e+00  1.09986530e+00  1.44409349e-07 
 5.82900000e-10  0.00000000e+00  3.30645730e-05  1.09993221e+00  1.09986662e+00  1.41332484e-07 
 5.83100000e-10  0.00000000e+00  3.28740317e-05  1.09993268e+00  1.09986793e+00  1.42496596e-07 
 5.83300000e-10  0.00000000e+00  3.26859945e-05  1.09993315e+00  1.09986921e+00  1.39449702e-07 
 5.83500000e-10  0.00000000e+00  3.25002893e-05  1.09993362e+00  1.09987048e+00  1.40631678e-07 
 5.83700000e-10  0.00000000e+00  3.23170259e-05  1.09993408e+00  1.09987174e+00  1.37614124e-07 
 5.83900000e-10  0.00000000e+00  3.21360337e-05  1.09993453e+00  1.09987298e+00  1.38813397e-07 
 5.84100000e-10  0.00000000e+00  3.19574225e-05  1.09993498e+00  1.09987420e+00  1.35824569e-07 
 5.84300000e-10  0.00000000e+00  3.17810233e-05  1.09993542e+00  1.09987541e+00  1.37040586e-07 
 5.84500000e-10  0.00000000e+00  3.16069460e-05  1.09993586e+00  1.09987660e+00  1.34079884e-07 
 5.84700000e-10  0.00000000e+00  3.14350228e-05  1.09993629e+00  1.09987778e+00  1.35312108e-07 
 5.84900000e-10  0.00000000e+00  3.12653640e-05  1.09993672e+00  1.09987894e+00  1.32378945e-07 
 5.85100000e-10  0.00000000e+00  3.10978029e-05  1.09993714e+00  1.09988009e+00  1.33626851e-07 
 5.85300000e-10  0.00000000e+00  3.09324501e-05  1.09993755e+00  1.09988122e+00  1.30720656e-07 
 5.85500000e-10  0.00000000e+00  3.07691402e-05  1.09993796e+00  1.09988234e+00  1.31983735e-07 
 5.85700000e-10  0.00000000e+00  3.06079837e-05  1.09993837e+00  1.09988345e+00  1.29103949e-07 
 5.85900000e-10  0.00000000e+00  3.04488167e-05  1.09993877e+00  1.09988454e+00  1.30381704e-07 
 5.86100000e-10  0.00000000e+00  3.02917498e-05  1.09993916e+00  1.09988562e+00  1.27527783e-07 
 5.86300000e-10  0.00000000e+00  3.01366204e-05  1.09993955e+00  1.09988668e+00  1.28819731e-07 
 5.86500000e-10  0.00000000e+00  2.99835390e-05  1.09993994e+00  1.09988773e+00  1.25991143e-07 
 5.86700000e-10  0.00000000e+00  2.98323444e-05  1.09994032e+00  1.09988877e+00  1.27296811e-07 
 5.86900000e-10  0.00000000e+00  2.96831471e-05  1.09994069e+00  1.09988979e+00  1.24493038e-07 
 5.87100000e-10  0.00000000e+00  2.95357872e-05  1.09994106e+00  1.09989081e+00  1.25811969e-07 
 5.87300000e-10  0.00000000e+00  2.93903752e-05  1.09994143e+00  1.09989181e+00  1.23032503e-07 
 5.87500000e-10  0.00000000e+00  2.92467524e-05  1.09994179e+00  1.09989279e+00  1.24364250e-07 
 5.87700000e-10  0.00000000e+00  2.91050295e-05  1.09994214e+00  1.09989377e+00  1.21608597e-07 
 5.87900000e-10  0.00000000e+00  2.89650488e-05  1.09994250e+00  1.09989473e+00  1.22952726e-07 
 5.88100000e-10  0.00000000e+00  2.88269210e-05  1.09994284e+00  1.09989568e+00  1.20220403e-07 
 5.88300000e-10  0.00000000e+00  2.86904897e-05  1.09994319e+00  1.09989661e+00  1.21576490e-07 
 5.88500000e-10  0.00000000e+00  2.85558657e-05  1.09994353e+00  1.09989754e+00  1.18867027e-07 
 5.88700000e-10  0.00000000e+00  2.84228936e-05  1.09994386e+00  1.09989845e+00  1.20234660e-07 
 5.88900000e-10  0.00000000e+00  2.82916842e-05  1.09994419e+00  1.09989936e+00  1.17547596e-07 
 5.89100000e-10  0.00000000e+00  2.81620833e-05  1.09994452e+00  1.09990025e+00  1.18926373e-07 
 5.89300000e-10  0.00000000e+00  2.80342017e-05  1.09994484e+00  1.09990113e+00  1.16261260e-07 
 5.89500000e-10  0.00000000e+00  2.79078863e-05  1.09994516e+00  1.09990200e+00  1.17650790e-07 
 5.89700000e-10  0.00000000e+00  2.77832479e-05  1.09994547e+00  1.09990285e+00  1.15007190e-07 
 5.89900000e-10  0.00000000e+00  2.76601344e-05  1.09994578e+00  1.09990370e+00  1.16407094e-07 
 5.90100000e-10  0.00000000e+00  2.75386567e-05  1.09994609e+00  1.09990454e+00  1.13784577e-07 
 5.90300000e-10  0.00000000e+00  2.74186638e-05  1.09994639e+00  1.09990536e+00  1.15194485e-07 
 5.90500000e-10  0.00000000e+00  2.73002665e-05  1.09994669e+00  1.09990618e+00  1.12592635e-07 
 5.90700000e-10  0.00000000e+00  2.71833148e-05  1.09994698e+00  1.09990698e+00  1.14012185e-07 
 5.90900000e-10  0.00000000e+00  2.70679195e-05  1.09994727e+00  1.09990778e+00  1.11430595e-07 
 5.91100000e-10  0.00000000e+00  2.69539317e-05  1.09994756e+00  1.09990856e+00  1.12859436e-07 
 5.91300000e-10  0.00000000e+00  2.68414621e-05  1.09994785e+00  1.09990934e+00  1.10297707e-07 
 5.91500000e-10  0.00000000e+00  2.67303629e-05  1.09994813e+00  1.09991010e+00  1.11735499e-07 
 5.91700000e-10  0.00000000e+00  2.66207447e-05  1.09994840e+00  1.09991086e+00  1.09193241e-07 
 5.91900000e-10  0.00000000e+00  2.65124607e-05  1.09994868e+00  1.09991160e+00  1.10639651e-07 
 5.92100000e-10  0.00000000e+00  2.64056214e-05  1.09994895e+00  1.09991234e+00  1.08116486e-07 
 5.92300000e-10  0.00000000e+00  2.63000811e-05  1.09994921e+00  1.09991307e+00  1.09571190e-07 
 5.92500000e-10  0.00000000e+00  2.61959501e-05  1.09994948e+00  1.09991379e+00  1.07066748e-07 
 5.92700000e-10  0.00000000e+00  2.60930836e-05  1.09994974e+00  1.09991450e+00  1.08529431e-07 
 5.92900000e-10  0.00000000e+00  2.59915921e-05  1.09994999e+00  1.09991520e+00  1.06043349e-07 
 5.93100000e-10  0.00000000e+00  2.58913316e-05  1.09995024e+00  1.09991589e+00  1.07513705e-07 
 5.93300000e-10  0.00000000e+00  2.57924125e-05  1.09995049e+00  1.09991657e+00  1.05045630e-07 
 5.93500000e-10  0.00000000e+00  2.56946918e-05  1.09995074e+00  1.09991725e+00  1.06523360e-07 
 5.93700000e-10  0.00000000e+00  2.55982797e-05  1.09995098e+00  1.09991791e+00  1.04072947e-07 
 5.93900000e-10  0.00000000e+00  2.55030343e-05  1.09995123e+00  1.09991857e+00  1.05557762e-07 
 5.94100000e-10  0.00000000e+00  2.54090655e-05  1.09995146e+00  1.09991922e+00  1.03124674e-07 
 5.94300000e-10  0.00000000e+00  2.53162325e-05  1.09995170e+00  1.09991986e+00  1.04616290e-07 
 5.94500000e-10  0.00000000e+00  2.52246450e-05  1.09995193e+00  1.09992049e+00  1.02200199e-07 
 5.94700000e-10  0.00000000e+00  2.51341631e-05  1.09995216e+00  1.09992112e+00  1.03698341e-07 
 5.94900000e-10  0.00000000e+00  2.50448964e-05  1.09995238e+00  1.09992173e+00  1.01298926e-07 
 5.95100000e-10  0.00000000e+00  2.49567059e-05  1.09995261e+00  1.09992234e+00  1.02803327e-07 
 5.95300000e-10  0.00000000e+00  2.48697011e-05  1.09995283e+00  1.09992294e+00  1.00420273e-07 
 5.95500000e-10  0.00000000e+00  2.47837438e-05  1.09995305e+00  1.09992354e+00  1.01930673e-07 
 5.95700000e-10  0.00000000e+00  2.46989433e-05  1.09995326e+00  1.09992412e+00  9.95636737e-08 
 5.95900000e-10  0.00000000e+00  2.46151626e-05  1.09995347e+00  1.09992470e+00  1.01079819e-07 
 5.96100000e-10  0.00000000e+00  2.45325105e-05  1.09995368e+00  1.09992527e+00  9.87285757e-08 
 5.96300000e-10  0.00000000e+00  2.44508510e-05  1.09995389e+00  1.09992584e+00  1.00250221e-07 
 5.96500000e-10  0.00000000e+00  2.43702928e-05  1.09995409e+00  1.09992640e+00  9.79144404e-08 
 5.96700000e-10  0.00000000e+00  2.42907007e-05  1.09995429e+00  1.09992695e+00  9.94413449e-08 
 5.96900000e-10  0.00000000e+00  2.42121832e-05  1.09995449e+00  1.09992749e+00  9.71207429e-08 
 5.97100000e-10  0.00000000e+00  2.41346060e-05  1.09995469e+00  1.09992803e+00  9.86526737e-08 
 5.97300000e-10  0.00000000e+00  2.40580774e-05  1.09995488e+00  1.09992856e+00  9.63469709e-08 
 5.97500000e-10  0.00000000e+00  2.39824639e-05  1.09995507e+00  1.09992908e+00  9.78837009e-08 
 5.97700000e-10  0.00000000e+00  2.39078738e-05  1.09995526e+00  1.09992960e+00  9.55926254e-08 
 5.97900000e-10  0.00000000e+00  2.38341742e-05  1.09995545e+00  1.09993011e+00  9.71339338e-08 
 5.98100000e-10  0.00000000e+00  2.37614732e-05  1.09995563e+00  1.09993061e+00  9.48572192e-08 
 5.98300000e-10  0.00000000e+00  2.36896389e-05  1.09995582e+00  1.09993111e+00  9.64028921e-08 
 5.98500000e-10  0.00000000e+00  2.36187792e-05  1.09995600e+00  1.09993160e+00  9.41402782e-08 
 5.98700000e-10  0.00000000e+00  2.35487629e-05  1.09995617e+00  1.09993208e+00  9.56901063e-08 
 5.98900000e-10  0.00000000e+00  2.34796977e-05  1.09995635e+00  1.09993256e+00  9.34413397e-08 
 5.99100000e-10  0.00000000e+00  2.34114533e-05  1.09995652e+00  1.09993304e+00  9.49951203e-08 
 5.99300000e-10  0.00000000e+00  2.33441371e-05  1.09995669e+00  1.09993350e+00  9.27599528e-08 
 5.99500000e-10  0.00000000e+00  2.32776196e-05  1.09995686e+00  1.09993396e+00  9.43174880e-08 
 5.99700000e-10  0.00000000e+00  2.32120079e-05  1.09995703e+00  1.09993442e+00  9.20956775e-08 
 5.99900000e-10  0.00000000e+00  2.31471735e-05  1.09995719e+00  1.09993487e+00  9.36567756e-08 
 6.00100000e-10  0.00000000e+00  2.30832231e-05  1.09995736e+00  1.09993531e+00  9.14480853e-08 
 6.00300000e-10  0.00000000e+00  2.30200291e-05  1.09995752e+00  1.09993575e+00  9.30125594e-08 
 6.00500000e-10  0.00000000e+00  2.29576979e-05  1.09995767e+00  1.09993618e+00  9.08167581e-08 
 6.00700000e-10  0.00000000e+00  2.28961026e-05  1.09995783e+00  1.09993661e+00  9.23844269e-08 
 6.00900000e-10  0.00000000e+00  2.28353495e-05  1.09995799e+00  1.09993703e+00  9.02012883e-08 
 6.01100000e-10  0.00000000e+00  2.27753124e-05  1.09995814e+00  1.09993745e+00  9.17719752e-08 
 6.01300000e-10  0.00000000e+00  2.27160974e-05  1.09995829e+00  1.09993786e+00  8.96012785e-08 
 6.01500000e-10  0.00000000e+00  2.26575790e-05  1.09995844e+00  1.09993826e+00  9.11748119e-08 
 6.01700000e-10  0.00000000e+00  2.25998631e-05  1.09995858e+00  1.09993867e+00  8.90163418e-08 
 6.01900000e-10  0.00000000e+00  2.25428248e-05  1.09995873e+00  1.09993906e+00  9.05925548e-08 
 6.02100000e-10  0.00000000e+00  2.24865699e-05  1.09995887e+00  1.09993945e+00  8.84461000e-08 
 6.02300000e-10  0.00000000e+00  2.24309742e-05  1.09995901e+00  1.09993984e+00  9.00248304e-08 
 6.02500000e-10  0.00000000e+00  2.23761433e-05  1.09995915e+00  1.09994022e+00  8.78901853e-08 
 6.02700000e-10  0.00000000e+00  2.23219537e-05  1.09995929e+00  1.09994060e+00  8.94712754e-08 
 6.02900000e-10  0.00000000e+00  2.22685105e-05  1.09995943e+00  1.09994097e+00  8.73482385e-08 
 6.03100000e-10  0.00000000e+00  2.22156913e-05  1.09995956e+00  1.09994133e+00  8.89315350e-08 
 6.03300000e-10  0.00000000e+00  2.21636008e-05  1.09995969e+00  1.09994170e+00  8.68199095e-08 
 6.03500000e-10  0.00000000e+00  2.21121173e-05  1.09995982e+00  1.09994205e+00  8.84052636e-08 
 6.03700000e-10  0.00000000e+00  2.20613451e-05  1.09995995e+00  1.09994241e+00  8.63048571e-08 
 6.03900000e-10  0.00000000e+00  2.20111633e-05  1.09996008e+00  1.09994276e+00  8.78921244e-08 
 6.04100000e-10  0.00000000e+00  2.19616761e-05  1.09996021e+00  1.09994310e+00  8.58027488e-08 
 6.04300000e-10  0.00000000e+00  2.19127631e-05  1.09996033e+00  1.09994344e+00  8.73917881e-08 
 6.04500000e-10  0.00000000e+00  2.18645282e-05  1.09996045e+00  1.09994378e+00  8.53132601e-08 
 6.04700000e-10  0.00000000e+00  2.18168518e-05  1.09996058e+00  1.09994411e+00  8.69039352e-08 
 6.04900000e-10  0.00000000e+00  2.17698375e-05  1.09996070e+00  1.09994443e+00  8.48360746e-08 
 6.05100000e-10  0.00000000e+00  2.17233663e-05  1.09996081e+00  1.09994476e+00  8.64282528e-08 
 6.05300000e-10  0.00000000e+00  2.16775417e-05  1.09996093e+00  1.09994508e+00  8.43708844e-08 
 6.05500000e-10  0.00000000e+00  2.16322453e-05  1.09996105e+00  1.09994539e+00  8.59644366e-08 
 6.05700000e-10  0.00000000e+00  2.15875801e-05  1.09996116e+00  1.09994570e+00  8.39173888e-08 
 6.05900000e-10  0.00000000e+00  2.15434286e-05  1.09996127e+00  1.09994601e+00  8.55121893e-08 
 6.06100000e-10  0.00000000e+00  2.14998935e-05  1.09996138e+00  1.09994631e+00  8.34752942e-08 
 6.06300000e-10  0.00000000e+00  2.14568579e-05  1.09996149e+00  1.09994661e+00  8.50712220e-08 
 6.06500000e-10  0.00000000e+00  2.14144243e-05  1.09996160e+00  1.09994691e+00  8.30443155e-08 
 6.06700000e-10  0.00000000e+00  2.13724764e-05  1.09996171e+00  1.09994720e+00  8.46412521e-08 
 6.06900000e-10  0.00000000e+00  2.13311163e-05  1.09996181e+00  1.09994749e+00  8.26241738e-08 
 6.07100000e-10  0.00000000e+00  2.12902285e-05  1.09996192e+00  1.09994777e+00  8.42220045e-08 
 6.07300000e-10  0.00000000e+00  2.12499147e-05  1.09996202e+00  1.09994805e+00  8.22145977e-08 
 6.07500000e-10  0.00000000e+00  2.12100601e-05  1.09996212e+00  1.09994833e+00  8.38132110e-08 
 6.07700000e-10  0.00000000e+00  2.11707661e-05  1.09996222e+00  1.09994861e+00  8.18153222e-08 
 6.07900000e-10  0.00000000e+00  2.11319186e-05  1.09996232e+00  1.09994888e+00  8.34146100e-08 
 6.08100000e-10  0.00000000e+00  2.10936186e-05  1.09996242e+00  1.09994914e+00  8.14260894e-08 
 6.08300000e-10  0.00000000e+00  2.10557526e-05  1.09996252e+00  1.09994941e+00  8.30259465e-08 
 6.08500000e-10  0.00000000e+00  2.10184213e-05  1.09996261e+00  1.09994967e+00  8.10466475e-08 
 6.08700000e-10  0.00000000e+00  2.09815120e-05  1.09996271e+00  1.09994993e+00  8.26469718e-08 
 6.08900000e-10  0.00000000e+00  2.09451250e-05  1.09996280e+00  1.09995018e+00  8.06767509e-08 
 6.09100000e-10  0.00000000e+00  2.09091481e-05  1.09996289e+00  1.09995043e+00  8.22774436e-08 
 6.09300000e-10  0.00000000e+00  2.08736815e-05  1.09996298e+00  1.09995068e+00  8.03161605e-08 
 6.09500000e-10  0.00000000e+00  2.08386134e-05  1.09996307e+00  1.09995092e+00  8.19171256e-08 
 6.09700000e-10  0.00000000e+00  2.08040437e-05  1.09996316e+00  1.09995116e+00  7.99646431e-08 
 6.09900000e-10  0.00000000e+00  2.07698615e-05  1.09996325e+00  1.09995140e+00  8.15657873e-08 
 6.10100000e-10  0.00000000e+00  2.07361661e-05  1.09996333e+00  1.09995164e+00  7.96219714e-08 
 6.10300000e-10  0.00000000e+00  2.07028472e-05  1.09996342e+00  1.09995187e+00  8.12232041e-08 
 6.10500000e-10  0.00000000e+00  2.06700039e-05  1.09996350e+00  1.09995210e+00  7.92879233e-08 
 6.10700000e-10  0.00000000e+00  2.06375266e-05  1.09996359e+00  1.09995233e+00  8.08891569e-08 
 6.10900000e-10  0.00000000e+00  2.06055139e-05  1.09996367e+00  1.09995255e+00  7.89622830e-08 
 6.11100000e-10  0.00000000e+00  2.05738567e-05  1.09996375e+00  1.09995277e+00  8.05634323e-08 
 6.11300000e-10  0.00000000e+00  2.05426535e-05  1.09996383e+00  1.09995299e+00  7.86448396e-08 
 6.11500000e-10  0.00000000e+00  2.05117957e-05  1.09996391e+00  1.09995320e+00  8.02458221e-08 
 6.11700000e-10  0.00000000e+00  2.04813816e-05  1.09996398e+00  1.09995342e+00  7.83353877e-08 
 6.11900000e-10  0.00000000e+00  2.04513030e-05  1.09996406e+00  1.09995363e+00  7.99361231e-08 
 6.12100000e-10  0.00000000e+00  2.04216579e-05  1.09996414e+00  1.09995383e+00  7.80337268e-08 
 6.12300000e-10  0.00000000e+00  2.03923388e-05  1.09996421e+00  1.09995404e+00  7.96341375e-08 
 6.12500000e-10  0.00000000e+00  2.03634432e-05  1.09996429e+00  1.09995424e+00  7.77396616e-08 
 6.12700000e-10  0.00000000e+00  2.03348643e-05  1.09996436e+00  1.09995444e+00  7.93396726e-08 
 6.12900000e-10  0.00000000e+00  2.03066993e-05  1.09996443e+00  1.09995464e+00  7.74530019e-08 
 6.13100000e-10  0.00000000e+00  2.02788420e-05  1.09996450e+00  1.09995483e+00  7.90525402e-08 
 6.13300000e-10  0.00000000e+00  2.02513891e-05  1.09996457e+00  1.09995503e+00  7.71735620e-08 
 6.13500000e-10  0.00000000e+00  2.02242350e-05  1.09996464e+00  1.09995522e+00  7.87725566e-08 
 6.13700000e-10  0.00000000e+00  2.01974761e-05  1.09996471e+00  1.09995540e+00  7.69011607e-08 
 6.13900000e-10  0.00000000e+00  2.01710074e-05  1.09996478e+00  1.09995559e+00  7.84995433e-08 
 6.14100000e-10  0.00000000e+00  2.01449250e-05  1.09996485e+00  1.09995577e+00  7.66356217e-08 
 6.14300000e-10  0.00000000e+00  2.01191245e-05  1.09996491e+00  1.09995595e+00  7.82333258e-08 
 6.14500000e-10  0.00000000e+00  2.00937014e-05  1.09996498e+00  1.09995613e+00  7.63767730e-08 
 6.14700000e-10  0.00000000e+00  2.00685521e-05  1.09996504e+00  1.09995630e+00  7.79737341e-08 
 6.14900000e-10  0.00000000e+00  2.00437717e-05  1.09996510e+00  1.09995648e+00  7.61244467e-08 
 6.15100000e-10  0.00000000e+00  2.00192570e-05  1.09996517e+00  1.09995665e+00  7.77206027e-08 
 6.15300000e-10  0.00000000e+00  1.99951031e-05  1.09996523e+00  1.09995682e+00  7.58784793e-08 
 6.15500000e-10  0.00000000e+00  1.99712070e-05  1.09996529e+00  1.09995699e+00  7.74737697e-08 
 6.15700000e-10  0.00000000e+00  1.99476636e-05  1.09996535e+00  1.09995715e+00  7.56387115e-08 
 6.15900000e-10  0.00000000e+00  1.99243706e-05  1.09996541e+00  1.09995731e+00  7.72330780e-08 
 6.16100000e-10  0.00000000e+00  1.99014223e-05  1.09996547e+00  1.09995747e+00  7.54049878e-08 
 6.16300000e-10  0.00000000e+00  1.98787170e-05  1.09996553e+00  1.09995763e+00  7.69983738e-08 
 6.16500000e-10  0.00000000e+00  1.98563487e-05  1.09996559e+00  1.09995779e+00  7.51771566e-08 
 6.16700000e-10  0.00000000e+00  1.98342163e-05  1.09996564e+00  1.09995795e+00  7.67695070e-08 
 6.16900000e-10  0.00000000e+00  1.98124133e-05  1.09996570e+00  1.09995810e+00  7.49550702e-08 
 6.17100000e-10  0.00000000e+00  1.97908393e-05  1.09996575e+00  1.09995825e+00  7.65463324e-08 
 6.17300000e-10  0.00000000e+00  1.97695874e-05  1.09996581e+00  1.09995840e+00  7.47385844e-08 
 6.17500000e-10  0.00000000e+00  1.97485576e-05  1.09996586e+00  1.09995855e+00  7.63287070e-08 
 6.17700000e-10  0.00000000e+00  1.97278429e-05  1.09996592e+00  1.09995869e+00  7.45275589e-08 
 6.17900000e-10  0.00000000e+00  1.97073436e-05  1.09996597e+00  1.09995884e+00  7.61164924e-08 
 6.18100000e-10  0.00000000e+00  1.96871523e-05  1.09996602e+00  1.09995898e+00  7.43218568e-08 
 6.18300000e-10  0.00000000e+00  1.96671701e-05  1.09996607e+00  1.09995912e+00  7.59095531e-08 
 6.18500000e-10  0.00000000e+00  1.96474891e-05  1.09996612e+00  1.09995925e+00  7.41213445e-08 
 6.18700000e-10  0.00000000e+00  1.96280109e-05  1.09996617e+00  1.09995939e+00  7.57077574e-08 
 6.18900000e-10  0.00000000e+00  1.96088272e-05  1.09996622e+00  1.09995953e+00  7.39258917e-08 
 6.19100000e-10  0.00000000e+00  1.95898403e-05  1.09996627e+00  1.09995966e+00  7.55109765e-08 
 6.19300000e-10  0.00000000e+00  1.95711414e-05  1.09996632e+00  1.09995979e+00  7.37353718e-08 
 6.19500000e-10  0.00000000e+00  1.95526333e-05  1.09996637e+00  1.09995992e+00  7.53190849e-08 
 6.19700000e-10  0.00000000e+00  1.95344069e-05  1.09996641e+00  1.09996005e+00  7.35496610e-08 
 6.19900000e-10  0.00000000e+00  1.95163655e-05  1.09996646e+00  1.09996017e+00  7.51319608e-08 
 6.20100000e-10  0.00000000e+00  1.94985997e-05  1.09996650e+00  1.09996030e+00  7.33686387e-08 
 6.20300000e-10  0.00000000e+00  1.94810132e-05  1.09996655e+00  1.09996042e+00  7.49494844e-08 
 6.20500000e-10  0.00000000e+00  1.94636964e-05  1.09996659e+00  1.09996054e+00  7.31921869e-08 
 6.20700000e-10  0.00000000e+00  1.94465533e-05  1.09996664e+00  1.09996066e+00  7.47715404e-08 
 6.20900000e-10  0.00000000e+00  1.94296740e-05  1.09996668e+00  1.09996078e+00  7.30201919e-08 
 6.21100000e-10  0.00000000e+00  1.94129631e-05  1.09996672e+00  1.09996090e+00  7.45980144e-08 
 6.21300000e-10  0.00000000e+00  1.93965103e-05  1.09996677e+00  1.09996102e+00  7.28525409e-08 
 6.21500000e-10  0.00000000e+00  1.93802207e-05  1.09996681e+00  1.09996113e+00  7.44287967e-08 
 6.21700000e-10  0.00000000e+00  1.93641837e-05  1.09996685e+00  1.09996124e+00  7.26891256e-08 
 6.21900000e-10  0.00000000e+00  1.93483047e-05  1.09996689e+00  1.09996136e+00  7.42637796e-08 
 6.22100000e-10  0.00000000e+00  1.93326728e-05  1.09996693e+00  1.09996147e+00  7.25298392e-08 
 6.22300000e-10  0.00000000e+00  1.93171941e-05  1.09996697e+00  1.09996157e+00  7.41028576e-08 
 6.22500000e-10  0.00000000e+00  1.93019571e-05  1.09996701e+00  1.09996168e+00  7.23745784e-08 
 6.22700000e-10  0.00000000e+00  1.92868686e-05  1.09996705e+00  1.09996179e+00  7.39459289e-08 
 6.22900000e-10  0.00000000e+00  1.92720166e-05  1.09996709e+00  1.09996189e+00  7.22232424e-08 
 6.23100000e-10  0.00000000e+00  1.92573083e-05  1.09996712e+00  1.09996199e+00  7.37928932e-08 
 6.23300000e-10  0.00000000e+00  1.92428316e-05  1.09996716e+00  1.09996210e+00  7.20757324e-08 
 6.23500000e-10  0.00000000e+00  1.92284939e-05  1.09996720e+00  1.09996220e+00  7.36436534e-08 
 6.23700000e-10  0.00000000e+00  1.92143829e-05  1.09996723e+00  1.09996230e+00  7.19319528e-08 
 6.23900000e-10  0.00000000e+00  1.92004066e-05  1.09996727e+00  1.09996239e+00  7.34981147e-08 
 6.24100000e-10  0.00000000e+00  1.91866521e-05  1.09996731e+00  1.09996249e+00  7.17918096e-08 
 6.24300000e-10  0.00000000e+00  1.91730279e-05  1.09996734e+00  1.09996259e+00  7.33561846e-08 
 6.24500000e-10  0.00000000e+00  1.91596209e-05  1.09996738e+00  1.09996268e+00  7.16552119e-08 
 6.24700000e-10  0.00000000e+00  1.91463400e-05  1.09996741e+00  1.09996278e+00  7.32177729e-08 
 6.24900000e-10  0.00000000e+00  1.91332717e-05  1.09996744e+00  1.09996287e+00  7.15220702e-08 
 6.25100000e-10  0.00000000e+00  1.91203254e-05  1.09996748e+00  1.09996296e+00  7.30827916e-08 
 6.25300000e-10  0.00000000e+00  1.91075873e-05  1.09996751e+00  1.09996305e+00  7.13922986e-08 
 6.25500000e-10  0.00000000e+00  1.90949671e-05  1.09996754e+00  1.09996314e+00  7.29511549e-08 
 6.25700000e-10  0.00000000e+00  1.90825507e-05  1.09996757e+00  1.09996322e+00  7.12658115e-08 
 6.25900000e-10  0.00000000e+00  1.90702485e-05  1.09996761e+00  1.09996331e+00  7.28227795e-08 
 6.26100000e-10  0.00000000e+00  1.90581458e-05  1.09996764e+00  1.09996340e+00  7.11425274e-08 
 6.26300000e-10  0.00000000e+00  1.90461534e-05  1.09996767e+00  1.09996348e+00  7.26975837e-08 
 6.26500000e-10  0.00000000e+00  1.90343564e-05  1.09996770e+00  1.09996356e+00  7.10223655e-08 
 6.26700000e-10  0.00000000e+00  1.90226661e-05  1.09996773e+00  1.09996365e+00  7.25754882e-08 
 6.26900000e-10  0.00000000e+00  1.90111671e-05  1.09996776e+00  1.09996373e+00  7.09052474e-08 
 6.27100000e-10  0.00000000e+00  1.89997712e-05  1.09996779e+00  1.09996381e+00  7.24564153e-08 
 6.27300000e-10  0.00000000e+00  1.89885627e-05  1.09996782e+00  1.09996389e+00  7.07910967e-08 
 6.27500000e-10  0.00000000e+00  1.89774538e-05  1.09996785e+00  1.09996396e+00  7.23402897e-08 
 6.27700000e-10  0.00000000e+00  1.89665284e-05  1.09996787e+00  1.09996404e+00  7.06798394e-08 
 6.27900000e-10  0.00000000e+00  1.89556992e-05  1.09996790e+00  1.09996412e+00  7.22270377e-08 
 6.28100000e-10  0.00000000e+00  1.89450498e-05  1.09996793e+00  1.09996419e+00  7.05714020e-08 
 6.28300000e-10  0.00000000e+00  1.89344933e-05  1.09996796e+00  1.09996427e+00  7.21165873e-08 
 6.28500000e-10  0.00000000e+00  1.89241129e-05  1.09996798e+00  1.09996434e+00  7.04657145e-08 
 6.28700000e-10  0.00000000e+00  1.89138222e-05  1.09996801e+00  1.09996441e+00  7.20088690e-08 
 6.28900000e-10  0.00000000e+00  1.89037040e-05  1.09996804e+00  1.09996448e+00  7.03627073e-08 
 6.29100000e-10  0.00000000e+00  1.88936724e-05  1.09996806e+00  1.09996455e+00  7.19038140e-08 
 6.29300000e-10  0.00000000e+00  1.88838098e-05  1.09996809e+00  1.09996462e+00  7.02623136e-08 
 6.29500000e-10  0.00000000e+00  1.88740307e-05  1.09996811e+00  1.09996469e+00  7.18013564e-08 
 6.29700000e-10  0.00000000e+00  1.88644172e-05  1.09996814e+00  1.09996476e+00  7.01644675e-08 
 6.29900000e-10  0.00000000e+00  1.88548842e-05  1.09996816e+00  1.09996483e+00  7.17014308e-08 
 6.30100000e-10  0.00000000e+00  1.88455136e-05  1.09996819e+00  1.09996489e+00  7.00691051e-08 
 6.30300000e-10  0.00000000e+00  1.88362206e-05  1.09996821e+00  1.09996496e+00  7.16039743e-08 
 6.30500000e-10  0.00000000e+00  1.88270866e-05  1.09996823e+00  1.09996502e+00  6.99761640e-08 
 6.30700000e-10  0.00000000e+00  1.88180275e-05  1.09996826e+00  1.09996509e+00  7.15089249e-08 
 6.30900000e-10  0.00000000e+00  1.88091243e-05  1.09996828e+00  1.09996515e+00  6.98855833e-08 
 6.31100000e-10  0.00000000e+00  1.88002931e-05  1.09996830e+00  1.09996521e+00  7.14162228e-08 
 6.31300000e-10  0.00000000e+00  1.87916148e-05  1.09996833e+00  1.09996528e+00  6.97973040e-08 
 6.31500000e-10  0.00000000e+00  1.87830058e-05  1.09996835e+00  1.09996534e+00  7.13258092e-08 
 6.31700000e-10  0.00000000e+00  1.87745467e-05  1.09996837e+00  1.09996540e+00  6.97112680e-08 
 6.31900000e-10  0.00000000e+00  1.87661544e-05  1.09996839e+00  1.09996545e+00  7.12376270e-08 
 6.32100000e-10  0.00000000e+00  1.87579089e-05  1.09996841e+00  1.09996551e+00  6.96274192e-08 
 6.32300000e-10  0.00000000e+00  1.87497278e-05  1.09996843e+00  1.09996557e+00  7.11516206e-08 
 6.32500000e-10  0.00000000e+00  1.87416906e-05  1.09996845e+00  1.09996563e+00  6.95457025e-08 
 6.32700000e-10  0.00000000e+00  1.87337152e-05  1.09996847e+00  1.09996568e+00  7.10677354e-08 
 6.32900000e-10  0.00000000e+00  1.87258811e-05  1.09996850e+00  1.09996574e+00  6.94660644e-08 
 6.33100000e-10  0.00000000e+00  1.87181063e-05  1.09996852e+00  1.09996579e+00  7.09859187e-08 
 6.33300000e-10  0.00000000e+00  1.87104701e-05  1.09996853e+00  1.09996585e+00  6.93884530e-08 
 6.33500000e-10  0.00000000e+00  1.87028909e-05  1.09996855e+00  1.09996590e+00  7.09061189e-08 
 6.33700000e-10  0.00000000e+00  1.86954475e-05  1.09996857e+00  1.09996595e+00  6.93128168e-08 
 6.33900000e-10  0.00000000e+00  1.86880590e-05  1.09996859e+00  1.09996601e+00  7.08282854e-08 
 6.34100000e-10  0.00000000e+00  1.86808036e-05  1.09996861e+00  1.09996606e+00  6.92391067e-08 
 6.34300000e-10  0.00000000e+00  1.86736009e-05  1.09996863e+00  1.09996611e+00  7.07523694e-08 
 6.34500000e-10  0.00000000e+00  1.86665288e-05  1.09996865e+00  1.09996616e+00  6.91672738e-08 
 6.34700000e-10  0.00000000e+00  1.86595072e-05  1.09996867e+00  1.09996621e+00  7.06783228e-08 
 6.34900000e-10  0.00000000e+00  1.86526138e-05  1.09996868e+00  1.09996626e+00  6.90972714e-08 
 6.35100000e-10  0.00000000e+00  1.86457687e-05  1.09996870e+00  1.09996631e+00  7.06060992e-08 
 6.35300000e-10  0.00000000e+00  1.86390494e-05  1.09996872e+00  1.09996635e+00  6.90290531e-08 
 6.35500000e-10  0.00000000e+00  1.86323765e-05  1.09996874e+00  1.09996640e+00  7.05356528e-08 
 6.35700000e-10  0.00000000e+00  1.86258269e-05  1.09996875e+00  1.09996645e+00  6.89625744e-08 
 6.35900000e-10  0.00000000e+00  1.86193217e-05  1.09996877e+00  1.09996649e+00  7.04669396e-08 
 6.36100000e-10  0.00000000e+00  1.86129376e-05  1.09996879e+00  1.09996654e+00  6.88977915e-08 
 6.36300000e-10  0.00000000e+00  1.86065959e-05  1.09996880e+00  1.09996658e+00  7.03999159e-08 
 6.36500000e-10  0.00000000e+00  1.86003731e-05  1.09996882e+00  1.09996663e+00  6.88346618e-08 
 6.36700000e-10  0.00000000e+00  1.85941908e-05  1.09996884e+00  1.09996667e+00  7.03345401e-08 
 6.36900000e-10  0.00000000e+00  1.85881252e-05  1.09996885e+00  1.09996671e+00  6.87731436e-08 
 6.37100000e-10  0.00000000e+00  1.85820983e-05  1.09996887e+00  1.09996676e+00  7.02707708e-08 
 6.37300000e-10  0.00000000e+00  1.85761859e-05  1.09996888e+00  1.09996680e+00  6.87131963e-08 
 6.37500000e-10  0.00000000e+00  1.85703105e-05  1.09996890e+00  1.09996684e+00  7.02085677e-08 
 6.37700000e-10  0.00000000e+00  1.85645475e-05  1.09996891e+00  1.09996688e+00  6.86547808e-08 
 6.37900000e-10  0.00000000e+00  1.85588197e-05  1.09996893e+00  1.09996692e+00  7.01478922e-08 
 6.38100000e-10  0.00000000e+00  1.85532023e-05  1.09996894e+00  1.09996696e+00  6.85978582e-08 
 6.38300000e-10  0.00000000e+00  1.85476184e-05  1.09996896e+00  1.09996700e+00  7.00887059e-08 
 6.38500000e-10  0.00000000e+00  1.85421429e-05  1.09996897e+00  1.09996704e+00  6.85423913e-08 
 6.38700000e-10  0.00000000e+00  1.85366994e-05  1.09996898e+00  1.09996708e+00  7.00309716e-08 
 6.38900000e-10  0.00000000e+00  1.85313622e-05  1.09996900e+00  1.09996711e+00  6.84883433e-08 
 6.39100000e-10  0.00000000e+00  1.85260554e-05  1.09996901e+00  1.09996715e+00  6.99746534e-08 
 6.39300000e-10  0.00000000e+00  1.85208530e-05  1.09996903e+00  1.09996719e+00  6.84356783e-08 
 6.39500000e-10  0.00000000e+00  1.85156796e-05  1.09996904e+00  1.09996723e+00  6.99197155e-08 
 6.39700000e-10  0.00000000e+00  1.85106087e-05  1.09996905e+00  1.09996726e+00  6.83843619e-08 
 6.39900000e-10  0.00000000e+00  1.85055651e-05  1.09996907e+00  1.09996730e+00  6.98661240e-08 
 6.40100000e-10  0.00000000e+00  1.85006223e-05  1.09996908e+00  1.09996733e+00  6.83343603e-08 
 6.40300000e-10  0.00000000e+00  1.84957055e-05  1.09996909e+00  1.09996737e+00  6.98138451e-08 
 6.40500000e-10  0.00000000e+00  1.84908876e-05  1.09996910e+00  1.09996740e+00  6.82856399e-08 
 6.40700000e-10  0.00000000e+00  1.84860942e-05  1.09996912e+00  1.09996744e+00  6.97628462e-08 
 6.40900000e-10  0.00000000e+00  1.84813980e-05  1.09996913e+00  1.09996747e+00  6.82381687e-08 
 6.41100000e-10  0.00000000e+00  1.84767250e-05  1.09996914e+00  1.09996750e+00  6.97130951e-08 
 6.41300000e-10  0.00000000e+00  1.84721475e-05  1.09996915e+00  1.09996753e+00  6.81919155e-08 
 6.41500000e-10  0.00000000e+00  1.84675918e-05  1.09996916e+00  1.09996757e+00  6.96645612e-08 
 6.41700000e-10  0.00000000e+00  1.84631300e-05  1.09996918e+00  1.09996760e+00  6.81468494e-08 
 6.41900000e-10  0.00000000e+00  1.84586886e-05  1.09996919e+00  1.09996763e+00  6.96172135e-08 
 6.42100000e-10  0.00000000e+00  1.84543396e-05  1.09996920e+00  1.09996766e+00  6.81029403e-08 
 6.42300000e-10  0.00000000e+00  1.84500097e-05  1.09996921e+00  1.09996769e+00  6.95710228e-08 
 6.42500000e-10  0.00000000e+00  1.84457706e-05  1.09996922e+00  1.09996772e+00  6.80601597e-08 
 6.42700000e-10  0.00000000e+00  1.84415494e-05  1.09996923e+00  1.09996775e+00  6.95259605e-08 
 6.42900000e-10  0.00000000e+00  1.84374174e-05  1.09996924e+00  1.09996778e+00  6.80184788e-08 
 6.43100000e-10  0.00000000e+00  1.84333021e-05  1.09996925e+00  1.09996781e+00  6.94819981e-08 
 6.43300000e-10  0.00000000e+00  1.84292745e-05  1.09996926e+00  1.09996784e+00  6.79778698e-08 
 6.43500000e-10  0.00000000e+00  1.84252626e-05  1.09996927e+00  1.09996787e+00  6.94391086e-08 
 6.43700000e-10  0.00000000e+00  1.84213368e-05  1.09996928e+00  1.09996789e+00  6.79383059e-08 
 6.43900000e-10  0.00000000e+00  1.84174255e-05  1.09996929e+00  1.09996792e+00  6.93972647e-08 
 6.44100000e-10  0.00000000e+00  1.84135989e-05  1.09996930e+00  1.09996795e+00  6.78997610e-08 
 6.44300000e-10  0.00000000e+00  1.84097857e-05  1.09996931e+00  1.09996798e+00  6.93564408e-08 
 6.44500000e-10  0.00000000e+00  1.84060559e-05  1.09996932e+00  1.09996800e+00  6.78622092e-08 
 6.44700000e-10  0.00000000e+00  1.84023384e-05  1.09996933e+00  1.09996803e+00  6.93166117e-08 
 6.44900000e-10  0.00000000e+00  1.83987028e-05  1.09996934e+00  1.09996805e+00  6.78256255e-08 
 6.45100000e-10  0.00000000e+00  1.83950785e-05  1.09996935e+00  1.09996808e+00  6.92777518e-08 
 6.45300000e-10  0.00000000e+00  1.83915349e-05  1.09996936e+00  1.09996811e+00  6.77899854e-08 
 6.45500000e-10  0.00000000e+00  1.83880015e-05  1.09996937e+00  1.09996813e+00  6.92398378e-08 
 6.45700000e-10  0.00000000e+00  1.83845474e-05  1.09996938e+00  1.09996816e+00  6.77552654e-08 
 6.45900000e-10  0.00000000e+00  1.83811027e-05  1.09996939e+00  1.09996818e+00  6.92028458e-08 
 6.46100000e-10  0.00000000e+00  1.83777359e-05  1.09996940e+00  1.09996820e+00  6.77214422e-08 
 6.46300000e-10  0.00000000e+00  1.83743775e-05  1.09996941e+00  1.09996823e+00  6.91667525e-08 
 6.46500000e-10  0.00000000e+00  1.83710959e-05  1.09996941e+00  1.09996825e+00  6.76884930e-08 
 6.46700000e-10  0.00000000e+00  1.83678217e-05  1.09996942e+00  1.09996827e+00  6.91315364e-08 
 6.46900000e-10  0.00000000e+00  1.83646230e-05  1.09996943e+00  1.09996830e+00  6.76563961e-08 
 6.47100000e-10  0.00000000e+00  1.83614310e-05  1.09996944e+00  1.09996832e+00  6.90971751e-08 
 6.47300000e-10  0.00000000e+00  1.83583132e-05  1.09996945e+00  1.09996834e+00  6.76251298e-08 
 6.47500000e-10  0.00000000e+00  1.83552011e-05  1.09996946e+00  1.09996836e+00  6.90636474e-08 
 6.47700000e-10  0.00000000e+00  1.83521621e-05  1.09996946e+00  1.09996839e+00  6.75946735e-08 
 6.47900000e-10  0.00000000e+00  1.83491281e-05  1.09996947e+00  1.09996841e+00  6.90309325e-08 
 6.48100000e-10  0.00000000e+00  1.83461659e-05  1.09996948e+00  1.09996843e+00  6.75650065e-08 
 6.48300000e-10  0.00000000e+00  1.83432079e-05  1.09996949e+00  1.09996845e+00  6.89990103e-08 
 6.48500000e-10  0.00000000e+00  1.83403207e-05  1.09996949e+00  1.09996847e+00  6.75361087e-08 
 6.48700000e-10  0.00000000e+00  1.83374368e-05  1.09996950e+00  1.09996849e+00  6.89678610e-08 
 6.48900000e-10  0.00000000e+00  1.83346226e-05  1.09996951e+00  1.09996851e+00  6.75079611e-08 
 6.49100000e-10  0.00000000e+00  1.83318109e-05  1.09996952e+00  1.09996853e+00  6.89374655e-08 
 6.49300000e-10  0.00000000e+00  1.83290679e-05  1.09996952e+00  1.09996855e+00  6.74805445e-08 
 6.49500000e-10  0.00000000e+00  1.83263267e-05  1.09996953e+00  1.09996857e+00  6.89078049e-08 
 6.49700000e-10  0.00000000e+00  1.83236531e-05  1.09996954e+00  1.09996859e+00  6.74538408e-08 
 6.49900000e-10  0.00000000e+00  1.83209805e-05  1.09996954e+00  1.09996861e+00  6.88788611e-08 
 6.50100000e-10  0.00000000e+00  1.83183745e-05  1.09996955e+00  1.09996863e+00  6.74278315e-08 
 6.50300000e-10  0.00000000e+00  1.83157689e-05  1.09996956e+00  1.09996864e+00  6.88506160e-08 
 6.50500000e-10  0.00000000e+00  1.83132288e-05  1.09996956e+00  1.09996866e+00  6.74024996e-08 
 6.50700000e-10  0.00000000e+00  1.83106885e-05  1.09996957e+00  1.09996868e+00  6.88230525e-08 
 6.50900000e-10  0.00000000e+00  1.83082127e-05  1.09996958e+00  1.09996870e+00  6.73778275e-08 
 6.51100000e-10  0.00000000e+00  1.83057359e-05  1.09996958e+00  1.09996872e+00  6.87961536e-08 
 6.51300000e-10  0.00000000e+00  1.83033227e-05  1.09996959e+00  1.09996873e+00  6.73537994e-08 
 6.51500000e-10  0.00000000e+00  1.83009079e-05  1.09996960e+00  1.09996875e+00  6.87699028e-08 
 6.51700000e-10  0.00000000e+00  1.82985559e-05  1.09996960e+00  1.09996877e+00  6.73303980e-08 
 6.51900000e-10  0.00000000e+00  1.82962015e-05  1.09996961e+00  1.09996878e+00  6.87442839e-08 
 6.52100000e-10  0.00000000e+00  1.82939090e-05  1.09996962e+00  1.09996880e+00  6.73076080e-08 
 6.52300000e-10  0.00000000e+00  1.82916135e-05  1.09996962e+00  1.09996882e+00  6.87192813e-08 
 6.52500000e-10  0.00000000e+00  1.82893790e-05  1.09996963e+00  1.09996883e+00  6.72854139e-08 
 6.52700000e-10  0.00000000e+00  1.82871410e-05  1.09996963e+00  1.09996885e+00  6.86948797e-08 
 6.52900000e-10  0.00000000e+00  1.82849630e-05  1.09996964e+00  1.09996886e+00  6.72638009e-08 
 6.53100000e-10  0.00000000e+00  1.82827810e-05  1.09996964e+00  1.09996888e+00  6.86710642e-08 
 6.53300000e-10  0.00000000e+00  1.82806582e-05  1.09996965e+00  1.09996889e+00  6.72427538e-08 
 6.53500000e-10  0.00000000e+00  1.82785308e-05  1.09996966e+00  1.09996891e+00  6.86478200e-08 
 6.53700000e-10  0.00000000e+00  1.82764617e-05  1.09996966e+00  1.09996892e+00  6.72222590e-08 
 6.53900000e-10  0.00000000e+00  1.82743875e-05  1.09996967e+00  1.09996894e+00  6.86251331e-08 
 6.54100000e-10  0.00000000e+00  1.82723708e-05  1.09996967e+00  1.09996895e+00  6.72023018e-08 
 6.54300000e-10  0.00000000e+00  1.82703484e-05  1.09996968e+00  1.09996897e+00  6.86029899e-08 
 6.54500000e-10  0.00000000e+00  1.82683828e-05  1.09996968e+00  1.09996898e+00  6.71828690e-08 
 6.54700000e-10  0.00000000e+00  1.82664110e-05  1.09996969e+00  1.09996900e+00  6.85813765e-08 
 6.54900000e-10  0.00000000e+00  1.82644951e-05  1.09996969e+00  1.09996901e+00  6.71639474e-08 
 6.55100000e-10  0.00000000e+00  1.82625727e-05  1.09996970e+00  1.09996902e+00  6.85602801e-08 
 6.55300000e-10  0.00000000e+00  1.82607053e-05  1.09996970e+00  1.09996904e+00  6.71455238e-08 
 6.55500000e-10  0.00000000e+00  1.82588309e-05  1.09996971e+00  1.09996905e+00  6.85396875e-08 
 6.55700000e-10  0.00000000e+00  1.82570108e-05  1.09996971e+00  1.09996906e+00  6.71275859e-08 
 6.55900000e-10  0.00000000e+00  1.82551833e-05  1.09996972e+00  1.09996907e+00  6.85195865e-08 
 6.56100000e-10  0.00000000e+00  1.82534093e-05  1.09996972e+00  1.09996909e+00  6.71101213e-08 
 6.56300000e-10  0.00000000e+00  1.82516274e-05  1.09996973e+00  1.09996910e+00  6.84999650e-08 
 6.56500000e-10  0.00000000e+00  1.82498984e-05  1.09996973e+00  1.09996911e+00  6.70931180e-08 
 6.56700000e-10  0.00000000e+00  1.82481610e-05  1.09996973e+00  1.09996913e+00  6.84808109e-08 
 6.56900000e-10  0.00000000e+00  1.82464758e-05  1.09996974e+00  1.09996914e+00  6.70765643e-08 
 6.57100000e-10  0.00000000e+00  1.82447818e-05  1.09996974e+00  1.09996915e+00  6.84621122e-08 
 6.57300000e-10  0.00000000e+00  1.82431394e-05  1.09996975e+00  1.09996916e+00  6.70604488e-08 
 6.57500000e-10  0.00000000e+00  1.82414877e-05  1.09996975e+00  1.09996917e+00  6.84438587e-08 
 6.57700000e-10  0.00000000e+00  1.82398868e-05  1.09996976e+00  1.09996918e+00  6.70447606e-08 
 6.57900000e-10  0.00000000e+00  1.82382764e-05  1.09996976e+00  1.09996920e+00  6.84260385e-08 
 6.58100000e-10  0.00000000e+00  1.82367161e-05  1.09996976e+00  1.09996921e+00  6.70294889e-08 
 6.58300000e-10  0.00000000e+00  1.82351458e-05  1.09996977e+00  1.09996922e+00  6.84086411e-08 
 6.58500000e-10  0.00000000e+00  1.82336251e-05  1.09996977e+00  1.09996923e+00  6.70146228e-08 
 6.58700000e-10  0.00000000e+00  1.82320941e-05  1.09996978e+00  1.09996924e+00  6.83916560e-08 
 6.58900000e-10  0.00000000e+00  1.82306119e-05  1.09996978e+00  1.09996925e+00  6.70001522e-08 
 6.59100000e-10  0.00000000e+00  1.82291191e-05  1.09996978e+00  1.09996926e+00  6.83750733e-08 
 6.59300000e-10  0.00000000e+00  1.82276745e-05  1.09996979e+00  1.09996927e+00  6.69860673e-08 
 6.59500000e-10  0.00000000e+00  1.82262189e-05  1.09996979e+00  1.09996928e+00  6.83588825e-08 
 6.59700000e-10  0.00000000e+00  1.82248109e-05  1.09996980e+00  1.09996929e+00  6.69723580e-08 
 6.59900000e-10  0.00000000e+00  1.82233917e-05  1.09996980e+00  1.09996930e+00  6.83430743e-08 
 6.60100000e-10  0.00000000e+00  1.82220194e-05  1.09996980e+00  1.09996931e+00  6.69590150e-08 
 6.60300000e-10  0.00000000e+00  1.82206355e-05  1.09996981e+00  1.09996932e+00  6.83276391e-08 
 6.60500000e-10  0.00000000e+00  1.82192981e-05  1.09996981e+00  1.09996933e+00  6.69460288e-08 
 6.60700000e-10  0.00000000e+00  1.82179488e-05  1.09996981e+00  1.09996934e+00  6.83125675e-08 
 6.60900000e-10  0.00000000e+00  1.82166453e-05  1.09996982e+00  1.09996935e+00  6.69333905e-08 
 6.61100000e-10  0.00000000e+00  1.82153295e-05  1.09996982e+00  1.09996936e+00  6.82978510e-08 
 6.61300000e-10  0.00000000e+00  1.82140591e-05  1.09996982e+00  1.09996937e+00  6.69210916e-08 
 6.61500000e-10  0.00000000e+00  1.82127762e-05  1.09996983e+00  1.09996938e+00  6.82834804e-08 
 6.61700000e-10  0.00000000e+00  1.82115380e-05  1.09996983e+00  1.09996939e+00  6.69091225e-08 
 6.61900000e-10  0.00000000e+00  1.82102871e-05  1.09996983e+00  1.09996940e+00  6.82694473e-08 
 6.62100000e-10  0.00000000e+00  1.82090803e-05  1.09996984e+00  1.09996940e+00  6.68974760e-08 
 6.62300000e-10  0.00000000e+00  1.82078606e-05  1.09996984e+00  1.09996941e+00  6.82557432e-08 
 6.62500000e-10  0.00000000e+00  1.82066845e-05  1.09996984e+00  1.09996942e+00  6.68861432e-08 
 6.62700000e-10  0.00000000e+00  1.82054951e-05  1.09996985e+00  1.09996943e+00  6.82423604e-08 
 6.62900000e-10  0.00000000e+00  1.82043488e-05  1.09996985e+00  1.09996944e+00  6.68751164e-08 
 6.63100000e-10  0.00000000e+00  1.82031890e-05  1.09996985e+00  1.09996945e+00  6.82292904e-08 
 6.63300000e-10  0.00000000e+00  1.82020719e-05  1.09996985e+00  1.09996945e+00  6.68643873e-08 
 6.63500000e-10  0.00000000e+00  1.82009410e-05  1.09996986e+00  1.09996946e+00  6.82165258e-08 
 6.63700000e-10  0.00000000e+00  1.81998523e-05  1.09996986e+00  1.09996947e+00  6.68539493e-08 
 6.63900000e-10  0.00000000e+00  1.81987495e-05  1.09996986e+00  1.09996948e+00  6.82040590e-08 
 6.64100000e-10  0.00000000e+00  1.81976885e-05  1.09996987e+00  1.09996949e+00  6.68437944e-08 
 6.64300000e-10  0.00000000e+00  1.81966131e-05  1.09996987e+00  1.09996949e+00  6.81918826e-08 
 6.64500000e-10  0.00000000e+00  1.81955790e-05  1.09996987e+00  1.09996950e+00  6.68339151e-08 
 6.64700000e-10  0.00000000e+00  1.81945305e-05  1.09996987e+00  1.09996951e+00  6.81799897e-08 
 6.64900000e-10  0.00000000e+00  1.81935227e-05  1.09996988e+00  1.09996951e+00  6.68243051e-08 
 6.65100000e-10  0.00000000e+00  1.81925002e-05  1.09996988e+00  1.09996952e+00  6.81683730e-08 
 6.65300000e-10  0.00000000e+00  1.81915180e-05  1.09996988e+00  1.09996953e+00  6.68149571e-08 
 6.65500000e-10  0.00000000e+00  1.81905209e-05  1.09996989e+00  1.09996954e+00  6.81570260e-08 
 6.65700000e-10  0.00000000e+00  1.81895637e-05  1.09996989e+00  1.09996954e+00  6.68058646e-08 
 6.65900000e-10  0.00000000e+00  1.81885915e-05  1.09996989e+00  1.09996955e+00  6.81459416e-08 
 6.66100000e-10  0.00000000e+00  1.81876586e-05  1.09996989e+00  1.09996956e+00  6.67970209e-08 
 6.66300000e-10  0.00000000e+00  1.81867105e-05  1.09996990e+00  1.09996956e+00  6.81351137e-08 
 6.66500000e-10  0.00000000e+00  1.81858014e-05  1.09996990e+00  1.09996957e+00  6.67884200e-08 
 6.66700000e-10  0.00000000e+00  1.81848768e-05  1.09996990e+00  1.09996958e+00  6.81245357e-08 
 6.66900000e-10  0.00000000e+00  1.81839908e-05  1.09996990e+00  1.09996958e+00  6.67800554e-08 
 6.67100000e-10  0.00000000e+00  1.81830893e-05  1.09996990e+00  1.09996959e+00  6.81142018e-08 
 6.67300000e-10  0.00000000e+00  1.81822258e-05  1.09996991e+00  1.09996960e+00  6.67719212e-08 
 6.67500000e-10  0.00000000e+00  1.81813466e-05  1.09996991e+00  1.09996960e+00  6.81041057e-08 
 6.67700000e-10  0.00000000e+00  1.81805051e-05  1.09996991e+00  1.09996961e+00  6.67640113e-08 
 6.67900000e-10  0.00000000e+00  1.81796478e-05  1.09996991e+00  1.09996961e+00  6.80942418e-08 
 6.68100000e-10  0.00000000e+00  1.81788278e-05  1.09996992e+00  1.09996962e+00  6.67563204e-08 
 6.68300000e-10  0.00000000e+00  1.81779917e-05  1.09996992e+00  1.09996963e+00  6.80846044e-08 
 6.68500000e-10  0.00000000e+00  1.81771925e-05  1.09996992e+00  1.09996963e+00  6.67488428e-08 
 6.68700000e-10  0.00000000e+00  1.81763772e-05  1.09996992e+00  1.09996964e+00  6.80751873e-08 
 6.68900000e-10  0.00000000e+00  1.81755984e-05  1.09996992e+00  1.09996964e+00  6.67415727e-08 
 6.69100000e-10  0.00000000e+00  1.81748033e-05  1.09996993e+00  1.09996965e+00  6.80659858e-08 
 6.69300000e-10  0.00000000e+00  1.81740444e-05  1.09996993e+00  1.09996965e+00  6.67345053e-08 
 6.69500000e-10  0.00000000e+00  1.81732690e-05  1.09996993e+00  1.09996966e+00  6.80569946e-08 
 6.69700000e-10  0.00000000e+00  1.81725294e-05  1.09996993e+00  1.09996966e+00  6.67276349e-08 
 6.69900000e-10  0.00000000e+00  1.81717732e-05  1.09996993e+00  1.09996967e+00  6.80482081e-08 
 6.70100000e-10  0.00000000e+00  1.81710525e-05  1.09996994e+00  1.09996968e+00  6.67209569e-08 
 6.70300000e-10  0.00000000e+00  1.81703151e-05  1.09996994e+00  1.09996968e+00  6.80396215e-08 
 6.70500000e-10  0.00000000e+00  1.81696127e-05  1.09996994e+00  1.09996969e+00  6.67144662e-08 
 6.70700000e-10  0.00000000e+00  1.81688936e-05  1.09996994e+00  1.09996969e+00  6.80312300e-08 
 6.70900000e-10  0.00000000e+00  1.81682091e-05  1.09996994e+00  1.09996970e+00  6.67081581e-08 
 6.71100000e-10  0.00000000e+00  1.81675078e-05  1.09996995e+00  1.09996970e+00  6.80230285e-08 
 6.71300000e-10  0.00000000e+00  1.81668408e-05  1.09996995e+00  1.09996971e+00  6.67020278e-08 
 6.71500000e-10  0.00000000e+00  1.81661569e-05  1.09996995e+00  1.09996971e+00  6.80150125e-08 
 6.71700000e-10  0.00000000e+00  1.81655069e-05  1.09996995e+00  1.09996971e+00  6.66960710e-08 
 6.71900000e-10  0.00000000e+00  1.81648399e-05  1.09996995e+00  1.09996972e+00  6.80071777e-08 
 6.72100000e-10  0.00000000e+00  1.81642065e-05  1.09996995e+00  1.09996972e+00  6.66902830e-08 
 6.72300000e-10  0.00000000e+00  1.81635560e-05  1.09996996e+00  1.09996973e+00  6.79995195e-08 
 6.72500000e-10  0.00000000e+00  1.81629388e-05  1.09996996e+00  1.09996973e+00  6.66846594e-08 
 6.72700000e-10  0.00000000e+00  1.81623044e-05  1.09996996e+00  1.09996974e+00  6.79920334e-08 
 6.72900000e-10  0.00000000e+00  1.81617030e-05  1.09996996e+00  1.09996974e+00  6.66791960e-08 
 6.73100000e-10  0.00000000e+00  1.81610843e-05  1.09996996e+00  1.09996975e+00  6.79847152e-08 
 6.73300000e-10  0.00000000e+00  1.81604982e-05  1.09996996e+00  1.09996975e+00  6.66738889e-08 
 6.73500000e-10  0.00000000e+00  1.81598948e-05  1.09996997e+00  1.09996976e+00  6.79775609e-08 
 6.73700000e-10  0.00000000e+00  1.81593237e-05  1.09996997e+00  1.09996976e+00  6.66687343e-08 
 6.73900000e-10  0.00000000e+00  1.81587352e-05  1.09996997e+00  1.09996976e+00  6.79705669e-08 
 6.74100000e-10  0.00000000e+00  1.81581787e-05  1.09996997e+00  1.09996977e+00  6.66637277e-08 
 6.74300000e-10  0.00000000e+00  1.81576047e-05  1.09996997e+00  1.09996977e+00  6.79637285e-08 
 6.74500000e-10  0.00000000e+00  1.81570625e-05  1.09996997e+00  1.09996978e+00  6.66588655e-08 
 6.74700000e-10  0.00000000e+00  1.81565027e-05  1.09996997e+00  1.09996978e+00  6.79570424e-08 
 6.74900000e-10  0.00000000e+00  1.81559743e-05  1.09996998e+00  1.09996978e+00  6.66541441e-08 
 6.75100000e-10  0.00000000e+00  1.81554283e-05  1.09996998e+00  1.09996979e+00  6.79505049e-08 
 6.75300000e-10  0.00000000e+00  1.81549135e-05  1.09996998e+00  1.09996979e+00  6.66495601e-08 
 6.75500000e-10  0.00000000e+00  1.81543810e-05  1.09996998e+00  1.09996979e+00  6.79441121e-08 
 6.75700000e-10  0.00000000e+00  1.81538793e-05  1.09996998e+00  1.09996980e+00  6.66451097e-08 
 6.75900000e-10  0.00000000e+00  1.81533600e-05  1.09996998e+00  1.09996980e+00  6.79378607e-08 
 6.76100000e-10  0.00000000e+00  1.81528712e-05  1.09996998e+00  1.09996981e+00  6.66407892e-08 
 6.76300000e-10  0.00000000e+00  1.81523646e-05  1.09996998e+00  1.09996981e+00  6.79317470e-08 
 6.76500000e-10  0.00000000e+00  1.81518883e-05  1.09996999e+00  1.09996981e+00  6.66365957e-08 
 6.76700000e-10  0.00000000e+00  1.81513942e-05  1.09996999e+00  1.09996982e+00  6.79257681e-08 
 6.76900000e-10  0.00000000e+00  1.81509302e-05  1.09996999e+00  1.09996982e+00  6.66325256e-08 
 6.77100000e-10  0.00000000e+00  1.81504483e-05  1.09996999e+00  1.09996982e+00  6.79199203e-08 
 6.77300000e-10  0.00000000e+00  1.81499961e-05  1.09996999e+00  1.09996983e+00  6.66285760e-08 
 6.77500000e-10  0.00000000e+00  1.81495261e-05  1.09996999e+00  1.09996983e+00  6.79142005e-08 
 6.77700000e-10  0.00000000e+00  1.81490855e-05  1.09996999e+00  1.09996983e+00  6.66247436e-08 
 6.77900000e-10  0.00000000e+00  1.81486270e-05  1.09996999e+00  1.09996984e+00  6.79086057e-08 
 6.78100000e-10  0.00000000e+00  1.81481978e-05  1.09997000e+00  1.09996984e+00  6.66210256e-08 
 6.78300000e-10  0.00000000e+00  1.81477506e-05  1.09997000e+00  1.09996984e+00  6.79031326e-08 
 6.78500000e-10  0.00000000e+00  1.81473324e-05  1.09997000e+00  1.09996985e+00  6.66174185e-08 
 6.78700000e-10  0.00000000e+00  1.81468962e-05  1.09997000e+00  1.09996985e+00  6.78977787e-08 
 6.78900000e-10  0.00000000e+00  1.81464887e-05  1.09997000e+00  1.09996985e+00  6.66139202e-08 
 6.79100000e-10  0.00000000e+00  1.81460632e-05  1.09997000e+00  1.09996985e+00  6.78925407e-08 
 6.79300000e-10  0.00000000e+00  1.81456662e-05  1.09997000e+00  1.09996986e+00  6.66105273e-08 
 6.79500000e-10  0.00000000e+00  1.81452512e-05  1.09997000e+00  1.09996986e+00  6.78874159e-08 
 6.79700000e-10  0.00000000e+00  1.81448644e-05  1.09997000e+00  1.09996986e+00  6.66072373e-08 
 6.79900000e-10  0.00000000e+00  1.81444596e-05  1.09997001e+00  1.09996987e+00  6.78824017e-08 
 6.80100000e-10  0.00000000e+00  1.81440827e-05  1.09997001e+00  1.09996987e+00  6.66040475e-08 
 6.80300000e-10  0.00000000e+00  1.81436878e-05  1.09997001e+00  1.09996987e+00  6.78774952e-08 
 6.80500000e-10  0.00000000e+00  1.81433207e-05  1.09997001e+00  1.09996987e+00  6.66009553e-08 
 6.80700000e-10  0.00000000e+00  1.81429355e-05  1.09997001e+00  1.09996988e+00  6.78726939e-08 
 6.80900000e-10  0.00000000e+00  1.81425778e-05  1.09997001e+00  1.09996988e+00  6.65979580e-08 
 6.81100000e-10  0.00000000e+00  1.81422020e-05  1.09997001e+00  1.09996988e+00  6.78679953e-08 
 6.81300000e-10  0.00000000e+00  1.81418536e-05  1.09997001e+00  1.09996988e+00  6.65950536e-08 
 6.81500000e-10  0.00000000e+00  1.81414870e-05  1.09997001e+00  1.09996989e+00  6.78633968e-08 
 6.81700000e-10  0.00000000e+00  1.81411476e-05  1.09997001e+00  1.09996989e+00  6.65922392e-08 
 6.81900000e-10  0.00000000e+00  1.81407900e-05  1.09997002e+00  1.09996989e+00  6.78588961e-08 
 6.82100000e-10  0.00000000e+00  1.81404593e-05  1.09997002e+00  1.09996989e+00  6.65895126e-08 
 6.82300000e-10  0.00000000e+00  1.81401104e-05  1.09997002e+00  1.09996990e+00  6.78544908e-08 
 6.82500000e-10  0.00000000e+00  1.81397883e-05  1.09997002e+00  1.09996990e+00  6.65868715e-08 
 6.82700000e-10  0.00000000e+00  1.81394480e-05  1.09997002e+00  1.09996990e+00  6.78501785e-08 
 6.82900000e-10  0.00000000e+00  1.81391341e-05  1.09997002e+00  1.09996990e+00  6.65843139e-08 
 6.83100000e-10  0.00000000e+00  1.81388021e-05  1.09997002e+00  1.09996991e+00  6.78459571e-08 
 6.83300000e-10  0.00000000e+00  1.81384964e-05  1.09997002e+00  1.09996991e+00  6.65818374e-08 
 6.83500000e-10  0.00000000e+00  1.81381725e-05  1.09997002e+00  1.09996991e+00  6.78418245e-08 
 6.83700000e-10  0.00000000e+00  1.81378747e-05  1.09997002e+00  1.09996991e+00  6.65794399e-08 
 6.83900000e-10  0.00000000e+00  1.81375587e-05  1.09997002e+00  1.09996992e+00  6.78377783e-08 
 6.84100000e-10  0.00000000e+00  1.81372686e-05  1.09997002e+00  1.09996992e+00  6.65771192e-08 
 6.84300000e-10  0.00000000e+00  1.81369604e-05  1.09997003e+00  1.09996992e+00  6.78338164e-08 
 6.84500000e-10  0.00000000e+00  1.81366778e-05  1.09997003e+00  1.09996992e+00  6.65748737e-08 
 6.84700000e-10  0.00000000e+00  1.81363770e-05  1.09997003e+00  1.09996992e+00  6.78299372e-08 
 6.84900000e-10  0.00000000e+00  1.81361017e-05  1.09997003e+00  1.09996993e+00  6.65727012e-08 
 6.85100000e-10  0.00000000e+00  1.81358083e-05  1.09997003e+00  1.09996993e+00  6.78261382e-08 
 6.85300000e-10  0.00000000e+00  1.81355402e-05  1.09997003e+00  1.09996993e+00  6.65705997e-08 
 6.85500000e-10  0.00000000e+00  1.81352539e-05  1.09997003e+00  1.09996993e+00  6.78224178e-08 
 6.85700000e-10  0.00000000e+00  1.81349927e-05  1.09997003e+00  1.09996993e+00  6.65685675e-08 
 6.85900000e-10  0.00000000e+00  1.81347134e-05  1.09997003e+00  1.09996994e+00  6.78187738e-08 
 6.86100000e-10  0.00000000e+00  1.81344590e-05  1.09997003e+00  1.09996994e+00  6.65666025e-08 
 6.86300000e-10  0.00000000e+00  1.81341865e-05  1.09997003e+00  1.09996994e+00  6.78152050e-08 
 6.86500000e-10  0.00000000e+00  1.81339387e-05  1.09997003e+00  1.09996994e+00  6.65647034e-08 
 6.86700000e-10  0.00000000e+00  1.81336729e-05  1.09997003e+00  1.09996994e+00  6.78117087e-08 
 6.86900000e-10  0.00000000e+00  1.81334315e-05  1.09997003e+00  1.09996994e+00  6.65628679e-08 
 6.87100000e-10  0.00000000e+00  1.81331721e-05  1.09997004e+00  1.09996995e+00  6.78082841e-08 
 6.87300000e-10  0.00000000e+00  1.81329370e-05  1.09997004e+00  1.09996995e+00  6.65610949e-08 
 6.87500000e-10  0.00000000e+00  1.81326839e-05  1.09997004e+00  1.09996995e+00  6.78049289e-08 
 6.87700000e-10  0.00000000e+00  1.81324550e-05  1.09997004e+00  1.09996995e+00  6.65593825e-08 
 6.87900000e-10  0.00000000e+00  1.81322080e-05  1.09997004e+00  1.09996995e+00  6.78016414e-08 
 6.88100000e-10  0.00000000e+00  1.81319850e-05  1.09997004e+00  1.09996996e+00  6.65577288e-08 
 6.88300000e-10  0.00000000e+00  1.81317440e-05  1.09997004e+00  1.09996996e+00  6.77984203e-08 
 6.88500000e-10  0.00000000e+00  1.81315268e-05  1.09997004e+00  1.09996996e+00  6.65561327e-08 
 6.88700000e-10  0.00000000e+00  1.81312917e-05  1.09997004e+00  1.09996996e+00  6.77952640e-08 
 6.88900000e-10  0.00000000e+00  1.81310802e-05  1.09997004e+00  1.09996996e+00  6.65545925e-08 
 6.89100000e-10  0.00000000e+00  1.81308507e-05  1.09997004e+00  1.09996996e+00  6.77921707e-08 
 6.89300000e-10  0.00000000e+00  1.81306447e-05  1.09997004e+00  1.09996996e+00  6.65531067e-08 
 6.89500000e-10  0.00000000e+00  1.81304208e-05  1.09997004e+00  1.09996997e+00  6.77891392e-08 
 6.89700000e-10  0.00000000e+00  1.81302202e-05  1.09997004e+00  1.09996997e+00  6.65516739e-08 
 6.89900000e-10  0.00000000e+00  1.81300018e-05  1.09997004e+00  1.09996997e+00  6.77861675e-08 
 6.90100000e-10  0.00000000e+00  1.81298064e-05  1.09997004e+00  1.09996997e+00  6.65502927e-08 
 6.90300000e-10  0.00000000e+00  1.81295932e-05  1.09997004e+00  1.09996997e+00  6.77832548e-08 
 6.90500000e-10  0.00000000e+00  1.81294029e-05  1.09997005e+00  1.09996997e+00  6.65489616e-08 
 6.90700000e-10  0.00000000e+00  1.81291949e-05  1.09997005e+00  1.09996998e+00  6.77803994e-08 
 6.90900000e-10  0.00000000e+00  1.81290096e-05  1.09997005e+00  1.09996998e+00  6.65476796e-08 
 6.91100000e-10  0.00000000e+00  1.81288066e-05  1.09997005e+00  1.09996998e+00  6.77776002e-08 
 6.91300000e-10  0.00000000e+00  1.81286262e-05  1.09997005e+00  1.09996998e+00  6.65464449e-08 
 6.91500000e-10  0.00000000e+00  1.81284280e-05  1.09997005e+00  1.09996998e+00  6.77748553e-08 
 6.91700000e-10  0.00000000e+00  1.81282523e-05  1.09997005e+00  1.09996998e+00  6.65452567e-08 
 6.91900000e-10  0.00000000e+00  1.81280590e-05  1.09997005e+00  1.09996998e+00  6.77721642e-08 
 6.92100000e-10  0.00000000e+00  1.81278879e-05  1.09997005e+00  1.09996998e+00  6.65441135e-08 
 6.92300000e-10  0.00000000e+00  1.81276992e-05  1.09997005e+00  1.09996999e+00  6.77695252e-08 
 6.92500000e-10  0.00000000e+00  1.81275326e-05  1.09997005e+00  1.09996999e+00  6.65430141e-08 
 6.92700000e-10  0.00000000e+00  1.81273485e-05  1.09997005e+00  1.09996999e+00  6.77669370e-08 
 6.92900000e-10  0.00000000e+00  1.81271863e-05  1.09997005e+00  1.09996999e+00  6.65419574e-08 
 6.93100000e-10  0.00000000e+00  1.81270065e-05  1.09997005e+00  1.09996999e+00  6.77643982e-08 
 6.93300000e-10  0.00000000e+00  1.81268486e-05  1.09997005e+00  1.09996999e+00  6.65409424e-08 
 6.93500000e-10  0.00000000e+00  1.81266732e-05  1.09997005e+00  1.09996999e+00  6.77619082e-08 
 6.93700000e-10  0.00000000e+00  1.81265194e-05  1.09997005e+00  1.09996999e+00  6.65399678e-08 
 6.93900000e-10  0.00000000e+00  1.81263482e-05  1.09997005e+00  1.09997000e+00  6.77594656e-08 
 6.94100000e-10  0.00000000e+00  1.81261985e-05  1.09997005e+00  1.09997000e+00  6.65390323e-08 
 6.94300000e-10  0.00000000e+00  1.81260314e-05  1.09997005e+00  1.09997000e+00  6.77570691e-08 
 6.94500000e-10  0.00000000e+00  1.81258856e-05  1.09997005e+00  1.09997000e+00  6.65381351e-08 
 6.94700000e-10  0.00000000e+00  1.81257225e-05  1.09997005e+00  1.09997000e+00  6.77547180e-08 
 6.94900000e-10  0.00000000e+00  1.81255806e-05  1.09997006e+00  1.09997000e+00  6.65372754e-08 
 6.95100000e-10  0.00000000e+00  1.81254214e-05  1.09997006e+00  1.09997000e+00  6.77524109e-08 
 6.95300000e-10  0.00000000e+00  1.81252833e-05  1.09997006e+00  1.09997000e+00  6.65364518e-08 
 6.95500000e-10  0.00000000e+00  1.81251278e-05  1.09997006e+00  1.09997000e+00  6.77501470e-08 
 6.95700000e-10  0.00000000e+00  1.81249934e-05  1.09997006e+00  1.09997001e+00  6.65356632e-08 
 6.95900000e-10  0.00000000e+00  1.81248417e-05  1.09997006e+00  1.09997001e+00  6.77479253e-08 
 6.96100000e-10  0.00000000e+00  1.81247108e-05  1.09997006e+00  1.09997001e+00  6.65349092e-08 
 6.96300000e-10  0.00000000e+00  1.81245627e-05  1.09997006e+00  1.09997001e+00  6.77457445e-08 
 6.96500000e-10  0.00000000e+00  1.81244353e-05  1.09997006e+00  1.09997001e+00  6.65341887e-08 
 6.96700000e-10  0.00000000e+00  1.81242907e-05  1.09997006e+00  1.09997001e+00  6.77436039e-08 
 6.96900000e-10  0.00000000e+00  1.81241667e-05  1.09997006e+00  1.09997001e+00  6.65335004e-08 
 6.97100000e-10  0.00000000e+00  1.81240255e-05  1.09997006e+00  1.09997001e+00  6.77415028e-08 
 6.97300000e-10  0.00000000e+00  1.81239048e-05  1.09997006e+00  1.09997001e+00  6.65328438e-08 
 6.97500000e-10  0.00000000e+00  1.81237670e-05  1.09997006e+00  1.09997001e+00  6.77394396e-08 
 6.97700000e-10  0.00000000e+00  1.81236495e-05  1.09997006e+00  1.09997002e+00  6.65322178e-08 
 6.97900000e-10  0.00000000e+00  1.81235150e-05  1.09997006e+00  1.09997002e+00  6.77374142e-08 
 6.98100000e-10  0.00000000e+00  1.81234007e-05  1.09997006e+00  1.09997002e+00  6.65316218e-08 
 6.98300000e-10  0.00000000e+00  1.81232693e-05  1.09997006e+00  1.09997002e+00  6.77354251e-08 
 6.98500000e-10  0.00000000e+00  1.81231580e-05  1.09997006e+00  1.09997002e+00  6.65310546e-08 
 6.98700000e-10  0.00000000e+00  1.81230298e-05  1.09997006e+00  1.09997002e+00  6.77334719e-08 
 6.98900000e-10  0.00000000e+00  1.81229215e-05  1.09997006e+00  1.09997002e+00  6.65305158e-08 
 6.99100000e-10  0.00000000e+00  1.81227963e-05  1.09997006e+00  1.09997002e+00  6.77315535e-08 
 6.99300000e-10  0.00000000e+00  1.81226909e-05  1.09997006e+00  1.09997002e+00  6.65300046e-08 
 6.99500000e-10  0.00000000e+00  1.81225686e-05  1.09997006e+00  1.09997002e+00  6.77296691e-08 
 6.99700000e-10  0.00000000e+00  1.81224661e-05  1.09997006e+00  1.09997002e+00  6.65295200e-08 
 6.99900000e-10  0.00000000e+00  1.81223467e-05  1.09997006e+00  1.09997002e+00  6.77278183e-08 
 7.00100000e-10  0.00000000e+00  1.81222469e-05  1.09997006e+00  1.09997003e+00  6.65290613e-08 
 7.00300000e-10  0.00000000e+00  1.81221304e-05  1.09997006e+00  1.09997003e+00  6.77259997e-08 
 7.00500000e-10  0.00000000e+00  1.81220332e-05  1.09997006e+00  1.09997003e+00  6.65286280e-08 
 7.00700000e-10  0.00000000e+00  1.81219194e-05  1.09997006e+00  1.09997003e+00  6.77242131e-08 
 7.00900000e-10  0.00000000e+00  1.81218249e-05  1.09997007e+00  1.09997003e+00  6.65282193e-08 
 7.01100000e-10  0.00000000e+00  1.81217138e-05  1.09997007e+00  1.09997003e+00  6.77224576e-08 
 7.01300000e-10  0.00000000e+00  1.81216219e-05  1.09997007e+00  1.09997003e+00  6.65278343e-08 
 7.01500000e-10  0.00000000e+00  1.81215133e-05  1.09997007e+00  1.09997003e+00  6.77207324e-08 
 7.01700000e-10  0.00000000e+00  1.81214239e-05  1.09997007e+00  1.09997003e+00  6.65274726e-08 
 7.01900000e-10  0.00000000e+00  1.81213179e-05  1.09997007e+00  1.09997003e+00  6.77190367e-08 
 7.02100000e-10  0.00000000e+00  1.81212309e-05  1.09997007e+00  1.09997003e+00  6.65271334e-08 
 7.02300000e-10  0.00000000e+00  1.81211274e-05  1.09997007e+00  1.09997003e+00  6.77173703e-08 
 7.02500000e-10  0.00000000e+00  1.81210427e-05  1.09997007e+00  1.09997003e+00  6.65268162e-08 
 7.02700000e-10  0.00000000e+00  1.81209416e-05  1.09997007e+00  1.09997003e+00  6.77157320e-08 
 7.02900000e-10  0.00000000e+00  1.81208593e-05  1.09997007e+00  1.09997004e+00  6.65265202e-08 
 7.03100000e-10  0.00000000e+00  1.81207605e-05  1.09997007e+00  1.09997004e+00  6.77141216e-08 
 7.03300000e-10  0.00000000e+00  1.81206804e-05  1.09997007e+00  1.09997004e+00  6.65262451e-08 
 7.03500000e-10  0.00000000e+00  1.81205840e-05  1.09997007e+00  1.09997004e+00  6.77125382e-08 
 7.03700000e-10  0.00000000e+00  1.81205061e-05  1.09997007e+00  1.09997004e+00  6.65259899e-08 
 7.03900000e-10  0.00000000e+00  1.81204119e-05  1.09997007e+00  1.09997004e+00  6.77109811e-08 
 7.04100000e-10  0.00000000e+00  1.81203361e-05  1.09997007e+00  1.09997004e+00  6.65257545e-08 
 7.04300000e-10  0.00000000e+00  1.81202441e-05  1.09997007e+00  1.09997004e+00  6.77094500e-08 
 7.04500000e-10  0.00000000e+00  1.81201704e-05  1.09997007e+00  1.09997004e+00  6.65255379e-08 
 7.04700000e-10  0.00000000e+00  1.81200805e-05  1.09997007e+00  1.09997004e+00  6.77079442e-08 
 7.04900000e-10  0.00000000e+00  1.81200088e-05  1.09997007e+00  1.09997004e+00  6.65253397e-08 
 7.05100000e-10  0.00000000e+00  1.81199211e-05  1.09997007e+00  1.09997004e+00  6.77064630e-08 
 7.05300000e-10  0.00000000e+00  1.81198513e-05  1.09997007e+00  1.09997004e+00  6.65251596e-08 
 7.05500000e-10  0.00000000e+00  1.81197656e-05  1.09997007e+00  1.09997004e+00  6.77050061e-08 
 7.05700000e-10  0.00000000e+00  1.81196978e-05  1.09997007e+00  1.09997004e+00  6.65249969e-08 
 7.05900000e-10  0.00000000e+00  1.81196140e-05  1.09997007e+00  1.09997004e+00  6.77035728e-08 
 7.06100000e-10  0.00000000e+00  1.81195481e-05  1.09997007e+00  1.09997004e+00  6.65248510e-08 
 7.06300000e-10  0.00000000e+00  1.81194663e-05  1.09997007e+00  1.09997005e+00  6.77021626e-08 
 7.06500000e-10  0.00000000e+00  1.81194022e-05  1.09997007e+00  1.09997005e+00  6.65247215e-08 
 7.06700000e-10  0.00000000e+00  1.81193222e-05  1.09997007e+00  1.09997005e+00  6.77007748e-08 
 7.06900000e-10  0.00000000e+00  1.81192599e-05  1.09997007e+00  1.09997005e+00  6.65246079e-08 
 7.07100000e-10  0.00000000e+00  1.81191818e-05  1.09997007e+00  1.09997005e+00  6.76994092e-08 
 7.07300000e-10  0.00000000e+00  1.81191212e-05  1.09997007e+00  1.09997005e+00  6.65245100e-08 
 7.07500000e-10  0.00000000e+00  1.81190449e-05  1.09997007e+00  1.09997005e+00  6.76980651e-08 
 7.07700000e-10  0.00000000e+00  1.81189860e-05  1.09997007e+00  1.09997005e+00  6.65244270e-08 
 7.07900000e-10  0.00000000e+00  1.81189114e-05  1.09997007e+00  1.09997005e+00  6.76967422e-08 
 7.08100000e-10  0.00000000e+00  1.81188542e-05  1.09997007e+00  1.09997005e+00  6.65243586e-08 
 7.08300000e-10  0.00000000e+00  1.81187813e-05  1.09997007e+00  1.09997005e+00  6.76954400e-08 
 7.08500000e-10  0.00000000e+00  1.81187256e-05  1.09997007e+00  1.09997005e+00  6.65243045e-08 
 7.08700000e-10  0.00000000e+00  1.81186544e-05  1.09997007e+00  1.09997005e+00  6.76941579e-08 
 7.08900000e-10  0.00000000e+00  1.81186003e-05  1.09997007e+00  1.09997005e+00  6.65242639e-08 
 7.09100000e-10  0.00000000e+00  1.81185307e-05  1.09997007e+00  1.09997005e+00  6.76928955e-08 
 7.09300000e-10  0.00000000e+00  1.81184782e-05  1.09997007e+00  1.09997005e+00  6.65242369e-08 
 7.09500000e-10  0.00000000e+00  1.81184102e-05  1.09997007e+00  1.09997005e+00  6.76916527e-08 
 7.09700000e-10  0.00000000e+00  1.81183591e-05  1.09997007e+00  1.09997005e+00  6.65242227e-08 
 7.09900000e-10  0.00000000e+00  1.81182926e-05  1.09997007e+00  1.09997005e+00  6.76904284e-08 
 7.10100000e-10  0.00000000e+00  1.81182430e-05  1.09997007e+00  1.09997005e+00  6.65242210e-08 
 7.10300000e-10  0.00000000e+00  1.81181780e-05  1.09997007e+00  1.09997005e+00  6.76892227e-08 
 7.10500000e-10  0.00000000e+00  1.81181298e-05  1.09997007e+00  1.09997005e+00  6.65242316e-08 
 7.10700000e-10  0.00000000e+00  1.81180663e-05  1.09997008e+00  1.09997006e+00  6.76880351e-08 
 7.10900000e-10  0.00000000e+00  1.81180195e-05  1.09997008e+00  1.09997006e+00  6.65242541e-08 
 7.11100000e-10  0.00000000e+00  1.81179574e-05  1.09997008e+00  1.09997006e+00  6.76868653e-08 
 7.11300000e-10  0.00000000e+00  1.81179119e-05  1.09997008e+00  1.09997006e+00  6.65242880e-08 
 7.11500000e-10  0.00000000e+00  1.81178512e-05  1.09997008e+00  1.09997006e+00  6.76857126e-08 
 7.11700000e-10  0.00000000e+00  1.81178070e-05  1.09997008e+00  1.09997006e+00  6.65243328e-08 
 7.11900000e-10  0.00000000e+00  1.81177477e-05  1.09997008e+00  1.09997006e+00  6.76845771e-08 
 7.12100000e-10  0.00000000e+00  1.81177048e-05  1.09997008e+00  1.09997006e+00  6.65243885e-08 
 7.12300000e-10  0.00000000e+00  1.81176468e-05  1.09997008e+00  1.09997006e+00  6.76834578e-08 
 7.12500000e-10  0.00000000e+00  1.81176051e-05  1.09997008e+00  1.09997006e+00  6.65244548e-08 
 7.12700000e-10  0.00000000e+00  1.81175484e-05  1.09997008e+00  1.09997006e+00  6.76823550e-08 
 7.12900000e-10  0.00000000e+00  1.81175079e-05  1.09997008e+00  1.09997006e+00  6.65245311e-08 
 7.13100000e-10  0.00000000e+00  1.81174525e-05  1.09997008e+00  1.09997006e+00  6.76812681e-08 
 7.13300000e-10  0.00000000e+00  1.81174131e-05  1.09997008e+00  1.09997006e+00  6.65246173e-08 
 7.13500000e-10  0.00000000e+00  1.81173590e-05  1.09997008e+00  1.09997006e+00  6.76801965e-08 
 7.13700000e-10  0.00000000e+00  1.81173208e-05  1.09997008e+00  1.09997006e+00  6.65247130e-08 
 7.13900000e-10  0.00000000e+00  1.81172678e-05  1.09997008e+00  1.09997006e+00  6.76791402e-08 
 7.14100000e-10  0.00000000e+00  1.81172307e-05  1.09997008e+00  1.09997006e+00  6.65248178e-08 
 7.14300000e-10  0.00000000e+00  1.81171789e-05  1.09997008e+00  1.09997006e+00  6.76780988e-08 
 7.14500000e-10  0.00000000e+00  1.81171429e-05  1.09997008e+00  1.09997006e+00  6.65249316e-08 
 7.14700000e-10  0.00000000e+00  1.81170923e-05  1.09997008e+00  1.09997006e+00  6.76770719e-08 
 7.14900000e-10  0.00000000e+00  1.81170574e-05  1.09997008e+00  1.09997006e+00  6.65250540e-08 
 7.15100000e-10  0.00000000e+00  1.81170078e-05  1.09997008e+00  1.09997006e+00  6.76760593e-08 
 7.15300000e-10  0.00000000e+00  1.81169739e-05  1.09997008e+00  1.09997006e+00  6.65251848e-08 
 7.15500000e-10  0.00000000e+00  1.81169254e-05  1.09997008e+00  1.09997006e+00  6.76750606e-08 
 7.15700000e-10  0.00000000e+00  1.81168926e-05  1.09997008e+00  1.09997006e+00  6.65253236e-08 
 7.15900000e-10  0.00000000e+00  1.81168452e-05  1.09997008e+00  1.09997006e+00  6.76740758e-08 
 7.16100000e-10  0.00000000e+00  1.81168133e-05  1.09997008e+00  1.09997006e+00  6.65254705e-08 
 7.16300000e-10  0.00000000e+00  1.81167669e-05  1.09997008e+00  1.09997006e+00  6.76731040e-08 
 7.16500000e-10  0.00000000e+00  1.81167359e-05  1.09997008e+00  1.09997006e+00  6.65256248e-08 
 7.16700000e-10  0.00000000e+00  1.81166906e-05  1.09997008e+00  1.09997007e+00  6.76721455e-08 
 7.16900000e-10  0.00000000e+00  1.81166606e-05  1.09997008e+00  1.09997007e+00  6.65257865e-08 
 7.17100000e-10  0.00000000e+00  1.81166162e-05  1.09997008e+00  1.09997007e+00  6.76711998e-08 
 7.17300000e-10  0.00000000e+00  1.81165871e-05  1.09997008e+00  1.09997007e+00  6.65259553e-08 
 7.17500000e-10  0.00000000e+00  1.81165437e-05  1.09997008e+00  1.09997007e+00  6.76702666e-08 
 7.17700000e-10  0.00000000e+00  1.81165154e-05  1.09997008e+00  1.09997007e+00  6.65261309e-08 
 7.17900000e-10  0.00000000e+00  1.81164730e-05  1.09997008e+00  1.09997007e+00  6.76693457e-08 
 7.18100000e-10  0.00000000e+00  1.81164456e-05  1.09997008e+00  1.09997007e+00  6.65263132e-08 
 7.18300000e-10  0.00000000e+00  1.81164040e-05  1.09997008e+00  1.09997007e+00  6.76684370e-08 
 7.18500000e-10  0.00000000e+00  1.81163775e-05  1.09997008e+00  1.09997007e+00  6.65265019e-08 
 7.18700000e-10  0.00000000e+00  1.81163368e-05  1.09997008e+00  1.09997007e+00  6.76675399e-08 
 7.18900000e-10  0.00000000e+00  1.81163111e-05  1.09997008e+00  1.09997007e+00  6.65266966e-08 
 7.19100000e-10  0.00000000e+00  1.81162713e-05  1.09997008e+00  1.09997007e+00  6.76666546e-08 
 7.19300000e-10  0.00000000e+00  1.81162464e-05  1.09997008e+00  1.09997007e+00  6.65268976e-08 
 7.19500000e-10  0.00000000e+00  1.81162074e-05  1.09997008e+00  1.09997007e+00  6.76657804e-08 
 7.19700000e-10  0.00000000e+00  1.81161833e-05  1.09997008e+00  1.09997007e+00  6.65271044e-08 
 7.19900000e-10  0.00000000e+00  1.81161452e-05  1.09997008e+00  1.09997007e+00  6.76649175e-08 
 7.20100000e-10  0.00000000e+00  1.81161218e-05  1.09997008e+00  1.09997007e+00  6.65273166e-08 
 7.20300000e-10  0.00000000e+00  1.81160845e-05  1.09997008e+00  1.09997007e+00  6.76640654e-08 
 7.20500000e-10  0.00000000e+00  1.81160618e-05  1.09997008e+00  1.09997007e+00  6.65275342e-08 
 7.20700000e-10  0.00000000e+00  1.81160253e-05  1.09997008e+00  1.09997007e+00  6.76632237e-08 
 7.20900000e-10  0.00000000e+00  1.81160033e-05  1.09997008e+00  1.09997007e+00  6.65277571e-08 
 7.21100000e-10  0.00000000e+00  1.81159676e-05  1.09997008e+00  1.09997007e+00  6.76623927e-08 
 7.21300000e-10  0.00000000e+00  1.81159463e-05  1.09997008e+00  1.09997007e+00  6.65279851e-08 
 7.21500000e-10  0.00000000e+00  1.81159113e-05  1.09997008e+00  1.09997007e+00  6.76615721e-08 
 7.21700000e-10  0.00000000e+00  1.81158907e-05  1.09997008e+00  1.09997007e+00  6.65282177e-08 
 7.21900000e-10  0.00000000e+00  1.81158565e-05  1.09997008e+00  1.09997007e+00  6.76607613e-08 
 7.22100000e-10  0.00000000e+00  1.81158366e-05  1.09997008e+00  1.09997007e+00  6.65284552e-08 
 7.22300000e-10  0.00000000e+00  1.81158030e-05  1.09997008e+00  1.09997007e+00  6.76599603e-08 
 7.22500000e-10  0.00000000e+00  1.81157837e-05  1.09997008e+00  1.09997007e+00  6.65286970e-08 
 7.22700000e-10  0.00000000e+00  1.81157509e-05  1.09997008e+00  1.09997007e+00  6.76591691e-08 
 7.22900000e-10  0.00000000e+00  1.81157322e-05  1.09997008e+00  1.09997007e+00  6.65289432e-08 
 7.23100000e-10  0.00000000e+00  1.81157001e-05  1.09997008e+00  1.09997007e+00  6.76583872e-08 
 7.23300000e-10  0.00000000e+00  1.81156820e-05  1.09997008e+00  1.09997007e+00  6.65291938e-08 
 7.23500000e-10  0.00000000e+00  1.81156506e-05  1.09997008e+00  1.09997007e+00  6.76576145e-08 
 7.23700000e-10  0.00000000e+00  1.81156331e-05  1.09997008e+00  1.09997007e+00  6.65294482e-08 
 7.23900000e-10  0.00000000e+00  1.81156023e-05  1.09997008e+00  1.09997007e+00  6.76568511e-08 
 7.24100000e-10  0.00000000e+00  1.81155854e-05  1.09997008e+00  1.09997007e+00  6.65297065e-08 
 7.24300000e-10  0.00000000e+00  1.81155552e-05  1.09997008e+00  1.09997007e+00  6.76560965e-08 
 7.24500000e-10  0.00000000e+00  1.81155388e-05  1.09997008e+00  1.09997007e+00  6.65299684e-08 
 7.24700000e-10  0.00000000e+00  1.81155093e-05  1.09997008e+00  1.09997007e+00  6.76553506e-08 
 7.24900000e-10  0.00000000e+00  1.81154935e-05  1.09997008e+00  1.09997007e+00  6.65302340e-08 
 7.25100000e-10  0.00000000e+00  1.81154645e-05  1.09997008e+00  1.09997007e+00  6.76546133e-08 
 7.25300000e-10  0.00000000e+00  1.81154493e-05  1.09997008e+00  1.09997007e+00  6.65305029e-08 
 7.25500000e-10  0.00000000e+00  1.81154209e-05  1.09997008e+00  1.09997007e+00  6.76538846e-08 
 7.25700000e-10  0.00000000e+00  1.81154062e-05  1.09997008e+00  1.09997007e+00  6.65307754e-08 
 7.25900000e-10  0.00000000e+00  1.81153784e-05  1.09997008e+00  1.09997007e+00  6.76531639e-08 
 7.26100000e-10  0.00000000e+00  1.81153641e-05  1.09997008e+00  1.09997007e+00  6.65310509e-08 
 7.26300000e-10  0.00000000e+00  1.81153369e-05  1.09997008e+00  1.09997007e+00  6.76524512e-08 
 7.26500000e-10  0.00000000e+00  1.81153232e-05  1.09997008e+00  1.09997007e+00  6.65313293e-08 
 7.26700000e-10  0.00000000e+00  1.81152965e-05  1.09997008e+00  1.09997008e+00  6.76517466e-08 
 7.26900000e-10  0.00000000e+00  1.81152832e-05  1.09997008e+00  1.09997008e+00  6.65316108e-08 
 7.27100000e-10  0.00000000e+00  1.81152571e-05  1.09997008e+00  1.09997008e+00  6.76510498e-08 
 7.27300000e-10  0.00000000e+00  1.81152443e-05  1.09997008e+00  1.09997008e+00  6.65318951e-08 
 7.27500000e-10  0.00000000e+00  1.81152186e-05  1.09997008e+00  1.09997008e+00  6.76503605e-08 
 7.27700000e-10  0.00000000e+00  1.81152063e-05  1.09997008e+00  1.09997008e+00  6.65321819e-08 
 7.27900000e-10  0.00000000e+00  1.81151812e-05  1.09997008e+00  1.09997008e+00  6.76496789e-08 
 7.28100000e-10  0.00000000e+00  1.81151693e-05  1.09997008e+00  1.09997008e+00  6.65324714e-08 
 7.28300000e-10  0.00000000e+00  1.81151447e-05  1.09997008e+00  1.09997008e+00  6.76490046e-08 
 7.28500000e-10  0.00000000e+00  1.81151332e-05  1.09997008e+00  1.09997008e+00  6.65327633e-08 
 7.28700000e-10  0.00000000e+00  1.81151091e-05  1.09997008e+00  1.09997008e+00  6.76483374e-08 
 7.28900000e-10  0.00000000e+00  1.81150980e-05  1.09997008e+00  1.09997008e+00  6.65330575e-08 
 7.29100000e-10  0.00000000e+00  1.81150744e-05  1.09997008e+00  1.09997008e+00  6.76476776e-08 
 7.29300000e-10  0.00000000e+00  1.81150637e-05  1.09997008e+00  1.09997008e+00  6.65333539e-08 
 7.29500000e-10  0.00000000e+00  1.81150405e-05  1.09997008e+00  1.09997008e+00  6.76470243e-08 
 7.29700000e-10  0.00000000e+00  1.81150303e-05  1.09997008e+00  1.09997008e+00  6.65336525e-08 
 7.29900000e-10  0.00000000e+00  1.81150075e-05  1.09997008e+00  1.09997008e+00  6.76463782e-08 
 7.30100000e-10  0.00000000e+00  1.81149977e-05  1.09997008e+00  1.09997008e+00  6.65339529e-08 
 7.30300000e-10  0.00000000e+00  1.81149754e-05  1.09997008e+00  1.09997008e+00  6.76457387e-08 
 7.30500000e-10  0.00000000e+00  1.81149659e-05  1.09997008e+00  1.09997008e+00  6.65342554e-08 
 7.30700000e-10  0.00000000e+00  1.81149440e-05  1.09997008e+00  1.09997008e+00  6.76451058e-08 
 7.30900000e-10  0.00000000e+00  1.81149349e-05  1.09997008e+00  1.09997008e+00  6.65345597e-08 
 7.31100000e-10  0.00000000e+00  1.81149134e-05  1.09997008e+00  1.09997008e+00  6.76444794e-08 
 7.31300000e-10  0.00000000e+00  1.81149047e-05  1.09997008e+00  1.09997008e+00  6.65348657e-08 
 7.31500000e-10  0.00000000e+00  1.81148836e-05  1.09997008e+00  1.09997008e+00  6.76438594e-08 
 7.31700000e-10  0.00000000e+00  1.81148752e-05  1.09997008e+00  1.09997008e+00  6.65351735e-08 
 7.31900000e-10  0.00000000e+00  1.81148546e-05  1.09997008e+00  1.09997008e+00  6.76432454e-08 
 7.32100000e-10  0.00000000e+00  1.81148465e-05  1.09997008e+00  1.09997008e+00  6.65354826e-08 
 7.32300000e-10  0.00000000e+00  1.81148263e-05  1.09997008e+00  1.09997008e+00  6.76426377e-08 
 7.32500000e-10  0.00000000e+00  1.81148185e-05  1.09997008e+00  1.09997008e+00  6.65357934e-08 
 7.32700000e-10  0.00000000e+00  1.81147986e-05  1.09997008e+00  1.09997008e+00  6.76420361e-08 
 7.32900000e-10  0.00000000e+00  1.81147912e-05  1.09997008e+00  1.09997008e+00  6.65361054e-08 
 7.33100000e-10  0.00000000e+00  1.81147717e-05  1.09997008e+00  1.09997008e+00  6.76414404e-08 
 7.33300000e-10  0.00000000e+00  1.81147646e-05  1.09997008e+00  1.09997008e+00  6.65364189e-08 
 7.33500000e-10  0.00000000e+00  1.81147455e-05  1.09997008e+00  1.09997008e+00  6.76408504e-08 
 7.33700000e-10  0.00000000e+00  1.81147387e-05  1.09997008e+00  1.09997008e+00  6.65367335e-08 
 7.33900000e-10  0.00000000e+00  1.81147199e-05  1.09997008e+00  1.09997008e+00  6.76402662e-08 
 7.34100000e-10  0.00000000e+00  1.81147134e-05  1.09997008e+00  1.09997008e+00  6.65370492e-08 
 7.34300000e-10  0.00000000e+00  1.81146949e-05  1.09997008e+00  1.09997008e+00  6.76396877e-08 
 7.34500000e-10  0.00000000e+00  1.81146887e-05  1.09997008e+00  1.09997008e+00  6.65373659e-08 
 7.34700000e-10  0.00000000e+00  1.81146706e-05  1.09997008e+00  1.09997008e+00  6.76391146e-08 
 7.34900000e-10  0.00000000e+00  1.81146647e-05  1.09997008e+00  1.09997008e+00  6.65376837e-08 
 7.35100000e-10  0.00000000e+00  1.81146469e-05  1.09997008e+00  1.09997008e+00  6.76385471e-08 
 7.35300000e-10  0.00000000e+00  1.81146412e-05  1.09997008e+00  1.09997008e+00  6.65380027e-08 
 7.35500000e-10  0.00000000e+00  1.81146238e-05  1.09997008e+00  1.09997008e+00  6.76379847e-08 
 7.35700000e-10  0.00000000e+00  1.81146184e-05  1.09997008e+00  1.09997008e+00  6.65383222e-08 
 7.35900000e-10  0.00000000e+00  1.81146013e-05  1.09997008e+00  1.09997008e+00  6.76374278e-08 
 7.36100000e-10  0.00000000e+00  1.81145961e-05  1.09997008e+00  1.09997008e+00  6.65386428e-08 
 7.36300000e-10  0.00000000e+00  1.81145793e-05  1.09997008e+00  1.09997008e+00  6.76368758e-08 
 7.36500000e-10  0.00000000e+00  1.81145744e-05  1.09997008e+00  1.09997008e+00  6.65389638e-08 
 7.36700000e-10  0.00000000e+00  1.81145579e-05  1.09997008e+00  1.09997008e+00  6.76363292e-08 
 7.36900000e-10  0.00000000e+00  1.81145532e-05  1.09997008e+00  1.09997008e+00  6.65392856e-08 
 7.37100000e-10  0.00000000e+00  1.81145370e-05  1.09997008e+00  1.09997008e+00  6.76357872e-08 
 7.37300000e-10  0.00000000e+00  1.81145326e-05  1.09997008e+00  1.09997008e+00  6.65396083e-08 
 7.37500000e-10  0.00000000e+00  1.81145166e-05  1.09997008e+00  1.09997008e+00  6.76352505e-08 
 7.37700000e-10  0.00000000e+00  1.81145124e-05  1.09997008e+00  1.09997008e+00  6.65399313e-08 
 7.37900000e-10  0.00000000e+00  1.81144968e-05  1.09997008e+00  1.09997008e+00  6.76347184e-08 
 7.38100000e-10  0.00000000e+00  1.81144928e-05  1.09997008e+00  1.09997008e+00  6.65402547e-08 
 7.38300000e-10  0.00000000e+00  1.81144775e-05  1.09997008e+00  1.09997008e+00  6.76341911e-08 
 7.38500000e-10  0.00000000e+00  1.81144737e-05  1.09997008e+00  1.09997008e+00  6.65405788e-08 
 7.38700000e-10  0.00000000e+00  1.81144586e-05  1.09997008e+00  1.09997008e+00  6.76336685e-08 
 7.38900000e-10  0.00000000e+00  1.81144550e-05  1.09997008e+00  1.09997008e+00  6.65409030e-08 
 7.39100000e-10  0.00000000e+00  1.81144402e-05  1.09997008e+00  1.09997008e+00  6.76331505e-08 
 7.39300000e-10  0.00000000e+00  1.81144368e-05  1.09997008e+00  1.09997008e+00  6.65412277e-08 
 7.39500000e-10  0.00000000e+00  1.81144223e-05  1.09997008e+00  1.09997008e+00  6.76326371e-08 
 7.39700000e-10  0.00000000e+00  1.81144191e-05  1.09997008e+00  1.09997008e+00  6.65415525e-08 
 7.39900000e-10  0.00000000e+00  1.81144048e-05  1.09997008e+00  1.09997008e+00  6.76321282e-08 
 7.40100000e-10  0.00000000e+00  1.81144018e-05  1.09997008e+00  1.09997008e+00  6.65418779e-08 
 7.40300000e-10  0.00000000e+00  1.81143878e-05  1.09997008e+00  1.09997008e+00  6.76316236e-08 
 7.40500000e-10  0.00000000e+00  1.81143850e-05  1.09997008e+00  1.09997008e+00  6.65422033e-08 
 7.40700000e-10  0.00000000e+00  1.81143711e-05  1.09997008e+00  1.09997008e+00  6.76311232e-08 
 7.40900000e-10  0.00000000e+00  1.81143686e-05  1.09997008e+00  1.09997008e+00  6.65425289e-08 
 7.41100000e-10  0.00000000e+00  1.81143550e-05  1.09997008e+00  1.09997008e+00  6.76306273e-08 
 7.41300000e-10  0.00000000e+00  1.81143525e-05  1.09997008e+00  1.09997008e+00  6.65428546e-08 
 7.41500000e-10  0.00000000e+00  1.81143392e-05  1.09997008e+00  1.09997008e+00  6.76301356e-08 
 7.41700000e-10  0.00000000e+00  1.81143369e-05  1.09997008e+00  1.09997008e+00  6.65431801e-08 
 7.41900000e-10  0.00000000e+00  1.81143238e-05  1.09997008e+00  1.09997008e+00  6.76296478e-08 
 7.42100000e-10  0.00000000e+00  1.81143217e-05  1.09997008e+00  1.09997008e+00  6.65435060e-08 
 7.42300000e-10  0.00000000e+00  1.81143088e-05  1.09997008e+00  1.09997008e+00  6.76291642e-08 
 7.42500000e-10  0.00000000e+00  1.81143069e-05  1.09997008e+00  1.09997008e+00  6.65438316e-08 
 7.42700000e-10  0.00000000e+00  1.81142941e-05  1.09997009e+00  1.09997008e+00  6.76286845e-08 
 7.42900000e-10  0.00000000e+00  1.81142924e-05  1.09997008e+00  1.09997008e+00  6.65441572e-08 
 7.43100000e-10  0.00000000e+00  1.81142799e-05  1.09997009e+00  1.09997008e+00  6.76282088e-08 
 7.43300000e-10  0.00000000e+00  1.81142783e-05  1.09997008e+00  1.09997008e+00  6.65444826e-08 
 7.43500000e-10  0.00000000e+00  1.81142660e-05  1.09997009e+00  1.09997008e+00  6.76277371e-08 
 7.43700000e-10  0.00000000e+00  1.81142645e-05  1.09997009e+00  1.09997008e+00  6.65448080e-08 
 7.43900000e-10  0.00000000e+00  1.81142524e-05  1.09997009e+00  1.09997008e+00  6.76272693e-08 
 7.44100000e-10  0.00000000e+00  1.81142511e-05  1.09997009e+00  1.09997008e+00  6.65451332e-08 
 7.44300000e-10  0.00000000e+00  1.81142392e-05  1.09997009e+00  1.09997008e+00  6.76268049e-08 
 7.44500000e-10  0.00000000e+00  1.81142380e-05  1.09997009e+00  1.09997008e+00  6.65454582e-08 
 7.44700000e-10  0.00000000e+00  1.81142263e-05  1.09997009e+00  1.09997008e+00  6.76263446e-08 
 7.44900000e-10  0.00000000e+00  1.81142253e-05  1.09997009e+00  1.09997008e+00  6.65457827e-08 
 7.45100000e-10  0.00000000e+00  1.81142138e-05  1.09997009e+00  1.09997008e+00  6.76258878e-08 
 7.45300000e-10  0.00000000e+00  1.81142129e-05  1.09997009e+00  1.09997008e+00  6.65461073e-08 
 7.45500000e-10  0.00000000e+00  1.81142015e-05  1.09997009e+00  1.09997008e+00  6.76254348e-08 
 7.45700000e-10  0.00000000e+00  1.81142007e-05  1.09997009e+00  1.09997008e+00  6.65464312e-08 
 7.45900000e-10  0.00000000e+00  1.81141896e-05  1.09997009e+00  1.09997008e+00  6.76249849e-08 
 7.46100000e-10  0.00000000e+00  1.81141889e-05  1.09997009e+00  1.09997008e+00  6.65467550e-08 
 7.46300000e-10  0.00000000e+00  1.81141779e-05  1.09997009e+00  1.09997008e+00  6.76245390e-08 
 7.46500000e-10  0.00000000e+00  1.81141774e-05  1.09997009e+00  1.09997008e+00  6.65470783e-08 
 7.46700000e-10  0.00000000e+00  1.81141666e-05  1.09997009e+00  1.09997008e+00  6.76240964e-08 
 7.46900000e-10  0.00000000e+00  1.81141662e-05  1.09997009e+00  1.09997008e+00  6.65474012e-08 
 7.47100000e-10  0.00000000e+00  1.81141555e-05  1.09997009e+00  1.09997008e+00  6.76236571e-08 
 7.47300000e-10  0.00000000e+00  1.81141552e-05  1.09997009e+00  1.09997008e+00  6.65477238e-08 
 7.47500000e-10  0.00000000e+00  1.81141447e-05  1.09997009e+00  1.09997008e+00  6.76232212e-08 
 7.47700000e-10  0.00000000e+00  1.81141446e-05  1.09997009e+00  1.09997008e+00  6.65480459e-08 
 7.47900000e-10  0.00000000e+00  1.81141342e-05  1.09997009e+00  1.09997008e+00  6.76227888e-08 
 7.48100000e-10  0.00000000e+00  1.81141342e-05  1.09997009e+00  1.09997008e+00  6.65483674e-08 
 7.48300000e-10  0.00000000e+00  1.81141240e-05  1.09997009e+00  1.09997008e+00  6.76223594e-08 
 7.48500000e-10  0.00000000e+00  1.81141240e-05  1.09997009e+00  1.09997008e+00  6.65486885e-08 
 7.48700000e-10  0.00000000e+00  1.81141140e-05  1.09997009e+00  1.09997008e+00  6.76219333e-08 
 7.48900000e-10  0.00000000e+00  1.81141141e-05  1.09997009e+00  1.09997008e+00  6.65490089e-08 
 7.49100000e-10  0.00000000e+00  1.81141042e-05  1.09997009e+00  1.09997008e+00  6.76215106e-08 
 7.49300000e-10  0.00000000e+00  1.81141045e-05  1.09997009e+00  1.09997008e+00  6.65493290e-08 
 7.49500000e-10  0.00000000e+00  1.81140947e-05  1.09997009e+00  1.09997008e+00  6.76210909e-08 
 7.49700000e-10  0.00000000e+00  1.81140951e-05  1.09997009e+00  1.09997008e+00  6.65496481e-08 
 7.49900000e-10  0.00000000e+00  1.81140855e-05  1.09997009e+00  1.09997008e+00  6.76206743e-08 
 7.50100000e-10  0.00000000e+00  1.81140859e-05  1.09997009e+00  1.09997008e+00  6.65499670e-08 
 7.50300000e-10  0.00000000e+00  1.81140765e-05  1.09997009e+00  1.09997008e+00  6.76202608e-08 
 7.50500000e-10  0.00000000e+00  1.81140770e-05  1.09997009e+00  1.09997008e+00  6.65502851e-08 
 7.50700000e-10  0.00000000e+00  1.81140677e-05  1.09997009e+00  1.09997008e+00  6.76198502e-08 
 7.50900000e-10  0.00000000e+00  1.81140683e-05  1.09997009e+00  1.09997008e+00  6.65506024e-08 
 7.51100000e-10  0.00000000e+00  1.81140591e-05  1.09997009e+00  1.09997008e+00  6.76194427e-08 
 7.51300000e-10  0.00000000e+00  1.81140598e-05  1.09997009e+00  1.09997008e+00  6.65509193e-08 
 7.51500000e-10  0.00000000e+00  1.81140507e-05  1.09997009e+00  1.09997008e+00  6.76190380e-08 
 7.51700000e-10  0.00000000e+00  1.81140515e-05  1.09997009e+00  1.09997008e+00  6.65512353e-08 
 7.51900000e-10  0.00000000e+00  1.81140426e-05  1.09997009e+00  1.09997008e+00  6.76186365e-08 
 7.52100000e-10  0.00000000e+00  1.81140434e-05  1.09997009e+00  1.09997008e+00  6.65515507e-08 
 7.52300000e-10  0.00000000e+00  1.81140346e-05  1.09997009e+00  1.09997008e+00  6.76182377e-08 
 7.52500000e-10  0.00000000e+00  1.81140355e-05  1.09997009e+00  1.09997008e+00  6.65518653e-08 
 7.52700000e-10  0.00000000e+00  1.81140269e-05  1.09997009e+00  1.09997008e+00  6.76178418e-08 
 7.52900000e-10  0.00000000e+00  1.81140279e-05  1.09997009e+00  1.09997008e+00  6.65521793e-08 
 7.53100000e-10  0.00000000e+00  1.81140193e-05  1.09997009e+00  1.09997008e+00  6.76174486e-08 
 7.53300000e-10  0.00000000e+00  1.81140204e-05  1.09997009e+00  1.09997008e+00  6.65524925e-08 
 7.53500000e-10  0.00000000e+00  1.81140119e-05  1.09997009e+00  1.09997008e+00  6.76170584e-08 
 7.53700000e-10  0.00000000e+00  1.81140131e-05  1.09997009e+00  1.09997008e+00  6.65528046e-08 
 7.53900000e-10  0.00000000e+00  1.81140048e-05  1.09997009e+00  1.09997008e+00  6.76166706e-08 
 7.54100000e-10  0.00000000e+00  1.81140060e-05  1.09997009e+00  1.09997008e+00  6.65531162e-08 
 7.54300000e-10  0.00000000e+00  1.81139978e-05  1.09997009e+00  1.09997008e+00  6.76162858e-08 
 7.54500000e-10  0.00000000e+00  1.81139990e-05  1.09997009e+00  1.09997008e+00  6.65534270e-08 
 7.54700000e-10  0.00000000e+00  1.81139909e-05  1.09997009e+00  1.09997008e+00  6.76159032e-08 
 7.54900000e-10  0.00000000e+00  1.81139923e-05  1.09997009e+00  1.09997008e+00  6.65537369e-08 
 7.55100000e-10  0.00000000e+00  1.81139843e-05  1.09997009e+00  1.09997008e+00  6.76155237e-08 
 7.55300000e-10  0.00000000e+00  1.81139857e-05  1.09997009e+00  1.09997008e+00  6.65540460e-08 
 7.55500000e-10  0.00000000e+00  1.81139778e-05  1.09997009e+00  1.09997008e+00  6.76151467e-08 
 7.55700000e-10  0.00000000e+00  1.81139793e-05  1.09997009e+00  1.09997008e+00  6.65543542e-08 
 7.55900000e-10  0.00000000e+00  1.81139715e-05  1.09997009e+00  1.09997008e+00  6.76147724e-08 
 7.56100000e-10  0.00000000e+00  1.81139730e-05  1.09997009e+00  1.09997008e+00  6.65546614e-08 
 7.56300000e-10  0.00000000e+00  1.81139653e-05  1.09997009e+00  1.09997008e+00  6.76144003e-08 
 7.56500000e-10  0.00000000e+00  1.81139669e-05  1.09997009e+00  1.09997008e+00  6.65549681e-08 
 7.56700000e-10  0.00000000e+00  1.81139593e-05  1.09997009e+00  1.09997008e+00  6.76140308e-08 
 7.56900000e-10  0.00000000e+00  1.81139609e-05  1.09997009e+00  1.09997008e+00  6.65552737e-08 
 7.57100000e-10  0.00000000e+00  1.81139534e-05  1.09997009e+00  1.09997008e+00  6.76136642e-08 
 7.57300000e-10  0.00000000e+00  1.81139551e-05  1.09997009e+00  1.09997008e+00  6.65555782e-08 
 7.57500000e-10  0.00000000e+00  1.81139477e-05  1.09997009e+00  1.09997008e+00  6.76132996e-08 
 7.57700000e-10  0.00000000e+00  1.81139495e-05  1.09997009e+00  1.09997008e+00  6.65558821e-08 
 7.57900000e-10  0.00000000e+00  1.81139422e-05  1.09997009e+00  1.09997008e+00  6.76129375e-08 
 7.58100000e-10  0.00000000e+00  1.81139439e-05  1.09997009e+00  1.09997008e+00  6.65561848e-08 
 7.58300000e-10  0.00000000e+00  1.81139367e-05  1.09997009e+00  1.09997008e+00  6.76125778e-08 
 7.58500000e-10  0.00000000e+00  1.81139386e-05  1.09997009e+00  1.09997008e+00  6.65564867e-08 
 7.58700000e-10  0.00000000e+00  1.81139314e-05  1.09997009e+00  1.09997008e+00  6.76122207e-08 
 7.58900000e-10  0.00000000e+00  1.81139333e-05  1.09997009e+00  1.09997008e+00  6.65567876e-08 
 7.59100000e-10  0.00000000e+00  1.81139263e-05  1.09997009e+00  1.09997009e+00  6.76118658e-08 
 7.59300000e-10  0.00000000e+00  1.81139282e-05  1.09997009e+00  1.09997009e+00  6.65570876e-08 
 7.59500000e-10  0.00000000e+00  1.81139212e-05  1.09997009e+00  1.09997009e+00  6.76115132e-08 
 7.59700000e-10  0.00000000e+00  1.81139232e-05  1.09997009e+00  1.09997009e+00  6.65573868e-08 
 7.59900000e-10  0.00000000e+00  1.81139163e-05  1.09997009e+00  1.09997009e+00  6.76111629e-08 
 7.60100000e-10  0.00000000e+00  1.81139183e-05  1.09997009e+00  1.09997009e+00  6.65576848e-08 
 7.60300000e-10  0.00000000e+00  1.81139116e-05  1.09997009e+00  1.09997009e+00  6.76108148e-08 
 7.60500000e-10  0.00000000e+00  1.81139136e-05  1.09997009e+00  1.09997009e+00  6.65579819e-08 
 7.60700000e-10  0.00000000e+00  1.81139069e-05  1.09997009e+00  1.09997009e+00  6.76104690e-08 
 7.60900000e-10  0.00000000e+00  1.81139090e-05  1.09997009e+00  1.09997009e+00  6.65582781e-08 
 7.61100000e-10  0.00000000e+00  1.81139024e-05  1.09997009e+00  1.09997009e+00  6.76101256e-08 
 7.61300000e-10  0.00000000e+00  1.81139045e-05  1.09997009e+00  1.09997009e+00  6.65585732e-08 
 7.61500000e-10  0.00000000e+00  1.81138979e-05  1.09997009e+00  1.09997009e+00  6.76097841e-08 
 7.61700000e-10  0.00000000e+00  1.81139001e-05  1.09997009e+00  1.09997009e+00  6.65588671e-08 
 7.61900000e-10  0.00000000e+00  1.81138936e-05  1.09997009e+00  1.09997009e+00  6.76094449e-08 
 7.62100000e-10  0.00000000e+00  1.81138958e-05  1.09997009e+00  1.09997009e+00  6.65591604e-08 
 7.62300000e-10  0.00000000e+00  1.81138894e-05  1.09997009e+00  1.09997009e+00  6.76091079e-08 
 7.62500000e-10  0.00000000e+00  1.81138916e-05  1.09997009e+00  1.09997009e+00  6.65594524e-08 
 7.62700000e-10  0.00000000e+00  1.81138853e-05  1.09997009e+00  1.09997009e+00  6.76087730e-08 
 7.62900000e-10  0.00000000e+00  1.81138875e-05  1.09997009e+00  1.09997009e+00  6.65597434e-08 
 7.63100000e-10  0.00000000e+00  1.81138813e-05  1.09997009e+00  1.09997009e+00  6.76084403e-08 
 7.63300000e-10  0.00000000e+00  1.81138836e-05  1.09997009e+00  1.09997009e+00  6.65600334e-08 
 7.63500000e-10  0.00000000e+00  1.81138774e-05  1.09997009e+00  1.09997009e+00  6.76081096e-08 
 7.63700000e-10  0.00000000e+00  1.81138797e-05  1.09997009e+00  1.09997009e+00  6.65603225e-08 
 7.63900000e-10  0.00000000e+00  1.81138736e-05  1.09997009e+00  1.09997009e+00  6.76077809e-08 
 7.64100000e-10  0.00000000e+00  1.81138759e-05  1.09997009e+00  1.09997009e+00  6.65606104e-08 
 7.64300000e-10  0.00000000e+00  1.81138699e-05  1.09997009e+00  1.09997009e+00  6.76074546e-08 
 7.64500000e-10  0.00000000e+00  1.81138722e-05  1.09997009e+00  1.09997009e+00  6.65608972e-08 
 7.64700000e-10  0.00000000e+00  1.81138663e-05  1.09997009e+00  1.09997009e+00  6.76071298e-08 
 7.64900000e-10  0.00000000e+00  1.81138687e-05  1.09997009e+00  1.09997009e+00  6.65611830e-08 
 7.65100000e-10  0.00000000e+00  1.81138627e-05  1.09997009e+00  1.09997009e+00  6.76068073e-08 
 7.65300000e-10  0.00000000e+00  1.81138652e-05  1.09997009e+00  1.09997009e+00  6.65614679e-08 
 7.65500000e-10  0.00000000e+00  1.81138593e-05  1.09997009e+00  1.09997009e+00  6.76064868e-08 
 7.65700000e-10  0.00000000e+00  1.81138617e-05  1.09997009e+00  1.09997009e+00  6.65617516e-08 
 7.65900000e-10  0.00000000e+00  1.81138560e-05  1.09997009e+00  1.09997009e+00  6.76061682e-08 
 7.66100000e-10  0.00000000e+00  1.81138584e-05  1.09997009e+00  1.09997009e+00  6.65620344e-08 
 7.66300000e-10  0.00000000e+00  1.81138527e-05  1.09997009e+00  1.09997009e+00  6.76058514e-08 
 7.66500000e-10  0.00000000e+00  1.81138552e-05  1.09997009e+00  1.09997009e+00  6.65623159e-08 
 7.66700000e-10  0.00000000e+00  1.81138495e-05  1.09997009e+00  1.09997009e+00  6.76055369e-08 
 7.66900000e-10  0.00000000e+00  1.81138520e-05  1.09997009e+00  1.09997009e+00  6.65625966e-08 
 7.67100000e-10  0.00000000e+00  1.81138464e-05  1.09997009e+00  1.09997009e+00  6.76052240e-08 
 7.67300000e-10  0.00000000e+00  1.81138489e-05  1.09997009e+00  1.09997009e+00  6.65628761e-08 
 7.67500000e-10  0.00000000e+00  1.81138434e-05  1.09997009e+00  1.09997009e+00  6.76049131e-08 
 7.67700000e-10  0.00000000e+00  1.81138459e-05  1.09997009e+00  1.09997009e+00  6.65631545e-08 
 7.67900000e-10  0.00000000e+00  1.81138404e-05  1.09997009e+00  1.09997009e+00  6.76046040e-08 
 7.68100000e-10  0.00000000e+00  1.81138430e-05  1.09997009e+00  1.09997009e+00  6.65634317e-08 
 7.68300000e-10  0.00000000e+00  1.81138376e-05  1.09997009e+00  1.09997009e+00  6.76042970e-08 
 7.68500000e-10  0.00000000e+00  1.81138401e-05  1.09997009e+00  1.09997009e+00  6.65637080e-08 
 7.68700000e-10  0.00000000e+00  1.81138348e-05  1.09997009e+00  1.09997009e+00  6.76039916e-08 
 7.68900000e-10  0.00000000e+00  1.81138374e-05  1.09997009e+00  1.09997009e+00  6.65639831e-08 
 7.69100000e-10  0.00000000e+00  1.81138320e-05  1.09997009e+00  1.09997009e+00  6.76036881e-08 
 7.69300000e-10  0.00000000e+00  1.81138346e-05  1.09997009e+00  1.09997009e+00  6.65642571e-08 
 7.69500000e-10  0.00000000e+00  1.81138294e-05  1.09997009e+00  1.09997009e+00  6.76033865e-08 
 7.69700000e-10  0.00000000e+00  1.81138320e-05  1.09997009e+00  1.09997009e+00  6.65645303e-08 
 7.69900000e-10  0.00000000e+00  1.81138268e-05  1.09997009e+00  1.09997009e+00  6.76030866e-08 
 7.70100000e-10  0.00000000e+00  1.81138294e-05  1.09997009e+00  1.09997009e+00  6.65648020e-08 
 7.70300000e-10  0.00000000e+00  1.81138242e-05  1.09997009e+00  1.09997009e+00  6.76027883e-08 
 7.70500000e-10  0.00000000e+00  1.81138269e-05  1.09997009e+00  1.09997009e+00  6.65650730e-08 
 7.70700000e-10  0.00000000e+00  1.81138218e-05  1.09997009e+00  1.09997009e+00  6.76024922e-08 
 7.70900000e-10  0.00000000e+00  1.81138244e-05  1.09997009e+00  1.09997009e+00  6.65653426e-08 
 7.71100000e-10  0.00000000e+00  1.81138194e-05  1.09997009e+00  1.09997009e+00  6.76021976e-08 
 7.71300000e-10  0.00000000e+00  1.81138220e-05  1.09997009e+00  1.09997009e+00  6.65656112e-08 
 7.71500000e-10  0.00000000e+00  1.81138170e-05  1.09997009e+00  1.09997009e+00  6.76019048e-08 
 7.71700000e-10  0.00000000e+00  1.81138197e-05  1.09997009e+00  1.09997009e+00  6.65658790e-08 
 7.71900000e-10  0.00000000e+00  1.81138147e-05  1.09997009e+00  1.09997009e+00  6.76016135e-08 
 7.72100000e-10  0.00000000e+00  1.81138174e-05  1.09997009e+00  1.09997009e+00  6.65661454e-08 
 7.72300000e-10  0.00000000e+00  1.81138125e-05  1.09997009e+00  1.09997009e+00  6.76013239e-08 
 7.72500000e-10  0.00000000e+00  1.81138152e-05  1.09997009e+00  1.09997009e+00  6.65664106e-08 
 7.72700000e-10  0.00000000e+00  1.81138103e-05  1.09997009e+00  1.09997009e+00  6.76010361e-08 
 7.72900000e-10  0.00000000e+00  1.81138130e-05  1.09997009e+00  1.09997009e+00  6.65666749e-08 
 7.73100000e-10  0.00000000e+00  1.81138082e-05  1.09997009e+00  1.09997009e+00  6.76007501e-08 
 7.73300000e-10  0.00000000e+00  1.81138109e-05  1.09997009e+00  1.09997009e+00  6.65669380e-08 
 7.73500000e-10  0.00000000e+00  1.81138062e-05  1.09997009e+00  1.09997009e+00  6.76004656e-08 
 7.73700000e-10  0.00000000e+00  1.81138089e-05  1.09997009e+00  1.09997009e+00  6.65672001e-08 
 7.73900000e-10  0.00000000e+00  1.81138041e-05  1.09997009e+00  1.09997009e+00  6.76001827e-08 
 7.74100000e-10  0.00000000e+00  1.81138069e-05  1.09997009e+00  1.09997009e+00  6.65674609e-08 
 7.74300000e-10  0.00000000e+00  1.81138022e-05  1.09997009e+00  1.09997009e+00  6.75999016e-08 
 7.74500000e-10  0.00000000e+00  1.81138049e-05  1.09997009e+00  1.09997009e+00  6.65677211e-08 
 7.74700000e-10  0.00000000e+00  1.81138003e-05  1.09997009e+00  1.09997009e+00  6.75996221e-08 
 7.74900000e-10  0.00000000e+00  1.81138030e-05  1.09997009e+00  1.09997009e+00  6.65679800e-08 
 7.75100000e-10  0.00000000e+00  1.81137984e-05  1.09997009e+00  1.09997009e+00  6.75993441e-08 
 7.75300000e-10  0.00000000e+00  1.81138012e-05  1.09997009e+00  1.09997009e+00  6.65682374e-08 
 7.75500000e-10  0.00000000e+00  1.81137966e-05  1.09997009e+00  1.09997009e+00  6.75990678e-08 
 7.75700000e-10  0.00000000e+00  1.81137993e-05  1.09997009e+00  1.09997009e+00  6.65684940e-08 
 7.75900000e-10  0.00000000e+00  1.81137948e-05  1.09997009e+00  1.09997009e+00  6.75987928e-08 
 7.76100000e-10  0.00000000e+00  1.81137976e-05  1.09997009e+00  1.09997009e+00  6.65687495e-08 
 7.76300000e-10  0.00000000e+00  1.81137931e-05  1.09997009e+00  1.09997009e+00  6.75985195e-08 
 7.76500000e-10  0.00000000e+00  1.81137959e-05  1.09997009e+00  1.09997009e+00  6.65690040e-08 
 7.76700000e-10  0.00000000e+00  1.81137914e-05  1.09997009e+00  1.09997009e+00  6.75982478e-08 
 7.76900000e-10  0.00000000e+00  1.81137942e-05  1.09997009e+00  1.09997009e+00  6.65692573e-08 
 7.77100000e-10  0.00000000e+00  1.81137898e-05  1.09997009e+00  1.09997009e+00  6.75979777e-08 
 7.77300000e-10  0.00000000e+00  1.81137925e-05  1.09997009e+00  1.09997009e+00  6.65695095e-08 
 7.77500000e-10  0.00000000e+00  1.81137882e-05  1.09997009e+00  1.09997009e+00  6.75977091e-08 
 7.77700000e-10  0.00000000e+00  1.81137909e-05  1.09997009e+00  1.09997009e+00  6.65697605e-08 
 7.77900000e-10  0.00000000e+00  1.81137866e-05  1.09997009e+00  1.09997009e+00  6.75974420e-08 
 7.78100000e-10  0.00000000e+00  1.81137894e-05  1.09997009e+00  1.09997009e+00  6.65700105e-08 
 7.78300000e-10  0.00000000e+00  1.81137851e-05  1.09997009e+00  1.09997009e+00  6.75971764e-08 
 7.78500000e-10  0.00000000e+00  1.81137879e-05  1.09997009e+00  1.09997009e+00  6.65702597e-08 
 7.78700000e-10  0.00000000e+00  1.81137836e-05  1.09997009e+00  1.09997009e+00  6.75969123e-08 
 7.78900000e-10  0.00000000e+00  1.81137864e-05  1.09997009e+00  1.09997009e+00  6.65705076e-08 
 7.79100000e-10  0.00000000e+00  1.81137822e-05  1.09997009e+00  1.09997009e+00  6.75966496e-08 
 7.79300000e-10  0.00000000e+00  1.81137849e-05  1.09997009e+00  1.09997009e+00  6.65707545e-08 
 7.79500000e-10  0.00000000e+00  1.81137807e-05  1.09997009e+00  1.09997009e+00  6.75963884e-08 
 7.79700000e-10  0.00000000e+00  1.81137835e-05  1.09997009e+00  1.09997009e+00  6.65710000e-08 
 7.79900000e-10  0.00000000e+00  1.81137794e-05  1.09997009e+00  1.09997009e+00  6.75961286e-08 
 7.80100000e-10  0.00000000e+00  1.81137822e-05  1.09997009e+00  1.09997009e+00  6.65712448e-08 
 7.80300000e-10  0.00000000e+00  1.81137780e-05  1.09997009e+00  1.09997009e+00  6.75958704e-08 
 7.80500000e-10  0.00000000e+00  1.81137808e-05  1.09997009e+00  1.09997009e+00  6.65714883e-08 
 7.80700000e-10  0.00000000e+00  1.81137767e-05  1.09997009e+00  1.09997009e+00  6.75956135e-08 
 7.80900000e-10  0.00000000e+00  1.81137795e-05  1.09997009e+00  1.09997009e+00  6.65717307e-08 
 7.81100000e-10  0.00000000e+00  1.81137755e-05  1.09997009e+00  1.09997009e+00  6.75953581e-08 
 7.81300000e-10  0.00000000e+00  1.81137782e-05  1.09997009e+00  1.09997009e+00  6.65719721e-08 
 7.81500000e-10  0.00000000e+00  1.81137742e-05  1.09997009e+00  1.09997009e+00  6.75951040e-08 
 7.81700000e-10  0.00000000e+00  1.81137770e-05  1.09997009e+00  1.09997009e+00  6.65722124e-08 
 7.81900000e-10  0.00000000e+00  1.81137730e-05  1.09997009e+00  1.09997009e+00  6.75948515e-08 
 7.82100000e-10  0.00000000e+00  1.81137758e-05  1.09997009e+00  1.09997009e+00  6.65724516e-08 
 7.82300000e-10  0.00000000e+00  1.81137718e-05  1.09997009e+00  1.09997009e+00  6.75946003e-08 
 7.82500000e-10  0.00000000e+00  1.81137746e-05  1.09997009e+00  1.09997009e+00  6.65726898e-08 
 7.82700000e-10  0.00000000e+00  1.81137707e-05  1.09997009e+00  1.09997009e+00  6.75943504e-08 
 7.82900000e-10  0.00000000e+00  1.81137735e-05  1.09997009e+00  1.09997009e+00  6.65729269e-08 
 7.83100000e-10  0.00000000e+00  1.81137696e-05  1.09997009e+00  1.09997009e+00  6.75941018e-08 
 7.83300000e-10  0.00000000e+00  1.81137723e-05  1.09997009e+00  1.09997009e+00  6.65731631e-08 
 7.83500000e-10  0.00000000e+00  1.81137685e-05  1.09997009e+00  1.09997009e+00  6.75938547e-08 
 7.83700000e-10  0.00000000e+00  1.81137713e-05  1.09997009e+00  1.09997009e+00  6.65733979e-08 
 7.83900000e-10  0.00000000e+00  1.81137674e-05  1.09997009e+00  1.09997009e+00  6.75936091e-08 
 7.84100000e-10  0.00000000e+00  1.81137702e-05  1.09997009e+00  1.09997009e+00  6.65736320e-08 
 7.84300000e-10  0.00000000e+00  1.81137664e-05  1.09997009e+00  1.09997009e+00  6.75933645e-08 
 7.84500000e-10  0.00000000e+00  1.81137691e-05  1.09997009e+00  1.09997009e+00  6.65738648e-08 
 7.84700000e-10  0.00000000e+00  1.81137654e-05  1.09997009e+00  1.09997009e+00  6.75931214e-08 
 7.84900000e-10  0.00000000e+00  1.81137681e-05  1.09997009e+00  1.09997009e+00  6.65740966e-08 
 7.85100000e-10  0.00000000e+00  1.81137644e-05  1.09997009e+00  1.09997009e+00  6.75928798e-08 
 7.85300000e-10  0.00000000e+00  1.81137671e-05  1.09997009e+00  1.09997009e+00  6.65743274e-08 
 7.85500000e-10  0.00000000e+00  1.81137634e-05  1.09997009e+00  1.09997009e+00  6.75926394e-08 
 7.85700000e-10  0.00000000e+00  1.81137662e-05  1.09997009e+00  1.09997009e+00  6.65745570e-08 
 7.85900000e-10  0.00000000e+00  1.81137625e-05  1.09997009e+00  1.09997009e+00  6.75924003e-08 
 7.86100000e-10  0.00000000e+00  1.81137652e-05  1.09997009e+00  1.09997009e+00  6.65747857e-08 
 7.86300000e-10  0.00000000e+00  1.81137616e-05  1.09997009e+00  1.09997009e+00  6.75921625e-08 
 7.86500000e-10  0.00000000e+00  1.81137643e-05  1.09997009e+00  1.09997009e+00  6.65750134e-08 
 7.86700000e-10  0.00000000e+00  1.81137607e-05  1.09997009e+00  1.09997009e+00  6.75919259e-08 
 7.86900000e-10  0.00000000e+00  1.81137634e-05  1.09997009e+00  1.09997009e+00  6.65752399e-08 
 7.87100000e-10  0.00000000e+00  1.81137598e-05  1.09997009e+00  1.09997009e+00  6.75916905e-08 
 7.87300000e-10  0.00000000e+00  1.81137626e-05  1.09997009e+00  1.09997009e+00  6.65754656e-08 
 7.87500000e-10  0.00000000e+00  1.81137590e-05  1.09997009e+00  1.09997009e+00  6.75914563e-08 
 7.87700000e-10  0.00000000e+00  1.81137617e-05  1.09997009e+00  1.09997009e+00  6.65756900e-08 
 7.87900000e-10  0.00000000e+00  1.81137581e-05  1.09997009e+00  1.09997009e+00  6.75912238e-08 
 7.88100000e-10  0.00000000e+00  1.81137609e-05  1.09997009e+00  1.09997009e+00  6.65759134e-08 
 7.88300000e-10  0.00000000e+00  1.81137573e-05  1.09997009e+00  1.09997009e+00  6.75909922e-08 
 7.88500000e-10  0.00000000e+00  1.81137601e-05  1.09997009e+00  1.09997009e+00  6.65761360e-08 
 7.88700000e-10  0.00000000e+00  1.81137566e-05  1.09997009e+00  1.09997009e+00  6.75907621e-08 
 7.88900000e-10  0.00000000e+00  1.81137593e-05  1.09997009e+00  1.09997009e+00  6.65763574e-08 
 7.89100000e-10  0.00000000e+00  1.81137558e-05  1.09997009e+00  1.09997009e+00  6.75905331e-08 
 7.89300000e-10  0.00000000e+00  1.81137585e-05  1.09997009e+00  1.09997009e+00  6.65765778e-08 
 7.89500000e-10  0.00000000e+00  1.81137550e-05  1.09997009e+00  1.09997009e+00  6.75903052e-08 
 7.89700000e-10  0.00000000e+00  1.81137578e-05  1.09997009e+00  1.09997009e+00  6.65767971e-08 
 7.89900000e-10  0.00000000e+00  1.81137543e-05  1.09997009e+00  1.09997009e+00  6.75900785e-08 
 7.90100000e-10  0.00000000e+00  1.81137570e-05  1.09997009e+00  1.09997009e+00  6.65770155e-08 
 7.90300000e-10  0.00000000e+00  1.81137536e-05  1.09997009e+00  1.09997009e+00  6.75898531e-08 
 7.90500000e-10  0.00000000e+00  1.81137563e-05  1.09997009e+00  1.09997009e+00  6.65772329e-08 
 7.90700000e-10  0.00000000e+00  1.81137529e-05  1.09997009e+00  1.09997009e+00  6.75896290e-08 
 7.90900000e-10  0.00000000e+00  1.81137556e-05  1.09997009e+00  1.09997009e+00  6.65774491e-08 
 7.91100000e-10  0.00000000e+00  1.81137523e-05  1.09997009e+00  1.09997009e+00  6.75894061e-08 
 7.91300000e-10  0.00000000e+00  1.81137550e-05  1.09997009e+00  1.09997009e+00  6.65776644e-08 
 7.91500000e-10  0.00000000e+00  1.81137516e-05  1.09997009e+00  1.09997009e+00  6.75891843e-08 
 7.91700000e-10  0.00000000e+00  1.81137543e-05  1.09997009e+00  1.09997009e+00  6.65778787e-08 
 7.91900000e-10  0.00000000e+00  1.81137510e-05  1.09997009e+00  1.09997009e+00  6.75889635e-08 
 7.92100000e-10  0.00000000e+00  1.81137536e-05  1.09997009e+00  1.09997009e+00  6.65780920e-08 
 7.92300000e-10  0.00000000e+00  1.81137503e-05  1.09997009e+00  1.09997009e+00  6.75887442e-08 
 7.92500000e-10  0.00000000e+00  1.81137530e-05  1.09997009e+00  1.09997009e+00  6.65783044e-08 
 7.92700000e-10  0.00000000e+00  1.81137497e-05  1.09997009e+00  1.09997009e+00  6.75885259e-08 
 7.92900000e-10  0.00000000e+00  1.81137524e-05  1.09997009e+00  1.09997009e+00  6.65785157e-08 
 7.93100000e-10  0.00000000e+00  1.81137491e-05  1.09997009e+00  1.09997009e+00  6.75883088e-08 
 7.93300000e-10  0.00000000e+00  1.81137518e-05  1.09997009e+00  1.09997009e+00  6.65787260e-08 
 7.93500000e-10  0.00000000e+00  1.81137486e-05  1.09997009e+00  1.09997009e+00  6.75880929e-08 
 7.93700000e-10  0.00000000e+00  1.81137512e-05  1.09997009e+00  1.09997009e+00  6.65789354e-08 
 7.93900000e-10  0.00000000e+00  1.81137480e-05  1.09997009e+00  1.09997009e+00  6.75878781e-08 
 7.94100000e-10  0.00000000e+00  1.81137507e-05  1.09997009e+00  1.09997009e+00  6.65791437e-08 
 7.94300000e-10  0.00000000e+00  1.81137475e-05  1.09997009e+00  1.09997009e+00  6.75876643e-08 
 7.94500000e-10  0.00000000e+00  1.81137501e-05  1.09997009e+00  1.09997009e+00  6.65793511e-08 
 7.94700000e-10  0.00000000e+00  1.81137469e-05  1.09997009e+00  1.09997009e+00  6.75874518e-08 
 7.94900000e-10  0.00000000e+00  1.81137496e-05  1.09997009e+00  1.09997009e+00  6.65795574e-08 
 7.95100000e-10  0.00000000e+00  1.81137464e-05  1.09997009e+00  1.09997009e+00  6.75872404e-08 
 7.95300000e-10  0.00000000e+00  1.81137490e-05  1.09997009e+00  1.09997009e+00  6.65797628e-08 
 7.95500000e-10  0.00000000e+00  1.81137459e-05  1.09997009e+00  1.09997009e+00  6.75870300e-08 
 7.95700000e-10  0.00000000e+00  1.81137485e-05  1.09997009e+00  1.09997009e+00  6.65799673e-08 
 7.95900000e-10  0.00000000e+00  1.81137454e-05  1.09997009e+00  1.09997009e+00  6.75868207e-08 
 7.96100000e-10  0.00000000e+00  1.81137480e-05  1.09997009e+00  1.09997009e+00  6.65801707e-08 
 7.96300000e-10  0.00000000e+00  1.81137449e-05  1.09997009e+00  1.09997009e+00  6.75866127e-08 
 7.96500000e-10  0.00000000e+00  1.81137475e-05  1.09997009e+00  1.09997009e+00  6.65803733e-08 
 7.96700000e-10  0.00000000e+00  1.81137445e-05  1.09997009e+00  1.09997009e+00  6.75864056e-08 
 7.96900000e-10  0.00000000e+00  1.81137471e-05  1.09997009e+00  1.09997009e+00  6.65805748e-08 
 7.97100000e-10  0.00000000e+00  1.81137440e-05  1.09997009e+00  1.09997009e+00  6.75861997e-08 
 7.97300000e-10  0.00000000e+00  1.81137466e-05  1.09997009e+00  1.09997009e+00  6.65807754e-08 
 7.97500000e-10  0.00000000e+00  1.81137436e-05  1.09997009e+00  1.09997009e+00  6.75859947e-08 
 7.97700000e-10  0.00000000e+00  1.81137461e-05  1.09997009e+00  1.09997009e+00  6.65809749e-08 
 7.97900000e-10  0.00000000e+00  1.81137431e-05  1.09997009e+00  1.09997009e+00  6.75857908e-08 
 7.98100000e-10  0.00000000e+00  1.81137457e-05  1.09997009e+00  1.09997009e+00  6.65811737e-08 
 7.98300000e-10  0.00000000e+00  1.81137427e-05  1.09997009e+00  1.09997009e+00  6.75855883e-08 
 7.98500000e-10  0.00000000e+00  1.81137453e-05  1.09997009e+00  1.09997009e+00  6.65813714e-08 
 7.98700000e-10  0.00000000e+00  1.81137423e-05  1.09997009e+00  1.09997009e+00  6.75853865e-08 
 7.98900000e-10  0.00000000e+00  1.81137448e-05  1.09997009e+00  1.09997009e+00  6.65815682e-08 
 7.99100000e-10  0.00000000e+00  1.81137419e-05  1.09997009e+00  1.09997009e+00  6.75851858e-08 
 7.99300000e-10  0.00000000e+00  1.81137444e-05  1.09997009e+00  1.09997009e+00  6.65817642e-08 
 7.99500000e-10  0.00000000e+00  1.81137415e-05  1.09997009e+00  1.09997009e+00  6.75849862e-08 
 7.99700000e-10  0.00000000e+00  1.81137440e-05  1.09997009e+00  1.09997009e+00  6.65819591e-08 
 7.99900000e-10  0.00000000e+00  1.81137411e-05  1.09997009e+00  1.09997009e+00  6.75847878e-08 
 8.00000000e-10  0.00000000e+00  1.81137437e-05  1.09997009e+00  1.09997009e+00  6.65822511e-08 
 8.00020000e-10  2.20000000e-03  2.17708479e-05  1.09997166e+00  1.09997009e+00 -7.73753155e-08 
 8.00060000e-10  6.60000000e-03  3.62630396e-05  1.09997791e+00  1.09997011e+00 -3.94099878e-07 
 8.00140000e-10  1.54000000e-02  1.08413036e-04  1.10001049e+00  1.09997030e+00 -9.60749269e-07 
 8.00300000e-10  3.30000000e-02  4.26507016e-04  1.10016517e+00  1.09997217e+00 -1.82033073e-06 
 8.00500000e-10  5.50000000e-02  1.13581554e-03  1.10043791e+00  1.09997869e+00 -3.66978667e-06 
 8.00700000e-10  7.70000000e-02  2.18181823e-03  1.10075829e+00  1.09999095e+00 -4.99998744e-06 
 8.00900000e-10  9.90000000e-02  3.55685581e-03  1.10110102e+00  1.10000954e+00 -6.89942575e-06 
 8.01100000e-10  1.21000000e-01  5.25413395e-03  1.10145373e+00  1.10003465e+00 -8.26170367e-06 
 8.01300000e-10  1.43000000e-01  7.26820232e-03  1.10180985e+00  1.10006627e+00 -1.01278872e-05 
 8.01500000e-10  1.65000000e-01  9.59349794e-03  1.10216648e+00  1.10010433e+00 -1.14775247e-05 
 8.01700000e-10  1.87000000e-01  1.22252225e-02  1.10252178e+00  1.10014868e+00 -1.32906213e-05 
 8.01900000e-10  2.09000000e-01  1.51582523e-02  1.10287527e+00  1.10019918e+00 -1.46151588e-05 
 8.02100000e-10  2.31000000e-01  1.83880449e-02  1.10322629e+00  1.10025564e+00 -1.63712351e-05 
 8.02300000e-10  2.53000000e-01  2.19097100e-02  1.10357497e+00  1.10031792e+00 -1.76664434e-05 
 8.02500000e-10  2.75000000e-01  2.57188592e-02  1.10392092e+00  1.10038584e+00 -1.93653576e-05 
 8.02700000e-10  2.97000000e-01  2.98107786e-02  1.10426441e+00  1.10045924e+00 -2.06290609e-05 
 8.02900000e-10  3.19000000e-01  3.41812067e-02  1.10460510e+00  1.10053797e+00 -2.22713355e-05 
 8.03100000e-10  3.41000000e-01  3.88255866e-02  1.10494325e+00  1.10062185e+00 -2.35017461e-05 
 8.03300000e-10  3.63000000e-01  4.37397751e-02  1.10527850e+00  1.10071074e+00 -2.50876860e-05 
 8.03500000e-10  3.85000000e-01  4.89193621e-02  1.10561106e+00  1.10080449e+00 -2.62828447e-05 
 8.03700000e-10  4.07000000e-01  5.43603174e-02  1.10594052e+00  1.10090293e+00 -2.78121730e-05 
 8.03900000e-10  4.29000000e-01  6.00583689e-02  1.10626697e+00  1.10100591e+00 -2.89696096e-05 
 8.04100000e-10  4.51000000e-01  6.60095932e-02  1.10658990e+00  1.10111329e+00 -3.04411559e-05 
 8.04300000e-10  4.73000000e-01  7.22098459e-02  1.10690927e+00  1.10122490e+00 -3.15575117e-05 
 8.04500000e-10  4.95000000e-01  7.86553012e-02  1.10722439e+00  1.10134058e+00 -3.29687944e-05 
 8.04700000e-10  5.17000000e-01  8.53419286e-02  1.10753500e+00  1.10146017e+00 -3.40392922e-05 
 8.04900000e-10  5.39000000e-01  9.22659859e-02  1.10784014e+00  1.10158348e+00 -3.53858992e-05 
 8.05100000e-10  5.61000000e-01  9.94235361e-02  1.10813921e+00  1.10171034e+00 -3.64035646e-05 
 8.05300000e-10  5.83000000e-01  1.06810899e-01  1.10843085e+00  1.10184053e+00 -3.76782268e-05 
 8.05500000e-10  6.05000000e-01  1.14424203e-01  1.10871393e+00  1.10197384e+00 -3.86327442e-05 
 8.05700000e-10  6.27000000e-01  1.22259794e-01  1.10898646e+00  1.10211000e+00 -3.98239728e-05 
 8.05900000e-10  6.49000000e-01  1.30313821e-01  1.10924653e+00  1.10224874e+00 -4.07000335e-05 
 8.06100000e-10  6.71000000e-01  1.38582605e-01  1.10949122e+00  1.10238974e+00 -4.17901739e-05 
 8.06300000e-10  6.93000000e-01  1.47062243e-01  1.10971748e+00  1.10253260e+00 -4.25651796e-05 
 8.06500000e-10  7.15000000e-01  1.55748943e-01  1.10992103e+00  1.10267689e+00 -4.35277830e-05 
 8.06700000e-10  7.37000000e-01  1.64638638e-01  1.11009721e+00  1.10282208e+00 -4.41688836e-05 
 8.06900000e-10  7.59000000e-01  1.73727281e-01  1.11023988e+00  1.10296756e+00 -4.49655120e-05 
 8.07100000e-10  7.81000000e-01  1.83010468e-01  1.11034224e+00  1.10311258e+00 -4.54263144e-05 
 8.07300000e-10  8.03000000e-01  1.92483687e-01  1.11039582e+00  1.10325627e+00 -4.60034361e-05 
 8.07500000e-10  8.25000000e-01  2.02141953e-01  1.11039126e+00  1.10339760e+00 -4.62214479e-05 
 8.07700000e-10  8.47000000e-01  2.11980043e-01  1.11031747e+00  1.10353536e+00 -4.65089442e-05 
 8.07900000e-10  8.69000000e-01  2.21992166e-01  1.11016246e+00  1.10366812e+00 -4.64057022e-05 
 8.08100000e-10  8.91000000e-01  2.32172250e-01  1.10991263e+00  1.10379425e+00 -4.63192046e-05 
 8.08300000e-10  9.13000000e-01  2.42513754e-01  1.10955370e+00  1.10391185e+00 -4.58052588e-05 
 8.08500000e-10  9.35000000e-01  2.53010126e-01  1.10907011e+00  1.10401878e+00 -4.52540236e-05 
 8.08700000e-10  9.57000000e-01  2.63654845e-01  1.10844608e+00  1.10411263e+00 -4.42396281e-05 
 8.08900000e-10  9.79000000e-01  2.74442042e-01  1.10766527e+00  1.10419071e+00 -4.31396925e-05 
 8.09100000e-10  1.00100000e+00  2.85366599e-01  1.10671207e+00  1.10425008e+00 -4.15497958e-05 
 8.09300000e-10  1.02300000e+00  2.96424619e-01  1.10557169e+00  1.10428754e+00 -3.98399835e-05 
 8.09500000e-10  1.04500000e+00  3.07613228e-01  1.10423156e+00  1.10429970e+00 -3.76301906e-05 
 8.09700000e-10  1.06700000e+00  3.18930681e-01  1.10268138e+00  1.10428300e+00 -3.52867232e-05 
 8.09900000e-10  1.08900000e+00  3.30375908e-01  1.10091394e+00  1.10423379e+00 -3.24549978e-05 
 8.10000000e-10  1.10000000e+00  3.36148404e-01  1.09996071e+00  1.10419601e+00 -3.07482239e-05 
 8.10020000e-10  1.10000000e+00  3.37311048e-01  1.09981248e+00  1.10418726e+00 -2.77642079e-05 
 8.10060000e-10  1.10000000e+00  3.39632758e-01  1.09950407e+00  1.10416918e+00 -2.63839961e-05 
 8.10140000e-10  1.10000000e+00  3.44248738e-01  1.09882455e+00  1.10412930e+00 -2.47554649e-05 
 8.10300000e-10  1.10000000e+00  3.53373162e-01  1.09724558e+00  1.10403257e+00 -2.04363018e-05 
 8.10500000e-10  1.10000000e+00  3.64587884e-01  1.09492568e+00  1.10387520e+00 -1.56188365e-05 
 8.10700000e-10  1.10000000e+00  3.75601556e-01  1.09229504e+00  1.10367194e+00 -1.01734766e-05 
 8.10900000e-10  1.10000000e+00  3.86424557e-01  1.08941231e+00  1.10341811e+00 -5.26223291e-06 
 8.11100000e-10  1.10000000e+00  3.97064495e-01  1.08631749e+00  1.10311013e+00  1.44255932e-07 
 8.11300000e-10  1.10000000e+00  4.07528261e-01  1.08303745e+00  1.10274512e+00  4.99691907e-06 
 8.11500000e-10  1.10000000e+00  4.17821089e-01  1.07959021e+00  1.10232074e+00  1.02416312e-05 
 8.11700000e-10  1.10000000e+00  4.27948123e-01  1.07598692e+00  1.10183496e+00  1.49261871e-05 
 8.11900000e-10  1.10000000e+00  4.37913392e-01  1.07223416e+00  1.10128596e+00  1.99180903e-05 
 8.12100000e-10  1.10000000e+00  4.47721087e-01  1.06833451e+00  1.10067207e+00  2.43497088e-05 
 8.12300000e-10  1.10000000e+00  4.57374560e-01  1.06428814e+00  1.09999165e+00  2.90163399e-05 
 8.12500000e-10  1.10000000e+00  4.66877411e-01  1.06009291e+00  1.09924312e+00  3.31254244e-05 
 8.12700000e-10  1.10000000e+00  4.76232538e-01  1.05574590e+00  1.09842483e+00  3.74069521e-05 
 8.12900000e-10  1.10000000e+00  4.85443071e-01  1.05124342e+00  1.09753512e+00  4.11363297e-05 
 8.13100000e-10  1.10000000e+00  4.94511493e-01  1.04658261e+00  1.09657231e+00  4.49855178e-05 
 8.13300000e-10  1.10000000e+00  5.03440448e-01  1.04176118e+00  1.09553467e+00  4.82920490e-05 
 8.13500000e-10  1.10000000e+00  5.12231940e-01  1.03677863e+00  1.09442052e+00  5.16758107e-05 
 8.13700000e-10  1.10000000e+00  5.20888052e-01  1.03163500e+00  1.09322817e+00  5.45294015e-05 
 8.13900000e-10  1.10000000e+00  5.29410253e-01  1.02633121e+00  1.09195599e+00  5.74234692e-05 
 8.14100000e-10  1.10000000e+00  5.37800069e-01  1.02086700e+00  1.09060239e+00  5.97972546e-05 
 8.14300000e-10  1.10000000e+00  5.46058496e-01  1.01524105e+00  1.08916579e+00  6.21740708e-05 
 8.14500000e-10  1.10000000e+00  5.54186642e-01  1.00944925e+00  1.08764459e+00  6.40334642e-05 
 8.14700000e-10  1.10000000e+00  5.62185222e-01  1.00348561e+00  1.08603712e+00  6.58555473e-05 
 8.14900000e-10  1.10000000e+00  5.70055137e-01  9.97341374e-01  1.08434160e+00  6.71571032e-05 
 8.15100000e-10  1.10000000e+00  5.77797025e-01  9.91006570e-01  1.08255610e+00  6.83808719e-05 
 8.15300000e-10  1.10000000e+00  5.85411771e-01  9.84469616e-01  1.08067852e+00  6.90797422e-05 
 8.15500000e-10  1.10000000e+00  5.92900100e-01  9.77719176e-01  1.07870656e+00  6.96659067e-05 
 8.15700000e-10  1.10000000e+00  6.00263043e-01  9.70743979e-01  1.07663774e+00  6.97295053e-05 
 8.15900000e-10  1.10000000e+00  6.07501586e-01  9.63535034e-01  1.07446946e+00  6.96613278e-05 
 8.16100000e-10  1.10000000e+00  6.14617118e-01  9.56085837e-01  1.07219899e+00  6.90932946e-05 
 8.16300000e-10  1.10000000e+00  6.21611139e-01  9.48394885e-01  1.06982357e+00  6.84055140e-05 
 8.16500000e-10  1.10000000e+00  6.28485665e-01  9.40465746e-01  1.06734053e+00  6.72748320e-05 
 8.16700000e-10  1.10000000e+00  6.35242925e-01  9.32308732e-01  1.06474740e+00  6.60738397e-05 
 8.16900000e-10  1.10000000e+00  6.41885643e-01  9.23939432e-01  1.06204199e+00  6.45156067e-05 
 8.17100000e-10  1.10000000e+00  6.48416662e-01  9.15378564e-01  1.05922252e+00  6.29555131e-05 
 8.17300000e-10  1.10000000e+00  6.54839114e-01  9.06649120e-01  1.05628770e+00  6.11268882e-05 
 8.17500000e-10  1.10000000e+00  6.61156043e-01  8.97775640e-01  1.05323670e+00  5.93582923e-05 
 8.17700000e-10  1.10000000e+00  6.67370569e-01  8.88781616e-01  1.05006921e+00  5.73939603e-05 
 8.17900000e-10  1.10000000e+00  6.73485580e-01  8.79689518e-01  1.04678538e+00  5.55342411e-05 
 8.18100000e-10  1.10000000e+00  6.79503931e-01  8.70519107e-01  1.04338575e+00  5.35322753e-05 
 8.18300000e-10  1.10000000e+00  6.85428208e-01  8.61288243e-01  1.03987126e+00  5.16632647e-05 
 8.18500000e-10  1.10000000e+00  6.91260942e-01  8.52011823e-01  1.03624311e+00  4.96897783e-05 
 8.18700000e-10  1.10000000e+00  6.97004418e-01  8.42702949e-01  1.03250280e+00  4.78655856e-05 
 8.18900000e-10  1.10000000e+00  7.02660879e-01  8.33372134e-01  1.02865201e+00  4.59633299e-05 
 8.19100000e-10  1.10000000e+00  7.08232364e-01  8.24028547e-01  1.02469257e+00  4.42184990e-05 
 8.19300000e-10  1.10000000e+00  7.13720892e-01  8.14679283e-01  1.02062645e+00  4.24140487e-05 
 8.19500000e-10  1.10000000e+00  7.19128316e-01  8.05330578e-01  1.01645573e+00  4.07696532e-05 
 8.19700000e-10  1.10000000e+00  7.24456484e-01  7.95987072e-01  1.01218253e+00  3.90784501e-05 
 8.19900000e-10  1.10000000e+00  7.29707103e-01  7.86652957e-01  1.00780901e+00  3.75462270e-05 
 8.20100000e-10  1.10000000e+00  7.34881883e-01  7.77331227e-01  1.00333739e+00  3.59759412e-05 
 8.20300000e-10  1.10000000e+00  7.39982405e-01  7.68024747e-01  9.98769875e-01  3.45610380e-05 
 8.20500000e-10  1.10000000e+00  7.45010251e-01  7.58735494e-01  9.94108692e-01  3.31138248e-05 
 8.20700000e-10  1.10000000e+00  7.49966880e-01  7.49465561e-01  9.89356055e-01  3.18166900e-05 
 8.20900000e-10  1.10000000e+00  7.54853743e-01  7.40216373e-01  9.84514172e-01  3.04907953e-05 
 8.21100000e-10  1.10000000e+00  7.59672166e-01  7.30989631e-01  9.79585238e-01  2.93085761e-05 
 8.21300000e-10  1.10000000e+00  7.64423459e-01  7.21786515e-01  9.74571433e-01  2.80995666e-05 
 8.21500000e-10  1.10000000e+00  7.69108810e-01  7.12608564e-01  9.69474920e-01  2.70272080e-05 
 8.21700000e-10  1.10000000e+00  7.73729382e-01  7.03456869e-01  9.64297847e-01  2.59289448e-05 
 8.21900000e-10  1.10000000e+00  7.78286222e-01  6.94332899e-01  9.59042343e-01  2.49600500e-05 
 8.22100000e-10  1.10000000e+00  7.82780349e-01  6.85237701e-01  9.53710520e-01  2.39654283e-05 
 8.22300000e-10  1.10000000e+00  7.87212676e-01  6.76172682e-01  9.48304474e-01  2.30928864e-05 
 8.22500000e-10  1.10000000e+00  7.91584095e-01  6.67138824e-01  9.42826281e-01  2.21943494e-05 
 8.22700000e-10  1.10000000e+00  7.95895403e-01  6.58137442e-01  9.37278001e-01  2.14107497e-05 
 8.22900000e-10  1.10000000e+00  8.00147386e-01  6.49169421e-01  9.31661673e-01  2.06006086e-05 
 8.23100000e-10  1.10000000e+00  8.04340750e-01  6.40235960e-01  9.25979317e-01  1.98984893e-05 
 8.23300000e-10  1.10000000e+00  8.08476199e-01  6.31337833e-01  9.20232932e-01  1.91691095e-05 
 8.23500000e-10  1.10000000e+00  8.12554373e-01  6.22476125e-01  9.14424498e-01  1.85411005e-05 
 8.23700000e-10  1.10000000e+00  8.16575923e-01  6.13651520e-01  9.08555969e-01  1.78850054e-05 
 8.23900000e-10  1.10000000e+00  8.20541449e-01  6.04865025e-01  9.02629282e-01  1.73239078e-05 
 8.24100000e-10  1.10000000e+00  8.24451570e-01  5.96117284e-01  8.96646349e-01  1.67338344e-05 
 8.24300000e-10  1.10000000e+00  8.28306869e-01  5.87409292e-01  8.90609061e-01  1.62326602e-05 
 8.24500000e-10  1.10000000e+00  8.32107954e-01  5.78741730e-01  8.84519288e-01  1.57015788e-05 
 8.24700000e-10  1.10000000e+00  8.35855407e-01  5.70115667e-01  8.78378880e-01  1.52535569e-05 
 8.24900000e-10  1.10000000e+00  8.39549844e-01  5.61531916e-01  8.72189670e-01  1.47746601e-05 
 8.25100000e-10  1.10000000e+00  8.43191861e-01  5.52991725e-01  8.65953475e-01  1.43732138e-05 
 8.25300000e-10  1.10000000e+00  8.46782092e-01  5.44496148e-01  8.59672098e-01  1.39398790e-05 
 8.25500000e-10  1.10000000e+00  8.50321158e-01  5.36046731e-01  8.53347333e-01  1.35785777e-05 
 8.25700000e-10  1.10000000e+00  8.53809722e-01  5.27644899e-01  8.46980966e-01  1.31843068e-05 
 8.25900000e-10  1.10000000e+00  8.57248442e-01  5.19292627e-01  8.40574784e-01  1.28568003e-05 
 8.26100000e-10  1.10000000e+00  8.60638015e-01  5.10991850e-01  8.34130575e-01  1.24951474e-05 
 8.26300000e-10  1.10000000e+00  8.63979140e-01  5.02745122e-01  8.27650138e-01  1.21950923e-05 
 8.26500000e-10  1.10000000e+00  8.67272560e-01  4.94555042e-01  8.21135285e-01  1.18595918e-05 
 8.26700000e-10  1.10000000e+00  8.70519021e-01  4.86424904e-01  8.14587853e-01  1.15805899e-05 
 8.26900000e-10  1.10000000e+00  8.73719315e-01  4.78358132e-01  8.08009708e-01  1.12647123e-05 
 8.27100000e-10  1.10000000e+00  8.76874241e-01  4.70358913e-01  8.01402754e-01  1.10002971e-05 
 8.27300000e-10  1.10000000e+00  8.79984643e-01  4.62431640e-01  7.94768942e-01  1.06974794e-05 
 8.27500000e-10  1.10000000e+00  8.83051376e-01  4.54581511e-01  7.88110281e-01  1.04412126e-05 
 8.27700000e-10  1.10000000e+00  8.86075338e-01  4.46813966e-01  7.81428845e-01  1.01450433e-05 
 8.27900000e-10  1.10000000e+00  8.89057433e-01  4.39135232e-01  7.74726781e-01  9.89081390e-06 
 8.28100000e-10  1.10000000e+00  8.91998605e-01  4.31551726e-01  7.68006319e-01  9.59546977e-06 
 8.28300000e-10  1.10000000e+00  8.94899795e-01  4.24070530e-01  7.61269781e-01  9.33808788e-06 
 8.28500000e-10  1.10000000e+00  8.97761968e-01  4.16698723e-01  7.54519580e-01  9.03908667e-06 
 8.28700000e-10  1.10000000e+00  9.00586072e-01  4.09443769e-01  7.47758227e-01  8.77517452e-06 
 8.28900000e-10  1.10000000e+00  9.03373057e-01  4.02312779e-01  7.40988327e-01  8.47034924e-06 
 8.29100000e-10  1.10000000e+00  9.06123826e-01  3.95312813e-01  7.34212573e-01  8.19930562e-06 
 8.29300000e-10  1.10000000e+00  9.08839259e-01  3.88450103e-01  7.27433739e-01  7.88962859e-06 
 8.29500000e-10  1.10000000e+00  9.11520164e-01  3.81730331e-01  7.20654660e-01  7.61416362e-06 
 8.29700000e-10  1.10000000e+00  9.14167296e-01  3.75157892e-01  7.13878213e-01  7.30385028e-06 
 8.29900000e-10  1.10000000e+00  9.16781318e-01  3.68736231e-01  7.07107299e-01  7.02956144e-06 
 8.30100000e-10  1.10000000e+00  9.19362824e-01  3.62467238e-01  7.00344813e-01  6.72509802e-06 
 8.30300000e-10  1.10000000e+00  9.21912313e-01  3.56351713e-01  6.93593618e-01  6.45902426e-06 
 8.30500000e-10  1.10000000e+00  9.24430218e-01  3.50388918e-01  6.86856523e-01  6.16740932e-06 
 8.30700000e-10  1.10000000e+00  9.26916886e-01  3.44577174e-01  6.80136256e-01  5.91617688e-06 
 8.30900000e-10  1.10000000e+00  9.29372617e-01  3.38913536e-01  6.73435446e-01  5.64319541e-06 
 8.31100000e-10  1.10000000e+00  9.31797646e-01  3.33394458e-01  6.66756606e-01  5.41160657e-06 
 8.31300000e-10  1.10000000e+00  9.34192185e-01  3.28015516e-01  6.60102118e-01  5.16084870e-06 
 8.31500000e-10  1.10000000e+00  9.36556405e-01  3.22772071e-01  6.53474231e-01  4.95136577e-06 
 8.31700000e-10  1.10000000e+00  9.38890473e-01  3.17658979e-01  6.46875048e-01  4.72413976e-06 
 8.31900000e-10  1.10000000e+00  9.41194537e-01  3.12671194e-01  6.40306534e-01  4.53714345e-06 
 8.32100000e-10  1.10000000e+00  9.43468757e-01  3.07803447e-01  6.33770510e-01  4.33297320e-06 
 8.32300000e-10  1.10000000e+00  9.45713284e-01  3.03050779e-01  6.27268661e-01  4.16739416e-06 
 8.32500000e-10  1.10000000e+00  9.47928291e-01  2.98408172e-01  6.20802538e-01  3.98469467e-06 
 8.32700000e-10  1.10000000e+00  9.50113949e-01  2.93871031e-01  6.14373569e-01  3.83866609e-06 
 8.32900000e-10  1.10000000e+00  9.52270452e-01  2.89434782e-01  6.07983061e-01  3.67532969e-06 
 8.33100000e-10  1.10000000e+00  9.54397997e-01  2.85095312e-01  6.01632209e-01  3.54668483e-06 
 8.33300000e-10  1.10000000e+00  9.56496804e-01  2.80848552e-01  5.95322105e-01  3.40048297e-06 
 8.33500000e-10  1.10000000e+00  9.58567094e-01  2.76690888e-01  5.89053741e-01  3.28706533e-06 
 8.33700000e-10  1.10000000e+00  9.60609110e-01  2.72618741e-01  5.82828019e-01  3.15587684e-06 
 8.33900000e-10  1.10000000e+00  9.62623093e-01  2.68628963e-01  5.76645759e-01  3.05569978e-06 
 8.34100000e-10  1.10000000e+00  9.64609307e-01  2.64718417e-01  5.70507698e-01  2.93761529e-06 
 8.34300000e-10  1.10000000e+00  9.66568011e-01  2.60884363e-01  5.64414504e-01  2.84892386e-06 
 8.34500000e-10  1.10000000e+00  9.68499481e-01  2.57124048e-01  5.58366775e-01  2.74227564e-06 
 8.34700000e-10  1.10000000e+00  9.70403990e-01  2.53435077e-01  5.52365048e-01  2.66355376e-06 
 8.34900000e-10  1.10000000e+00  9.72281827e-01  2.49815025e-01  5.46409801e-01  2.56690724e-06 
 8.35100000e-10  1.10000000e+00  9.74133272e-01  2.46261789e-01  5.40501456e-01  2.49685916e-06 
 8.35300000e-10  1.10000000e+00  9.75958621e-01  2.42773215e-01  5.34640388e-01  2.40898820e-06 
 8.35500000e-10  1.10000000e+00  9.77758162e-01  2.39347445e-01  5.28826921e-01  2.34651066e-06 
 8.35700000e-10  1.10000000e+00  9.79532194e-01  2.35982555e-01  5.23061339e-01  2.26636839e-06 
 8.35900000e-10  1.10000000e+00  9.81281010e-01  2.32676891e-01  5.17343881e-01  2.21052175e-06 
 8.36100000e-10  1.10000000e+00  9.83004909e-01  2.29428721e-01  5.11674751e-01  2.13721270e-06 
 8.36300000e-10  1.10000000e+00  9.84704186e-01  2.26236561e-01  5.06054115e-01  2.08719463e-06 
 8.36500000e-10  1.10000000e+00  9.86379143e-01  2.23098844e-01  5.00482107e-01  2.01995017e-06 
 8.36700000e-10  1.10000000e+00  9.88030072e-01  2.20014230e-01  4.94958828e-01  1.97507310e-06 
 8.36900000e-10  1.10000000e+00  9.89657274e-01  2.16981290e-01  4.89484352e-01  1.91323071e-06 
 8.37100000e-10  1.10000000e+00  9.91261041e-01  2.13998808e-01  4.84058722e-01  1.87290299e-06 
 8.37300000e-10  1.10000000e+00  9.92841672e-01  2.11065471e-01  4.78681958e-01  1.81588902e-06 
 8.37500000e-10  1.10000000e+00  9.94399456e-01  2.08180170e-01  4.73354054e-01  1.77959934e-06 
 8.37700000e-10  1.10000000e+00  9.95934689e-01  2.05341695e-01  4.68074982e-01  1.72691484e-06 
 8.37900000e-10  1.10000000e+00  9.97447657e-01  2.02549027e-01  4.62844693e-01  1.69421939e-06 
 8.38100000e-10  1.10000000e+00  9.98938653e-01  1.99801045e-01  4.57663115e-01  1.64542841e-06 
 8.38300000e-10  1.10000000e+00  1.00040796e+00  1.97096807e-01  4.52530161e-01  1.61594030e-06 
 8.38500000e-10  1.10000000e+00  1.00185587e+00  1.94435271e-01  4.47445723e-01  1.57066016e-06 
 8.38700000e-10  1.10000000e+00  1.00328265e+00  1.91815565e-01  4.42409677e-01  1.54404062e-06 
 8.38900000e-10  1.10000000e+00  1.00468860e+00  1.89236714e-01  4.37421885e-01  1.50193389e-06 
 8.39100000e-10  1.10000000e+00  1.00607398e+00  1.86697908e-01  4.32482190e-01  1.47788492e-06 
 8.39300000e-10  1.10000000e+00  1.00743908e+00  1.84198233e-01  4.27590425e-01  1.43865266e-06 
 8.39500000e-10  1.10000000e+00  1.00878417e+00  1.81736933e-01  4.22746409e-01  1.41691097e-06 
 8.39700000e-10  1.10000000e+00  1.01010952e+00  1.79313149e-01  4.17949946e-01  1.38028711e-06 
 8.39900000e-10  1.10000000e+00  1.01141540e+00  1.76926172e-01  4.13200831e-01  1.36061897e-06 
 8.40100000e-10  1.10000000e+00  1.01270208e+00  1.74575195e-01  4.08498848e-01  1.32636562e-06 
 8.40300000e-10  1.10000000e+00  1.01396982e+00  1.72259552e-01  4.03843770e-01  1.30856264e-06 
 8.40500000e-10  1.10000000e+00  1.01521889e+00  1.69978480e-01  3.99235359e-01  1.27646621e-06 
 8.40700000e-10  1.10000000e+00  1.01644955e+00  1.67731355e-01  3.94673370e-01  1.26034183e-06 
 8.40900000e-10  1.10000000e+00  1.01766204e+00  1.65517456e-01  3.90157549e-01  1.23020975e-06 
 8.41100000e-10  1.10000000e+00  1.01885664e+00  1.63336193e-01  3.85687633e-01  1.21559632e-06 
 8.41300000e-10  1.10000000e+00  1.02003358e+00  1.61186886e-01  3.81263354e-01  1.18725447e-06 
 8.41500000e-10  1.10000000e+00  1.02119313e+00  1.59068979e-01  3.76884435e-01  1.17400091e-06 
 8.41700000e-10  1.10000000e+00  1.02233553e+00  1.56981826e-01  3.72550593e-01  1.14729142e-06 
 8.41900000e-10  1.10000000e+00  1.02346102e+00  1.54924904e-01  3.68261539e-01  1.13526130e-06 
 8.42100000e-10  1.10000000e+00  1.02456985e+00  1.52897600e-01  3.64016979e-01  1.11004079e-06 
 8.42300000e-10  1.10000000e+00  1.02566226e+00  1.50899420e-01  3.59816613e-01  1.09911075e-06 
 8.42500000e-10  1.10000000e+00  1.02673849e+00  1.48929784e-01  3.55660137e-01  1.07524891e-06 
 8.42700000e-10  1.10000000e+00  1.02779877e+00  1.46988224e-01  3.51547244e-01  1.06530740e-06 
 8.42900000e-10  1.10000000e+00  1.02884334e+00  1.45074188e-01  3.47477619e-01  1.04268579e-06 
 8.43100000e-10  1.10000000e+00  1.02987242e+00  1.43187236e-01  3.43450948e-01  1.03363202e-06 
 8.43300000e-10  1.10000000e+00  1.03088624e+00  1.41326843e-01  3.39466910e-01  1.01214307e-06 
 8.43500000e-10  1.10000000e+00  1.03188503e+00  1.39492591e-01  3.35525183e-01  1.00388606e-06 
 8.43700000e-10  1.10000000e+00  1.03286902e+00  1.37683983e-01  3.31625443e-01  9.83432192e-07 
 8.43900000e-10  1.10000000e+00  1.03383841e+00  1.35900622e-01  3.27767361e-01  9.75890033e-07 
 8.44100000e-10  1.10000000e+00  1.03479343e+00  1.34142037e-01  3.23950608e-01  9.56382864e-07 
 8.44300000e-10  1.10000000e+00  1.03573429e+00  1.32407849e-01  3.20174852e-01  9.49481923e-07 
 8.44500000e-10  1.10000000e+00  1.03666121e+00  1.30697611e-01  3.16439760e-01  9.30841596e-07 
 8.44700000e-10  1.10000000e+00  1.03757439e+00  1.29010964e-01  3.12744999e-01  9.24515900e-07 
 8.44900000e-10  1.10000000e+00  1.03847403e+00  1.27347480e-01  3.09090231e-01  9.06670352e-07 
 8.45100000e-10  1.10000000e+00  1.03936035e+00  1.25706820e-01  3.05475120e-01  9.00860936e-07 
 8.45300000e-10  1.10000000e+00  1.04023355e+00  1.24088574e-01  3.01899330e-01  8.83745265e-07 
 8.45500000e-10  1.10000000e+00  1.04109381e+00  1.22492420e-01  2.98362521e-01  8.78399560e-07 
 8.45700000e-10  1.10000000e+00  1.04194134e+00  1.20917969e-01  2.94864356e-01  8.61955407e-07 
 8.45900000e-10  1.10000000e+00  1.04277633e+00  1.19364910e-01  2.91404497e-01  8.57026657e-07 
 8.46100000e-10  1.10000000e+00  1.04359898e+00  1.17832874e-01  2.87982603e-01  8.41201606e-07 
 8.46300000e-10  1.10000000e+00  1.04440945e+00  1.16321564e-01  2.84598338e-01  8.36648310e-07 
 8.46500000e-10  1.10000000e+00  1.04520795e+00  1.14830625e-01  2.81251363e-01  8.21395326e-07 
 8.46700000e-10  1.10000000e+00  1.04599465e+00  1.13359775e-01  2.77941340e-01  8.17180708e-07 
 8.46900000e-10  1.10000000e+00  1.04676974e+00  1.11908675e-01  2.74667932e-01  8.02457595e-07 
 8.47100000e-10  1.10000000e+00  1.04753338e+00  1.10477053e-01  2.71430802e-01  7.98549108e-07 
 8.47300000e-10  1.10000000e+00  1.04828576e+00  1.09064585e-01  2.68229614e-01  7.84318014e-07 
 8.47500000e-10  1.10000000e+00  1.04902705e+00  1.07671010e-01  2.65064034e-01  7.80686875e-07 
 8.47700000e-10  1.10000000e+00  1.04975740e+00  1.06296017e-01  2.61933726e-01  7.66913822e-07 
 8.47900000e-10  1.10000000e+00  1.05047700e+00  1.04939356e-01  2.58838359e-01  7.63534590e-07 
 8.48100000e-10  1.10000000e+00  1.05118600e+00  1.03600728e-01  2.55777600e-01  7.50189048e-07 
 8.48300000e-10  1.10000000e+00  1.05188457e+00  1.02279893e-01  2.52751119e-01  7.47039233e-07 
 8.48500000e-10  1.10000000e+00  1.05257286e+00  1.00976563e-01  2.49758587e-01  7.34093736e-07 
 8.48700000e-10  1.10000000e+00  1.05325103e+00  9.96905078e-02  2.46799675e-01  7.31153447e-07 
 8.48900000e-10  1.10000000e+00  1.05391924e+00  9.84214498e-02  2.43874057e-01  7.18583241e-07 
 8.49100000e-10  1.10000000e+00  1.05457763e+00  9.71691669e-02  2.40981409e-01  7.15834874e-07 
 8.49300000e-10  1.10000000e+00  1.05522636e+00  9.59333927e-02  2.38121406e-01  7.03617602e-07 
 8.49500000e-10  1.10000000e+00  1.05586556e+00  9.47139125e-02  2.35293728e-01  7.01045558e-07 
 8.49700000e-10  1.10000000e+00  1.05649540e+00  9.35104699e-02  2.32498054e-01  6.89160981e-07 
 8.49900000e-10  1.10000000e+00  1.05711600e+00  9.23228576e-02  2.29734066e-01  6.86751419e-07 
 8.50100000e-10  1.10000000e+00  1.05772752e+00  9.11508282e-02  2.27001448e-01  6.75181172e-07 
 8.50300000e-10  1.10000000e+00  1.05833008e+00  8.99941815e-02  2.24299885e-01  6.72921789e-07 
 8.50500000e-10  1.10000000e+00  1.05892382e+00  8.88526790e-02  2.21629064e-01  6.61649162e-07 
 8.50700000e-10  1.10000000e+00  1.05950888e+00  8.77261268e-02  2.18988674e-01  6.59529002e-07 
 8.50900000e-10  1.10000000e+00  1.06008538e+00  8.66142950e-02  2.16378408e-01  6.48538746e-07 
 8.51100000e-10  1.10000000e+00  1.06065347e+00  8.55169959e-02  2.13797957e-01  6.46548035e-07 
 8.51300000e-10  1.10000000e+00  1.06121325e+00  8.44340075e-02  2.11247017e-01  6.35826199e-07 
 8.51500000e-10  1.10000000e+00  1.06176487e+00  8.33651479e-02  2.08725286e-01  6.33956195e-07 
 8.51700000e-10  1.10000000e+00  1.06230844e+00  8.23102027e-02  2.06232462e-01  6.23489975e-07 
 8.51900000e-10  1.10000000e+00  1.06284409e+00  8.12689958e-02  2.03768247e-01  6.21732846e-07 
 8.52100000e-10  1.10000000e+00  1.06337192e+00  8.02413198e-02  2.01332344e-01  6.11510460e-07 
 8.52300000e-10  1.10000000e+00  1.06389207e+00  7.92270040e-02  1.98924459e-01  6.09859167e-07 
 8.52500000e-10  1.10000000e+00  1.06440465e+00  7.82258481e-02  1.96544300e-01  5.99869742e-07 
 8.52700000e-10  1.10000000e+00  1.06490977e+00  7.72376862e-02  1.94191577e-01  5.98317952e-07 
 8.52900000e-10  1.10000000e+00  1.06540754e+00  7.62623248e-02  1.91866001e-01  5.88551426e-07 
 8.53100000e-10  1.10000000e+00  1.06589808e+00  7.52996028e-02  1.89567287e-01  5.87093422e-07 
 8.53300000e-10  1.10000000e+00  1.06638149e+00  7.43493331e-02  1.87295152e-01  5.77540458e-07 
 8.53500000e-10  1.10000000e+00  1.06685787e+00  7.34113592e-02  1.85049315e-01  5.76171070e-07 
 8.53700000e-10  1.10000000e+00  1.06732734e+00  7.24855002e-02  1.82829495e-01  5.66822985e-07 
 8.53900000e-10  1.10000000e+00  1.06779000e+00  7.15716039e-02  1.80635417e-01  5.65537526e-07 
 8.54100000e-10  1.10000000e+00  1.06824595e+00  7.06694953e-02  1.78466806e-01  5.56386220e-07 
 8.54300000e-10  1.10000000e+00  1.06869529e+00  6.97790265e-02  1.76323389e-01  5.55180431e-07 
 8.54500000e-10  1.10000000e+00  1.06913812e+00  6.89000282e-02  1.74204897e-01  5.46218334e-07 
 8.54700000e-10  1.10000000e+00  1.06957454e+00  6.80323565e-02  1.72111061e-01  5.45088340e-07 
 8.54900000e-10  1.10000000e+00  1.07000464e+00  6.71758475e-02  1.70041616e-01  5.36308360e-07 
 8.55100000e-10  1.10000000e+00  1.07042851e+00  6.63303614e-02  1.67996299e-01  5.35250622e-07 
 8.55300000e-10  1.10000000e+00  1.07084625e+00  6.54957393e-02  1.65974849e-01  5.26646100e-07 
 8.55500000e-10  1.10000000e+00  1.07125796e+00  6.46718453e-02  1.63977006e-01  5.25657385e-07 
 8.55700000e-10  1.10000000e+00  1.07166371e+00  6.38585257e-02  1.62002515e-01  5.17222057e-07 
 8.55900000e-10  1.10000000e+00  1.07206361e+00  6.30556479e-02  1.60051120e-01  5.16299401e-07 
 8.56100000e-10  1.10000000e+00  1.07245773e+00  6.22630633e-02  1.58122570e-01  5.08027362e-07 
 8.56300000e-10  1.10000000e+00  1.07284616e+00  6.14806428e-02  1.56216615e-01  5.07168047e-07 
 8.56500000e-10  1.10000000e+00  1.07322898e+00  6.07082424e-02  1.54333008e-01  4.99053721e-07 
 8.56700000e-10  1.10000000e+00  1.07360629e+00  5.99457363e-02  1.52471503e-01  4.98255244e-07 
 8.56900000e-10  1.10000000e+00  1.07397816e+00  5.91929853e-02  1.50631856e-01  4.90293356e-07 
 8.57100000e-10  1.10000000e+00  1.07434467e+00  5.84498667e-02  1.48813828e-01  4.89553413e-07 
 8.57300000e-10  1.10000000e+00  1.07470590e+00  5.77162456e-02  1.47017179e-01  4.81738965e-07 
 8.57500000e-10  1.10000000e+00  1.07506193e+00  5.69920026e-02  1.45241673e-01  4.81055428e-07 
 8.57700000e-10  1.10000000e+00  1.07541284e+00  5.62770069e-02  1.43487076e-01  4.73383676e-07 
 8.57900000e-10  1.10000000e+00  1.07575870e+00  5.55711422e-02  1.41753155e-01  4.72754578e-07 
 8.58100000e-10  1.10000000e+00  1.07609958e+00  5.48742818e-02  1.40039681e-01  4.65221015e-07 
 8.58300000e-10  1.10000000e+00  1.07643557e+00  5.41863123e-02  1.38346426e-01  4.64644533e-07 
 8.58500000e-10  1.10000000e+00  1.07676672e+00  5.35071111e-02  1.36673164e-01  4.57244866e-07 
 8.58700000e-10  1.10000000e+00  1.07709313e+00  5.28365674e-02  1.35019672e-01  4.56719309e-07 
 8.58900000e-10  1.10000000e+00  1.07741484e+00  5.21745624e-02  1.33385730e-01  4.49449449e-07 
 8.59100000e-10  1.10000000e+00  1.07773194e+00  5.15209883e-02  1.31771117e-01  4.48973244e-07 
 8.59300000e-10  1.10000000e+00  1.07804448e+00  5.08757300e-02  1.30175616e-01  4.41829288e-07 
 8.59500000e-10  1.10000000e+00  1.07835255e+00  5.02386821e-02  1.28599014e-01  4.41400971e-07 
 8.59700000e-10  1.10000000e+00  1.07865620e+00  4.96097331e-02  1.27041097e-01  4.34379189e-07 
 8.59900000e-10  1.10000000e+00  1.07895550e+00  4.89887804e-02  1.25501655e-01  4.33997394e-07 
 8.60100000e-10  1.10000000e+00  1.07925050e+00  4.83757160e-02  1.23980479e-01  4.27094219e-07 
 8.60300000e-10  1.10000000e+00  1.07954129e+00  4.77704395e-02  1.22477362e-01  4.26757669e-07 
 8.60500000e-10  1.10000000e+00  1.07982791e+00  4.71728463e-02  1.20992100e-01  4.19969685e-07 
 8.60700000e-10  1.10000000e+00  1.08011043e+00  4.65828385e-02  1.19524491e-01  4.19677186e-07 
 8.60900000e-10  1.10000000e+00  1.08038891e+00  4.60003149e-02  1.18074334e-01  4.13001117e-07 
 8.61100000e-10  1.10000000e+00  1.08066341e+00  4.54251798e-02  1.16641431e-01  4.12751548e-07 
 8.61300000e-10  1.10000000e+00  1.08093398e+00  4.48573350e-02  1.15225586e-01  4.06184251e-07 
 8.61500000e-10  1.10000000e+00  1.08120068e+00  4.42966873e-02  1.13826605e-01  4.05976560e-07 
 8.61700000e-10  1.10000000e+00  1.08146358e+00  4.37431415e-02  1.12444294e-01  3.99515016e-07 
 8.61900000e-10  1.10000000e+00  1.08172272e+00  4.31966063e-02  1.11078464e-01  3.99348213e-07 
 8.62100000e-10  1.10000000e+00  1.08197816e+00  4.26569899e-02  1.09728926e-01  3.92989519e-07 
 8.62300000e-10  1.10000000e+00  1.08222996e+00  4.21242030e-02  1.08395494e-01  3.92862671e-07 
 8.62500000e-10  1.10000000e+00  1.08247816e+00  4.15981565e-02  1.07077983e-01  3.86604034e-07 
 8.62700000e-10  1.10000000e+00  1.08272283e+00  4.10787633e-02  1.05776210e-01  3.86516259e-07 
 8.62900000e-10  1.10000000e+00  1.08296401e+00  4.05659370e-02  1.04489995e-01  3.80354988e-07 
 8.63100000e-10  1.10000000e+00  1.08320175e+00  4.00595925e-02  1.03219159e-01  3.80305454e-07 
 8.63300000e-10  1.10000000e+00  1.08343610e+00  3.95596463e-02  1.01963524e-01  3.74238955e-07 
 8.63500000e-10  1.10000000e+00  1.08366711e+00  3.90660150e-02  1.00722916e-01  3.74226873e-07 
 8.63700000e-10  1.10000000e+00  1.08389484e+00  3.85786178e-02  9.94971619e-02  3.68252644e-07 
 8.63900000e-10  1.10000000e+00  1.08411932e+00  3.80973732e-02  9.82860893e-02  3.68277264e-07 
 8.64100000e-10  1.10000000e+00  1.08434062e+00  3.76222029e-02  9.70895289e-02  3.62392890e-07 
 8.64300000e-10  1.10000000e+00  1.08455876e+00  3.71530272e-02  9.59073128e-02  3.62453501e-07 
 8.64500000e-10  1.10000000e+00  1.08477380e+00  3.66897704e-02  9.47392749e-02  3.56656648e-07 
 8.64700000e-10  1.10000000e+00  1.08498579e+00  3.62323545e-02  9.35852508e-02  3.56752572e-07 
 8.64900000e-10  1.10000000e+00  1.08519476e+00  3.57807062e-02  9.24450782e-02  3.51040983e-07 
 8.65100000e-10  1.10000000e+00  1.08540076e+00  3.53347491e-02  9.13185960e-02  3.51171573e-07 
 8.65300000e-10  1.10000000e+00  1.08560384e+00  3.48944123e-02  9.02056452e-02  3.45543066e-07 
 8.65500000e-10  1.10000000e+00  1.08580404e+00  3.44596212e-02  8.91060684e-02  3.45707704e-07 
 8.65700000e-10  1.10000000e+00  1.08600139e+00  3.40303071e-02  8.80197099e-02  3.40160167e-07 
 8.65900000e-10  1.10000000e+00  1.08619595e+00  3.36063969e-02  8.69464157e-02  3.40358262e-07 
 8.66100000e-10  1.10000000e+00  1.08638774e+00  3.31878241e-02  8.58860334e-02  3.34889648e-07 
 8.66300000e-10  1.10000000e+00  1.08657682e+00  3.27745172e-02  8.48384123e-02  3.35120633e-07 
 8.66500000e-10  1.10000000e+00  1.08676322e+00  3.23664120e-02  8.38034035e-02  3.29728959e-07 
 8.66700000e-10  1.10000000e+00  1.08694697e+00  3.19634384e-02  8.27808593e-02  3.29992290e-07 
 8.66900000e-10  1.10000000e+00  1.08712812e+00  3.15655342e-02  8.17706341e-02  3.24675633e-07 
 8.67100000e-10  1.10000000e+00  1.08730671e+00  3.11726309e-02  8.07725836e-02  3.24970785e-07 
 8.67300000e-10  1.10000000e+00  1.08748277e+00  3.07846682e-02  7.97865651e-02  3.19727280e-07 
 8.67500000e-10  1.10000000e+00  1.08765634e+00  3.04015790e-02  7.88124376e-02  3.20053750e-07 
 8.67700000e-10  1.10000000e+00  1.08782745e+00  3.00233052e-02  7.78500614e-02  3.14881585e-07 
 8.67900000e-10  1.10000000e+00  1.08799614e+00  2.96497810e-02  7.68992987e-02  3.15238887e-07 
 8.68100000e-10  1.10000000e+00  1.08816245e+00  2.92809500e-02  7.59600129e-02  3.10136303e-07 
 8.68300000e-10  1.10000000e+00  1.08832640e+00  2.89167479e-02  7.50320690e-02  3.10523968e-07 
 8.68500000e-10  1.10000000e+00  1.08848804e+00  2.85571203e-02  7.41153337e-02  3.05489257e-07 
 8.68700000e-10  1.10000000e+00  1.08864739e+00  2.82020040e-02  7.32096748e-02  3.05906828e-07 
 8.68900000e-10  1.10000000e+00  1.08880450e+00  2.78513464e-02  7.23149620e-02  3.00938329e-07 
 8.69100000e-10  1.10000000e+00  1.08895939e+00  2.75050857e-02  7.14310660e-02  3.01385368e-07 
 8.69300000e-10  1.10000000e+00  1.08911209e+00  2.71631710e-02  7.05578593e-02  2.96481466e-07 
 8.69500000e-10  1.10000000e+00  1.08926263e+00  2.68255418e-02  6.96952157e-02  2.96957545e-07 
 8.69700000e-10  1.10000000e+00  1.08941105e+00  2.64921488e-02  6.88430104e-02  2.92116669e-07 
 8.69900000e-10  1.10000000e+00  1.08955738e+00  2.61629326e-02  6.80011199e-02  2.92621373e-07 
 8.70100000e-10  1.10000000e+00  1.08970165e+00  2.58378459e-02  6.71694222e-02  2.87841994e-07 
 8.70300000e-10  1.10000000e+00  1.08984388e+00  2.55168303e-02  6.63477968e-02  2.88374920e-07 
 8.70500000e-10  1.10000000e+00  1.08998411e+00  2.51998399e-02  6.55361243e-02  2.83655549e-07 
 8.70700000e-10  1.10000000e+00  1.09012237e+00  2.48868177e-02  6.47342868e-02  2.84216304e-07 
 8.70900000e-10  1.10000000e+00  1.09025867e+00  2.45777194e-02  6.39421676e-02  2.79555493e-07 
 8.71100000e-10  1.10000000e+00  1.09039306e+00  2.42724889e-02  6.31596515e-02  2.80143694e-07 
 8.71300000e-10  1.10000000e+00  1.09052556e+00  2.39710836e-02  6.23866244e-02  2.75540030e-07 
 8.71500000e-10  1.10000000e+00  1.09065619e+00  2.36734483e-02  6.16229738e-02  2.76155305e-07 
 8.71700000e-10  1.10000000e+00  1.09078499e+00  2.33795420e-02  6.08685881e-02  2.71607411e-07 
 8.71900000e-10  1.10000000e+00  1.09091197e+00  2.30893106e-02  6.01233571e-02  2.72249395e-07 
 8.72100000e-10  1.10000000e+00  1.09103717e+00  2.28027143e-02  5.93871721e-02  2.67755931e-07 
 8.72300000e-10  1.10000000e+00  1.09116061e+00  2.25197003e-02  5.86599253e-02  2.68424266e-07 
 8.72500000e-10  1.10000000e+00  1.09128232e+00  2.22402302e-02  5.79415102e-02  2.63983925e-07 
 8.72700000e-10  1.10000000e+00  1.09140231e+00  2.19642520e-02  5.72318217e-02  2.64678264e-07 
 8.72900000e-10  1.10000000e+00  1.09152063e+00  2.16917287e-02  5.65307558e-02  2.60289768e-07 
 8.73100000e-10  1.10000000e+00  1.09163728e+00  2.14226093e-02  5.58382095e-02  2.61009769e-07 
 8.73300000e-10  1.10000000e+00  1.09175229e+00  2.11568582e-02  5.51540813e-02  2.56671876e-07 
 8.73500000e-10  1.10000000e+00  1.09186569e+00  2.08944253e-02  5.44782706e-02  2.57417205e-07 
 8.73700000e-10  1.10000000e+00  1.09197750e+00  2.06352762e-02  5.38106781e-02  2.53128700e-07 
 8.73900000e-10  1.10000000e+00  1.09208774e+00  2.03793618e-02  5.31512056e-02  2.53899027e-07 
 8.74100000e-10  1.10000000e+00  1.09219644e+00  2.01266490e-02  5.24997561e-02  2.49658726e-07 
 8.74300000e-10  1.10000000e+00  1.09230362e+00  1.98770894e-02  5.18562336e-02  2.50453731e-07 
 8.74500000e-10  1.10000000e+00  1.09240929e+00  1.96306513e-02  5.12205433e-02  2.46260476e-07 
 8.74700000e-10  1.10000000e+00  1.09251348e+00  1.93872872e-02  5.05925913e-02  2.47079842e-07 
 8.74900000e-10  1.10000000e+00  1.09261621e+00  1.91469664e-02  4.99722851e-02  2.42932504e-07 
 8.75100000e-10  1.10000000e+00  1.09271751e+00  1.89096424e-02  4.93595330e-02  2.43775920e-07 
 8.75300000e-10  1.10000000e+00  1.09281739e+00  1.86752855e-02  4.87542445e-02  2.39673397e-07 
 8.75500000e-10  1.10000000e+00  1.09291587e+00  1.84438502e-02  4.81563301e-02  2.40540558e-07 
 8.75700000e-10  1.10000000e+00  1.09301297e+00  1.82153079e-02  4.75657014e-02  2.36481773e-07 
 8.75900000e-10  1.10000000e+00  1.09310872e+00  1.79896138e-02  4.69822709e-02  2.37372378e-07 
 8.76100000e-10  1.10000000e+00  1.09320312e+00  1.77667404e-02  4.64059522e-02  2.33356277e-07 
 8.76300000e-10  1.10000000e+00  1.09329621e+00  1.75466437e-02  4.58366599e-02  2.34270032e-07 
 8.76500000e-10  1.10000000e+00  1.09338800e+00  1.73292974e-02  4.52743096e-02  2.30295587e-07 
 8.76700000e-10  1.10000000e+00  1.09347851e+00  1.71146581e-02  4.47188179e-02  2.31232200e-07 
 8.76900000e-10  1.10000000e+00  1.09356775e+00  1.69027006e-02  4.41701023e-02  2.27298406e-07 
 8.77100000e-10  1.10000000e+00  1.09365574e+00  1.66933822e-02  4.36280813e-02  2.28257591e-07 
 8.77300000e-10  1.10000000e+00  1.09374251e+00  1.64866786e-02  4.30926743e-02  2.24363467e-07 
 8.77500000e-10  1.10000000e+00  1.09382807e+00  1.62825480e-02  4.25638018e-02  2.25344941e-07 
 8.77700000e-10  1.10000000e+00  1.09391243e+00  1.60809672e-02  4.20413851e-02  2.21489526e-07 
 8.77900000e-10  1.10000000e+00  1.09399562e+00  1.58818948e-02  4.15253464e-02  2.22493013e-07 
 8.78100000e-10  1.10000000e+00  1.09407765e+00  1.56853087e-02  4.10156089e-02  2.18675368e-07 
 8.78300000e-10  1.10000000e+00  1.09415853e+00  1.54911682e-02  4.05120966e-02  2.19700592e-07 
 8.78500000e-10  1.10000000e+00  1.09423829e+00  1.52994520e-02  4.00147345e-02  2.15919801e-07 
 8.78700000e-10  1.10000000e+00  1.09431694e+00  1.51101202e-02  3.95234484e-02  2.16966492e-07 
 8.78900000e-10  1.10000000e+00  1.09439449e+00  1.49231524e-02  3.90381650e-02  2.13221656e-07 
 8.79100000e-10  1.10000000e+00  1.09447096e+00  1.47385094e-02  3.85588118e-02  2.14289549e-07 
 8.79300000e-10  1.10000000e+00  1.09454637e+00  1.45561714e-02  3.80853173e-02  2.10579792e-07 
 8.79500000e-10  1.10000000e+00  1.09462073e+00  1.43761002e-02  3.76176108e-02  2.11668622e-07 
 8.79700000e-10  1.10000000e+00  1.09469405e+00  1.41982767e-02  3.71556222e-02  2.07993085e-07 
 8.79900000e-10  1.10000000e+00  1.09476636e+00  1.40226631e-02  3.66992826e-02  2.09102595e-07 
 8.80100000e-10  1.10000000e+00  1.09483766e+00  1.38492415e-02  3.62485236e-02  2.05460438e-07 
 8.80300000e-10  1.10000000e+00  1.09490797e+00  1.36779745e-02  3.58032777e-02  2.06590371e-07 
 8.80500000e-10  1.10000000e+00  1.09497730e+00  1.35088450e-02  3.53634783e-02  2.02980774e-07 
 8.80700000e-10  1.10000000e+00  1.09504566e+00  1.33418164e-02  3.49290596e-02  2.04130878e-07 
 8.80900000e-10  1.10000000e+00  1.09511308e+00  1.31768721e-02  3.44999563e-02  2.00553037e-07 
 8.81100000e-10  1.10000000e+00  1.09517957e+00  1.30139762e-02  3.40761042e-02  2.01723063e-07 
 8.81300000e-10  1.10000000e+00  1.09524513e+00  1.28531129e-02  3.36574396e-02  1.98176192e-07 
 8.81500000e-10  1.10000000e+00  1.09530978e+00  1.26942467e-02  3.32438998e-02  1.99365894e-07 
 8.81700000e-10  1.10000000e+00  1.09537353e+00  1.25373628e-02  3.28354227e-02  1.95849224e-07 
 8.81900000e-10  1.10000000e+00  1.09543640e+00  1.23824261e-02  3.24319469e-02  1.97058360e-07 
 8.82100000e-10  1.10000000e+00  1.09549839e+00  1.22294225e-02  3.20334118e-02  1.93571140e-07 
 8.82300000e-10  1.10000000e+00  1.09555953e+00  1.20783175e-02  3.16397575e-02  1.94799470e-07 
 8.82500000e-10  1.10000000e+00  1.09561982e+00  1.19290977e-02  3.12509248e-02  1.91340961e-07 
 8.82700000e-10  1.10000000e+00  1.09567928e+00  1.17817291e-02  3.08668553e-02  1.92588249e-07 
 8.82900000e-10  1.10000000e+00  1.09573791e+00  1.16361989e-02  3.04874911e-02  1.89157734e-07 
 8.83100000e-10  1.10000000e+00  1.09579573e+00  1.14924738e-02  3.01127752e-02  1.90423746e-07 
 8.83300000e-10  1.10000000e+00  1.09585275e+00  1.13505415e-02  2.97426511e-02  1.87020517e-07 
 8.83500000e-10  1.10000000e+00  1.09590898e+00  1.12103693e-02  2.93770630e-02  1.88305023e-07 
 8.83700000e-10  1.10000000e+00  1.09596443e+00  1.10719455e-02  2.90159560e-02  1.84928392e-07 
 8.83900000e-10  1.10000000e+00  1.09601911e+00  1.09352378e-02  2.86592755e-02  1.86231164e-07 
 8.84100000e-10  1.10000000e+00  1.09607304e+00  1.08002352e-02  2.83069678e-02  1.82880455e-07 
 8.84300000e-10  1.10000000e+00  1.09612622e+00  1.06669060e-02  2.79589797e-02  1.84201270e-07 
 8.84500000e-10  1.10000000e+00  1.09617867e+00  1.05352398e-02  2.76152588e-02  1.80875822e-07 
 8.84700000e-10  1.10000000e+00  1.09623039e+00  1.04052051e-02  2.72757531e-02  1.82214457e-07 
 8.84900000e-10  1.10000000e+00  1.09628140e+00  1.02767923e-02  2.69404115e-02  1.78913623e-07 
 8.85100000e-10  1.10000000e+00  1.09633171e+00  1.01499703e-02  2.66091831e-02  1.80269860e-07 
 8.85300000e-10  1.10000000e+00  1.09638131e+00  1.00247301e-02  2.62820181e-02  1.76993007e-07 
 8.85500000e-10  1.10000000e+00  1.09643024e+00  9.90104115e-03  2.59588670e-02  1.78366630e-07 
 8.85700000e-10  1.10000000e+00  1.09647849e+00  9.77889481e-03  2.56396809e-02  1.75113138e-07 
 8.85900000e-10  1.10000000e+00  1.09652607e+00  9.65826105e-03  2.53244115e-02  1.76503933e-07 
 8.86100000e-10  1.10000000e+00  1.09657300e+00  9.53913179e-03  2.50130112e-02  1.73273196e-07 
 8.86300000e-10  1.10000000e+00  1.09661928e+00  9.42147742e-03  2.47054329e-02  1.74680953e-07 
 8.86500000e-10  1.10000000e+00  1.09666492e+00  9.30529039e-03  2.44016299e-02  1.71472377e-07 
 8.86700000e-10  1.10000000e+00  1.09670993e+00  9.19054148e-03  2.41015564e-02  1.72896889e-07 
 8.86900000e-10  1.10000000e+00  1.09675432e+00  9.07722369e-03  2.38051668e-02  1.69709892e-07 
 8.87100000e-10  1.10000000e+00  1.09679810e+00  8.96530819e-03  2.35124163e-02  1.71150953e-07 
 8.87300000e-10  1.10000000e+00  1.09684128e+00  8.85478847e-03  2.32232605e-02  1.67984967e-07 
 8.87500000e-10  1.10000000e+00  1.09688387e+00  8.74563612e-03  2.29376556e-02  1.69442376e-07 
 8.87700000e-10  1.10000000e+00  1.09692586e+00  8.63784509e-03  2.26555582e-02  1.66296844e-07 
 8.87900000e-10  1.10000000e+00  1.09696728e+00  8.53138738e-03  2.23769257e-02  1.67770399e-07 
 8.88100000e-10  1.10000000e+00  1.09700813e+00  8.42625741e-03  2.21017158e-02  1.64644776e-07 
 8.88300000e-10  1.10000000e+00  1.09704842e+00  8.32242755e-03  2.18298866e-02  1.66134281e-07 
 8.88500000e-10  1.10000000e+00  1.09708815e+00  8.21989268e-03  2.15613970e-02  1.63028033e-07 
 8.88700000e-10  1.10000000e+00  1.09712734e+00  8.11862554e-03  2.12962061e-02  1.64533294e-07 
 8.88900000e-10  1.10000000e+00  1.09716598e+00  8.01862146e-03  2.10342738e-02  1.61445899e-07 
 8.89100000e-10  1.10000000e+00  1.09720410e+00  7.91985356e-03  2.07755602e-02  1.62966724e-07 
 8.89300000e-10  1.10000000e+00  1.09724169e+00  7.82231758e-03  2.05200260e-02  1.59897670e-07 
 8.89500000e-10  1.10000000e+00  1.09727877e+00  7.72598699e-03  2.02676325e-02  1.61433870e-07 
 8.89700000e-10  1.10000000e+00  1.09731534e+00  7.63085797e-03  2.00183412e-02  1.58382657e-07 
 8.89900000e-10  1.10000000e+00  1.09735141e+00  7.53690434e-03  1.97721143e-02  1.59934044e-07 
 8.90100000e-10  1.10000000e+00  1.09738698e+00  7.44412268e-03  1.95289143e-02  1.56900182e-07 
 8.90300000e-10  1.10000000e+00  1.09742206e+00  7.35248714e-03  1.92887042e-02  1.58466573e-07 
 8.90500000e-10  1.10000000e+00  1.09745666e+00  7.26199471e-03  1.90514475e-02  1.55449583e-07 
 8.90700000e-10  1.10000000e+00  1.09749079e+00  7.17261988e-03  1.88171081e-02  1.57030795e-07 
 8.90900000e-10  1.10000000e+00  1.09752445e+00  7.08436001e-03  1.85856503e-02  1.54030207e-07 
 8.91100000e-10  1.10000000e+00  1.09755764e+00  6.99718993e-03  1.83570389e-02  1.55626061e-07 
 8.91300000e-10  1.10000000e+00  1.09759039e+00  6.91110736e-03  1.81312391e-02  1.52641416e-07 
 8.91500000e-10  1.10000000e+00  1.09762268e+00  6.82608746e-03  1.79082165e-02  1.54251735e-07 
 8.91700000e-10  1.10000000e+00  1.09765453e+00  6.74212831e-03  1.76879371e-02  1.51282583e-07 
 8.91900000e-10  1.10000000e+00  1.09768595e+00  6.65920538e-03  1.74703674e-02  1.52907193e-07 
 8.92100000e-10  1.10000000e+00  1.09771693e+00  6.57731711e-03  1.72554742e-02  1.49953094e-07 
 8.92300000e-10  1.10000000e+00  1.09774750e+00  6.49643928e-03  1.70432248e-02  1.51591823e-07 
 8.92500000e-10  1.10000000e+00  1.09777764e+00  6.41657065e-03  1.68335868e-02  1.48652345e-07 
 8.92700000e-10  1.10000000e+00  1.09780737e+00  6.33768732e-03  1.66265282e-02  1.50305024e-07 
 8.92900000e-10  1.10000000e+00  1.09783669e+00  6.25978839e-03  1.64220175e-02  1.47379747e-07 
 8.93100000e-10  1.10000000e+00  1.09786562e+00  6.18285024e-03  1.62200235e-02  1.49046207e-07 
 8.93300000e-10  1.10000000e+00  1.09789414e+00  6.10687228e-03  1.60205153e-02  1.46134717e-07 
 8.93500000e-10  1.10000000e+00  1.09792228e+00  6.03183120e-03  1.58234626e-02  1.47814794e-07 
 8.93700000e-10  1.10000000e+00  1.09795004e+00  5.95772672e-03  1.56288352e-02  1.44916689e-07 
 8.93900000e-10  1.10000000e+00  1.09797741e+00  5.88453580e-03  1.54366034e-02  1.46610220e-07 
 8.94100000e-10  1.10000000e+00  1.09800441e+00  5.81225848e-03  1.52467379e-02  1.43725103e-07 
 8.94300000e-10  1.10000000e+00  1.09803104e+00  5.74087199e-03  1.50592098e-02  1.45431928e-07 
 8.94500000e-10  1.10000000e+00  1.09805731e+00  5.67037666e-03  1.48739902e-02  1.42559412e-07 
 8.94700000e-10  1.10000000e+00  1.09808322e+00  5.60074999e-03  1.46910511e-02  1.44279374e-07 
 8.94900000e-10  1.10000000e+00  1.09810878e+00  5.53199260e-03  1.45103644e-02  1.41419081e-07 
 8.95100000e-10  1.10000000e+00  1.09813399e+00  5.46408226e-03  1.43319024e-02  1.43152022e-07 
 8.95300000e-10  1.10000000e+00  1.09815885e+00  5.39701985e-03  1.41556381e-02  1.40303582e-07 
 8.95500000e-10  1.10000000e+00  1.09818337e+00  5.33078343e-03  1.39815443e-02  1.42049350e-07 
 8.95700000e-10  1.10000000e+00  1.09820756e+00  5.26537413e-03  1.38095945e-02  1.39212399e-07 
 8.95900000e-10  1.10000000e+00  1.09823143e+00  5.20077026e-03  1.36397623e-02  1.40970843e-07 
 8.96100000e-10  1.10000000e+00  1.09825496e+00  5.13697322e-03  1.34720219e-02  1.38145027e-07 
 8.96300000e-10  1.10000000e+00  1.09827818e+00  5.07396157e-03  1.33063476e-02  1.39915998e-07 
 8.96500000e-10  1.10000000e+00  1.09830108e+00  5.01173697e-03  1.31427140e-02  1.37100970e-07 
 8.96700000e-10  1.10000000e+00  1.09832366e+00  4.95027820e-03  1.29810960e-02  1.38884320e-07 
 8.96900000e-10  1.10000000e+00  1.09834594e+00  4.88958719e-03  1.28214690e-02  1.36079740e-07 
 8.97100000e-10  1.10000000e+00  1.09836792e+00  4.82964295e-03  1.26638085e-02  1.37875324e-07 
 8.97300000e-10  1.10000000e+00  1.09838960e+00  4.77044765e-03  1.25080905e-02  1.35080860e-07 
 8.97500000e-10  1.10000000e+00  1.09841098e+00  4.71198055e-03  1.23542909e-02  1.36888537e-07 
 8.97700000e-10  1.10000000e+00  1.09843207e+00  4.65424401e-03  1.22023864e-02  1.34103863e-07 
 8.97900000e-10  1.10000000e+00  1.09845288e+00  4.59721756e-03  1.20523536e-02  1.35923492e-07 
 8.98100000e-10  1.10000000e+00  1.09847340e+00  4.54090378e-03  1.19041696e-02  1.33148290e-07 
 8.98300000e-10  1.10000000e+00  1.09849365e+00  4.48528241e-03  1.17578116e-02  1.34979732e-07 
 8.98500000e-10  1.10000000e+00  1.09851361e+00  4.43035625e-03  1.16132573e-02  1.32213692e-07 
 8.98700000e-10  1.10000000e+00  1.09853331e+00  4.37610527e-03  1.14704845e-02  1.34056810e-07 
 8.98900000e-10  1.10000000e+00  1.09855274e+00  4.32253248e-03  1.13294714e-02  1.31299626e-07 
 8.99100000e-10  1.10000000e+00  1.09857191e+00  4.26961805e-03  1.11901962e-02  1.33154287e-07 
 8.99300000e-10  1.10000000e+00  1.09859081e+00  4.21736522e-03  1.10526377e-02  1.30405662e-07 
 8.99500000e-10  1.10000000e+00  1.09860946e+00  4.16575436e-03  1.09167747e-02  1.32271734e-07 
 8.99700000e-10  1.10000000e+00  1.09862786e+00  4.11478890e-03  1.07825866e-02  1.29531375e-07 
 8.99900000e-10  1.10000000e+00  1.09864601e+00  4.06444944e-03  1.06500526e-02  1.31408727e-07 
 9.00100000e-10  1.10000000e+00  1.09866391e+00  4.01473958e-03  1.05191524e-02  1.28676351e-07 
 9.00300000e-10  1.10000000e+00  1.09868157e+00  3.96564014e-03  1.03898660e-02  1.30564854e-07 
 9.00500000e-10  1.10000000e+00  1.09869899e+00  3.91715490e-03  1.02621736e-02  1.27840181e-07 
 9.00700000e-10  1.10000000e+00  1.09871617e+00  3.86926487e-03  1.01360555e-02  1.29739710e-07 
 9.00900000e-10  1.10000000e+00  1.09873312e+00  3.82197403e-03  1.00114924e-02  1.27022468e-07 
 9.01100000e-10  1.10000000e+00  1.09874984e+00  3.77526358e-03  9.88846518e-03  1.28932898e-07 
 9.01300000e-10  1.10000000e+00  1.09876634e+00  3.72913766e-03  9.76695499e-03  1.26222819e-07 
 9.01500000e-10  1.10000000e+00  1.09878261e+00  3.68357769e-03  9.64694317e-03  1.28144027e-07 
 9.01700000e-10  1.10000000e+00  1.09879866e+00  3.63858796e-03  9.52841128e-03  1.25440851e-07 
 9.01900000e-10  1.10000000e+00  1.09881449e+00  3.59415007e-03  9.41134113e-03  1.27372718e-07 
 9.02100000e-10  1.10000000e+00  1.09883011e+00  3.55026850e-03  9.29571476e-03  1.24676189e-07 
 9.02300000e-10  1.10000000e+00  1.09884552e+00  3.50692502e-03  9.18151441e-03  1.26618595e-07 
 9.02500000e-10  1.10000000e+00  1.09886072e+00  3.46412427e-03  9.06872253e-03  1.23928465e-07 
 9.02700000e-10  1.10000000e+00  1.09887571e+00  3.42184821e-03  8.95732181e-03  1.25881293e-07 
 9.02900000e-10  1.10000000e+00  1.09889050e+00  3.38010162e-03  8.84729514e-03  1.23197317e-07 
 9.03100000e-10  1.10000000e+00  1.09890510e+00  3.33886665e-03  8.73862561e-03  1.25160452e-07 
 9.03300000e-10  1.10000000e+00  1.09891949e+00  3.29814822e-03  8.63129654e-03  1.22482391e-07 
 9.03500000e-10  1.10000000e+00  1.09893369e+00  3.25792867e-03  8.52529143e-03  1.24455720e-07 
 9.03700000e-10  1.10000000e+00  1.09894770e+00  3.21821304e-03  8.42059399e-03  1.21783342e-07 
 9.03900000e-10  1.10000000e+00  1.09896152e+00  3.17898386e-03  8.31718814e-03  1.23766753e-07 
 9.04100000e-10  1.10000000e+00  1.09897515e+00  3.14024631e-03  8.21505798e-03  1.21099830e-07 
 9.04300000e-10  1.10000000e+00  1.09898860e+00  3.10198308e-03  8.11418782e-03  1.23093213e-07 
 9.04500000e-10  1.10000000e+00  1.09900187e+00  3.06419948e-03  8.01456214e-03  1.20431521e-07 
 9.04700000e-10  1.10000000e+00  1.09901496e+00  3.02687839e-03  7.91616564e-03  1.22434769e-07 
 9.04900000e-10  1.10000000e+00  1.09902787e+00  2.99002523e-03  7.81898319e-03  1.19778089e-07 
 9.05100000e-10  1.10000000e+00  1.09904061e+00  2.95362304e-03  7.72299984e-03  1.21791096e-07 
 9.05300000e-10  1.10000000e+00  1.09905317e+00  2.91767738e-03  7.62820084e-03  1.19139217e-07 
 9.05500000e-10  1.10000000e+00  1.09906557e+00  2.88217144e-03  7.53457161e-03  1.21161877e-07 
 9.05700000e-10  1.10000000e+00  1.09907780e+00  2.84711091e-03  7.44209774e-03  1.18514589e-07 
 9.05900000e-10  1.10000000e+00  1.09908987e+00  2.81247913e-03  7.35076501e-03  1.20546799e-07 
 9.06100000e-10  1.10000000e+00  1.09910177e+00  2.77828189e-03  7.26055937e-03  1.17903900e-07 
 9.06300000e-10  1.10000000e+00  1.09911351e+00  2.74450272e-03  7.17146696e-03  1.19945559e-07 
 9.06500000e-10  1.10000000e+00  1.09912510e+00  2.71114751e-03  7.08347405e-03  1.17306849e-07 
 9.06700000e-10  1.10000000e+00  1.09913652e+00  2.67819993e-03  6.99656711e-03  1.19357857e-07 
 9.06900000e-10  1.10000000e+00  1.09914780e+00  2.64566599e-03  6.91073277e-03  1.16723142e-07 
 9.07100000e-10  1.10000000e+00  1.09915892e+00  2.61352950e-03  6.82595782e-03  1.18783401e-07 
 9.07300000e-10  1.10000000e+00  1.09916990e+00  2.58179659e-03  6.74222921e-03  1.16152490e-07 
 9.07500000e-10  1.10000000e+00  1.09918072e+00  2.55045121e-03  6.65953406e-03  1.18221904e-07 
 9.07700000e-10  1.10000000e+00  1.09919140e+00  2.51949958e-03  6.57785963e-03  1.15594612e-07 
 9.07900000e-10  1.10000000e+00  1.09920194e+00  2.48892581e-03  6.49719335e-03  1.17673084e-07 
 9.08100000e-10  1.10000000e+00  1.09921233e+00  2.45873621e-03  6.41752281e-03  1.15049230e-07 
 9.08300000e-10  1.10000000e+00  1.09922259e+00  2.42891504e-03  6.33883574e-03  1.17136668e-07 
 9.08500000e-10  1.10000000e+00  1.09923271e+00  2.39946868e-03  6.26112002e-03  1.14516073e-07 
 9.08700000e-10  1.10000000e+00  1.09924269e+00  2.37038156e-03  6.18436368e-03  1.16612385e-07 
 9.08900000e-10  1.10000000e+00  1.09925254e+00  2.34166014e-03  6.10855491e-03  1.13994877e-07 
 9.09100000e-10  1.10000000e+00  1.09926225e+00  2.31328898e-03  6.03368204e-03  1.16099971e-07 
 9.09300000e-10  1.10000000e+00  1.09927184e+00  2.28527464e-03  5.95973352e-03  1.13485380e-07 
 9.09500000e-10  1.10000000e+00  1.09928130e+00  2.25760180e-03  5.88669797e-03  1.15599169e-07 
 9.09700000e-10  1.10000000e+00  1.09929063e+00  2.23027710e-03  5.81456413e-03  1.12987329e-07 
 9.09900000e-10  1.10000000e+00  1.09929983e+00  2.20328538e-03  5.74332091e-03  1.15109724e-07 
 9.10100000e-10  1.10000000e+00  1.09930891e+00  2.17663334e-03  5.67295731e-03  1.12500475e-07 
 9.10300000e-10  1.10000000e+00  1.09931787e+00  2.15030596e-03  5.60346251e-03  1.14631389e-07 
 9.10500000e-10  1.10000000e+00  1.09932671e+00  2.12431001e-03  5.53482579e-03  1.12024572e-07 
 9.10700000e-10  1.10000000e+00  1.09933543e+00  2.09863059e-03  5.46703657e-03  1.14163921e-07 
 9.10900000e-10  1.10000000e+00  1.09934404e+00  2.07327456e-03  5.40008441e-03  1.11559382e-07 
 9.11100000e-10  1.10000000e+00  1.09935253e+00  2.04822716e-03  5.33395899e-03  1.13707082e-07 
 9.11300000e-10  1.10000000e+00  1.09936090e+00  2.02349529e-03  5.26865013e-03  1.11104671e-07 
 9.11500000e-10  1.10000000e+00  1.09936917e+00  1.99906432e-03  5.20414774e-03  1.13260640e-07 
 9.11700000e-10  1.10000000e+00  1.09937732e+00  1.97494123e-03  5.14044190e-03  1.10660210e-07 
 9.11900000e-10  1.10000000e+00  1.09938536e+00  1.95111151e-03  5.07752278e-03  1.12824367e-07 
 9.12100000e-10  1.10000000e+00  1.09939330e+00  1.92758222e-03  5.01538069e-03  1.10225773e-07 
 9.12300000e-10  1.10000000e+00  1.09940113e+00  1.90433895e-03  4.95400603e-03  1.12398039e-07 
 9.12500000e-10  1.10000000e+00  1.09940885e+00  1.88138881e-03  4.89338935e-03  1.09801142e-07 
 9.12700000e-10  1.10000000e+00  1.09941647e+00  1.85871754e-03  4.83352131e-03  1.11981437e-07 
 9.12900000e-10  1.10000000e+00  1.09942399e+00  1.83633230e-03  4.77439267e-03  1.09386100e-07 
 9.13100000e-10  1.10000000e+00  1.09943141e+00  1.81421894e-03  4.71599431e-03  1.11574349e-07 
 9.13300000e-10  1.10000000e+00  1.09943873e+00  1.79238468e-03  4.65831723e-03  1.08980438e-07 
 9.13500000e-10  1.10000000e+00  1.09944596e+00  1.77081549e-03  4.60135254e-03  1.11176564e-07 
 9.13700000e-10  1.10000000e+00  1.09945308e+00  1.74951865e-03  4.54509144e-03  1.08583948e-07 
 9.13900000e-10  1.10000000e+00  1.09946011e+00  1.72848023e-03  4.48952526e-03  1.10787876e-07 
 9.14100000e-10  1.10000000e+00  1.09946705e+00  1.70770756e-03  4.43464543e-03  1.08196430e-07 
 9.14300000e-10  1.10000000e+00  1.09947390e+00  1.68718685e-03  4.38044349e-03  1.10408087e-07 
 9.14500000e-10  1.10000000e+00  1.09948065e+00  1.66692545e-03  4.32691106e-03  1.07817684e-07 
 9.14700000e-10  1.10000000e+00  1.09948731e+00  1.64690968e-03  4.27403990e-03  1.10036998e-07 
 9.14900000e-10  1.10000000e+00  1.09949389e+00  1.62714696e-03  4.22182185e-03  1.07447518e-07 
 9.15100000e-10  1.10000000e+00  1.09950037e+00  1.60762371e-03  4.17024885e-03  1.09674418e-07 
 9.15300000e-10  1.10000000e+00  1.09950677e+00  1.58834739e-03  4.11931295e-03  1.07085742e-07 
 9.15500000e-10  1.10000000e+00  1.09951309e+00  1.56930453e-03  4.06900627e-03  1.09320158e-07 
 9.15700000e-10  1.10000000e+00  1.09951932e+00  1.55050263e-03  4.01932107e-03  1.06732170e-07 
 9.15900000e-10  1.10000000e+00  1.09952547e+00  1.53192833e-03  3.97024967e-03  1.08974033e-07 
 9.16100000e-10  1.10000000e+00  1.09953153e+00  1.51358916e-03  3.92178451e-03  1.06386622e-07 
 9.16300000e-10  1.10000000e+00  1.09953752e+00  1.49547189e-03  3.87391809e-03  1.08635864e-07 
 9.16500000e-10  1.10000000e+00  1.09954342e+00  1.47758407e-03  3.82664304e-03  1.06048918e-07 
 9.16700000e-10  1.10000000e+00  1.09954925e+00  1.45991256e-03  3.77995205e-03  1.08305473e-07 
 9.16900000e-10  1.10000000e+00  1.09955500e+00  1.44246497e-03  3.73383793e-03  1.05718886e-07 
 9.17100000e-10  1.10000000e+00  1.09956067e+00  1.42522826e-03  3.68829355e-03  1.07982688e-07 
 9.17300000e-10  1.10000000e+00  1.09956627e+00  1.40821007e-03  3.64331188e-03  1.05396355e-07 
 9.17500000e-10  1.10000000e+00  1.09957179e+00  1.39139745e-03  3.59888597e-03  1.07667339e-07 
 9.17700000e-10  1.10000000e+00  1.09957724e+00  1.37479807e-03  3.55500898e-03  1.05081158e-07 
 9.17900000e-10  1.10000000e+00  1.09958262e+00  1.35839911e-03  3.51167412e-03  1.07359262e-07 
 9.18100000e-10  1.10000000e+00  1.09958792e+00  1.34220824e-03  3.46887471e-03  1.04773132e-07 
 9.18300000e-10  1.10000000e+00  1.09959315e+00  1.32621274e-03  3.42660413e-03  1.07058293e-07 
 9.18500000e-10  1.10000000e+00  1.09959832e+00  1.31042032e-03  3.38485586e-03  1.04472117e-07 
 9.18700000e-10  1.10000000e+00  1.09960342e+00  1.29481836e-03  3.34362345e-03  1.06764274e-07 
 9.18900000e-10  1.10000000e+00  1.09960844e+00  1.27941458e-03  3.30290054e-03  1.04177959e-07 
 9.19100000e-10  1.10000000e+00  1.09961341e+00  1.26419646e-03  3.26268084e-03  1.06477050e-07 
 9.19300000e-10  1.10000000e+00  1.09961830e+00  1.24917176e-03  3.22295813e-03  1.03890503e-07 
 9.19500000e-10  1.10000000e+00  1.09962313e+00  1.23432804e-03  3.18372628e-03  1.06196469e-07 
 9.19700000e-10  1.10000000e+00  1.09962790e+00  1.21967308e-03  3.14497924e-03  1.03609599e-07 
 9.19900000e-10  1.10000000e+00  1.09963260e+00  1.20519454e-03  3.10671101e-03  1.05922382e-07 
 9.20100000e-10  1.10000000e+00  1.09963725e+00  1.19090022e-03  3.06891569e-03  1.03335103e-07 
 9.20300000e-10  1.10000000e+00  1.09964183e+00  1.17677788e-03  3.03158744e-03  1.05654645e-07 
 9.20500000e-10  1.10000000e+00  1.09964634e+00  1.16283532e-03  2.99472050e-03  1.03066870e-07 
 9.20700000e-10  1.10000000e+00  1.09965080e+00  1.14906040e-03  2.95830916e-03  1.05393113e-07 
 9.20900000e-10  1.10000000e+00  1.09965520e+00  1.13546095e-03  2.92234780e-03  1.02804759e-07 
 9.21100000e-10  1.10000000e+00  1.09965954e+00  1.12202491e-03  2.88683087e-03  1.05137650e-07 
 9.21300000e-10  1.10000000e+00  1.09966383e+00  1.10876011e-03  2.85175289e-03  1.02548636e-07 
 9.21500000e-10  1.10000000e+00  1.09966806e+00  1.09565460e-03  2.81710842e-03  1.04888117e-07 
 9.21700000e-10  1.10000000e+00  1.09967223e+00  1.08271622e-03  2.78289212e-03  1.02298363e-07 
 9.21900000e-10  1.10000000e+00  1.09967634e+00  1.06993311e-03  2.74909871e-03  1.04644382e-07 
 9.22100000e-10  1.10000000e+00  1.09968040e+00  1.05731312e-03  2.71572295e-03  1.02053812e-07 
 9.22300000e-10  1.10000000e+00  1.09968441e+00  1.04484447e-03  2.68275970e-03  1.04406315e-07 
 9.22500000e-10  1.10000000e+00  1.09968837e+00  1.03253503e-03  2.65020386e-03  1.01814853e-07 
 9.22700000e-10  1.10000000e+00  1.09969227e+00  1.02037310e-03  2.61805040e-03  1.04173787e-07 
 9.22900000e-10  1.10000000e+00  1.09969612e+00  1.00836657e-03  2.58629435e-03  1.01581360e-07 
 9.23100000e-10  1.10000000e+00  1.09969992e+00  9.96503811e-04  2.55493080e-03  1.03946674e-07 
 9.23300000e-10  1.10000000e+00  1.09970367e+00  9.84792729e-04  2.52395491e-03  1.01353211e-07 
 9.23500000e-10  1.10000000e+00  1.09970737e+00  9.73221784e-04  2.49336189e-03  1.03724854e-07 
 9.23700000e-10  1.10000000e+00  1.09971102e+00  9.61798880e-04  2.46314700e-03  1.01130285e-07 
 9.23900000e-10  1.10000000e+00  1.09971462e+00  9.50512565e-04  2.43330559e-03  1.03508207e-07 
 9.24100000e-10  1.10000000e+00  1.09971818e+00  9.39370746e-04  2.40383304e-03  1.00912465e-07 
 9.24300000e-10  1.10000000e+00  1.09972169e+00  9.28362056e-04  2.37472479e-03  1.03296616e-07 
 9.24500000e-10  1.10000000e+00  1.09972515e+00  9.17494406e-04  2.34597634e-03  1.00699636e-07 
 9.24700000e-10  1.10000000e+00  1.09972856e+00  9.06756509e-04  2.31758326e-03  1.03089968e-07 
 9.24900000e-10  1.10000000e+00  1.09973193e+00  8.96156279e-04  2.28954114e-03  1.00491684e-07 
 9.25100000e-10  1.10000000e+00  1.09973526e+00  8.85682510e-04  2.26184566e-03  1.02888150e-07 
 9.25300000e-10  1.10000000e+00  1.09973854e+00  8.75343119e-04  2.23449253e-03  1.00288501e-07 
 9.25500000e-10  1.10000000e+00  1.09974178e+00  8.65126979e-04  2.20747753e-03  1.02691052e-07 
 9.25700000e-10  1.10000000e+00  1.09974498e+00  8.55042007e-04  2.18079648e-03  1.00089977e-07 
 9.25900000e-10  1.10000000e+00  1.09974813e+00  8.45077157e-04  2.15444526e-03  1.02498569e-07 
 9.26100000e-10  1.10000000e+00  1.09975125e+00  8.35240343e-04  2.12841978e-03  9.98960084e-08 
 9.26300000e-10  1.10000000e+00  1.09975432e+00  8.25520598e-04  2.10271603e-03  1.02310594e-07 
 9.26500000e-10  1.10000000e+00  1.09975735e+00  8.15925836e-04  2.07733004e-03  9.97064914e-08 
 9.26700000e-10  1.10000000e+00  1.09976034e+00  8.06445165e-04  2.05225787e-03  1.02127027e-07 
 9.26900000e-10  1.10000000e+00  1.09976329e+00  7.97086498e-04  2.02749565e-03  9.95213254e-08 
 9.27100000e-10  1.10000000e+00  1.09976620e+00  7.87839018e-04  2.00303955e-03  1.01947765e-07 
 9.27300000e-10  1.10000000e+00  1.09976908e+00  7.78710635e-04  1.97888580e-03  9.93404118e-08 
 9.27500000e-10  1.10000000e+00  1.09977192e+00  7.69690608e-04  1.95503064e-03  1.01772713e-07 
 9.27700000e-10  1.10000000e+00  1.09977471e+00  7.60786843e-04  1.93147041e-03  9.91636539e-08 
 9.27900000e-10  1.10000000e+00  1.09977748e+00  7.51988672e-04  1.90820145e-03  1.01601774e-07 
 9.28100000e-10  1.10000000e+00  1.09978020e+00  7.43303997e-04  1.88522016e-03  9.89909580e-08 
 9.28300000e-10  1.10000000e+00  1.09978289e+00  7.34722224e-04  1.86252299e-03  1.01434854e-07 
 9.28500000e-10  1.10000000e+00  1.09978555e+00  7.26251247e-04  1.84010643e-03  9.88222312e-08 
 9.28700000e-10  1.10000000e+00  1.09978817e+00  7.17880547e-04  1.81796701e-03  1.01271861e-07 
 9.28900000e-10  1.10000000e+00  1.09979075e+00  7.09618010e-04  1.79610131e-03  9.86573837e-08 
 9.29100000e-10  1.10000000e+00  1.09979330e+00  7.01453190e-04  1.77450595e-03  1.01112707e-07 
 9.29300000e-10  1.10000000e+00  1.09979582e+00  6.93393964e-04  1.75317759e-03  9.84963270e-08 
 9.29500000e-10  1.10000000e+00  1.09979831e+00  6.85429957e-04  1.73211292e-03  1.00957303e-07 
 9.29700000e-10  1.10000000e+00  1.09980076e+00  6.77569039e-04  1.71130870e-03  9.83389752e-08 
 9.29900000e-10  1.10000000e+00  1.09980318e+00  6.69800905e-04  1.69076169e-03  1.00805564e-07 
 9.30100000e-10  1.10000000e+00  1.09980556e+00  6.62133416e-04  1.67046873e-03  9.81852434e-08 
 9.30300000e-10  1.10000000e+00  1.09980792e+00  6.54556335e-04  1.65042667e-03  1.00657406e-07 
 9.30500000e-10  1.10000000e+00  1.09981025e+00  6.47077515e-04  1.63063242e-03  9.80350499e-08 
 9.30700000e-10  1.10000000e+00  1.09981254e+00  6.39686787e-04  1.61108291e-03  1.00512747e-07 
 9.30900000e-10  1.10000000e+00  1.09981481e+00  6.32391993e-04  1.59177512e-03  9.78883134e-08 
 9.31100000e-10  1.10000000e+00  1.09981704e+00  6.25183033e-04  1.57270606e-03  1.00371507e-07 
 9.31300000e-10  1.10000000e+00  1.09981925e+00  6.18067736e-04  1.55387278e-03  9.77449552e-08 
 9.31500000e-10  1.10000000e+00  1.09982142e+00  6.11036072e-04  1.53527236e-03  1.00233608e-07 
 9.31700000e-10  1.10000000e+00  1.09982357e+00  6.04095858e-04  1.51690194e-03  9.76048983e-08 
 9.31900000e-10  1.10000000e+00  1.09982569e+00  5.97237127e-04  1.49875866e-03  1.00098972e-07 
 9.32100000e-10  1.10000000e+00  1.09982778e+00  5.90467686e-04  1.48083973e-03  9.74680672e-08 
 9.32300000e-10  1.10000000e+00  1.09982985e+00  5.83777635e-04  1.46314236e-03  9.99675260e-08 
 9.32500000e-10  1.10000000e+00  1.09983189e+00  5.77174765e-04  1.44566382e-03  9.73343880e-08 
 9.32700000e-10  1.10000000e+00  1.09983390e+00  5.70649243e-04  1.42840141e-03  9.98391960e-08 
 9.32900000e-10  1.10000000e+00  1.09983588e+00  5.64208846e-04  1.41135245e-03  9.72037889e-08 
 9.33100000e-10  1.10000000e+00  1.09983784e+00  5.57843806e-04  1.39451431e-03  9.97139105e-08 
 9.33300000e-10  1.10000000e+00  1.09983977e+00  5.51561884e-04  1.37788438e-03  9.70761991e-08 
 9.33500000e-10  1.10000000e+00  1.09984168e+00  5.45353377e-04  1.36146009e-03  9.95915991e-08 
 9.33700000e-10  1.10000000e+00  1.09984356e+00  5.39226032e-04  1.34523889e-03  9.69515502e-08 
 9.33900000e-10  1.10000000e+00  1.09984542e+00  5.33170207e-04  1.32921828e-03  9.94721938e-08 
 9.34100000e-10  1.10000000e+00  1.09984725e+00  5.27193634e-04  1.31339578e-03  9.68297745e-08 
 9.34300000e-10  1.10000000e+00  1.09984906e+00  5.21286736e-04  1.29776894e-03  9.93556276e-08 
 9.34500000e-10  1.10000000e+00  1.09985085e+00  5.15457226e-04  1.28233534e-03  9.67108059e-08 
 9.34700000e-10  1.10000000e+00  1.09985261e+00  5.09695590e-04  1.26709258e-03  9.92418351e-08 
 9.34900000e-10  1.10000000e+00  1.09985435e+00  5.04009525e-04  1.25203833e-03  9.65945804e-08 
 9.35100000e-10  1.10000000e+00  1.09985607e+00  4.98389578e-04  1.23717023e-03  9.91307524e-08 
 9.35300000e-10  1.10000000e+00  1.09985776e+00  4.92843428e-04  1.22248600e-03  9.64810347e-08 
 9.35500000e-10  1.10000000e+00  1.09985943e+00  4.87361684e-04  1.20798336e-03  9.90223169e-08 
 9.35700000e-10  1.10000000e+00  1.09986108e+00  4.81952008e-04  1.19366006e-03  9.63701077e-08 
 9.35900000e-10  1.10000000e+00  1.09986271e+00  4.76605066e-04  1.17951389e-03  9.89164675e-08 
 9.36100000e-10  1.10000000e+00  1.09986432e+00  4.71328505e-04  1.16554266e-03  9.62617388e-08 
 9.36300000e-10  1.10000000e+00  1.09986591e+00  4.66113051e-04  1.15174421e-03  9.88131445e-08 
 9.36500000e-10  1.10000000e+00  1.09986747e+00  4.60966330e-04  1.13811640e-03  9.61558695e-08 
 9.36700000e-10  1.10000000e+00  1.09986902e+00  4.55879129e-04  1.12465712e-03  9.87122894e-08 
 9.36900000e-10  1.10000000e+00  1.09987054e+00  4.50859053e-04  1.11136428e-03  9.60524421e-08 
 9.37100000e-10  1.10000000e+00  1.09987205e+00  4.45896949e-04  1.09823584e-03  9.86138455e-08 
 9.37300000e-10  1.10000000e+00  1.09987353e+00  4.41000403e-04  1.08526976e-03  9.59514005e-08 
 9.37500000e-10  1.10000000e+00  1.09987500e+00  4.36160319e-04  1.07246403e-03  9.85177566e-08 
 9.37700000e-10  1.10000000e+00  1.09987645e+00  4.31384264e-04  1.05981667e-03  9.58526898e-08 
 9.37900000e-10  1.10000000e+00  1.09987787e+00  4.26663199e-04  1.04732572e-03  9.84239683e-08 
 9.38100000e-10  1.10000000e+00  1.09987928e+00  4.22004670e-04  1.03498925e-03  9.57562561e-08 
 9.38300000e-10  1.10000000e+00  1.09988067e+00  4.17399695e-04  1.02280535e-03  9.83324273e-08 
 9.38500000e-10  1.10000000e+00  1.09988205e+00  4.12855800e-04  1.01077213e-03  9.56620472e-08 
 9.38700000e-10  1.10000000e+00  1.09988340e+00  4.08364060e-04  9.98887725e-04  9.82430814e-08 
 9.38900000e-10  1.10000000e+00  1.09988474e+00  4.03931980e-04  9.87150306e-04  9.55700116e-08 
 9.39100000e-10  1.10000000e+00  1.09988606e+00  3.99550689e-04  9.75558049e-04  9.81558797e-08 
 9.39300000e-10  1.10000000e+00  1.09988736e+00  3.95227672e-04  9.64109160e-04  9.54800991e-08 
 9.39500000e-10  1.10000000e+00  1.09988865e+00  3.90954115e-04  9.52801868e-04  9.80707728e-08 
 9.39700000e-10  1.10000000e+00  1.09988991e+00  3.86737478e-04  9.41634421e-04  9.53922611e-08 
 9.39900000e-10  1.10000000e+00  1.09989117e+00  3.82569002e-04  9.30605091e-04  9.79877116e-08 
 9.40100000e-10  1.10000000e+00  1.09989240e+00  3.78456128e-04  9.19712169e-04  9.53064493e-08 
 9.40300000e-10  1.10000000e+00  1.09989362e+00  3.74390151e-04  9.08953971e-04  9.79066486e-08 
 9.40500000e-10  1.10000000e+00  1.09989483e+00  3.70378487e-04  8.98328829e-04  9.52226168e-08 
 9.40700000e-10  1.10000000e+00  1.09989601e+00  3.66412486e-04  8.87835099e-04  9.78275374e-08 
 9.40900000e-10  1.10000000e+00  1.09989719e+00  3.62499542e-04  8.77471157e-04  9.51407182e-08 
 9.41100000e-10  1.10000000e+00  1.09989834e+00  3.58631058e-04  8.67235398e-04  9.77503328e-08 
 9.41300000e-10  1.10000000e+00  1.09989949e+00  3.54814405e-04  8.57126236e-04  9.50607085e-08 
 9.41500000e-10  1.10000000e+00  1.09990061e+00  3.51041039e-04  8.47142107e-04  9.76749900e-08 
 9.41700000e-10  1.10000000e+00  1.09990173e+00  3.47318309e-04  8.37281465e-04  9.49825441e-08 
 9.41900000e-10  1.10000000e+00  1.09990283e+00  3.43637722e-04  8.27542783e-04  9.76014658e-08 
 9.42100000e-10  1.10000000e+00  1.09990391e+00  3.40006604e-04  8.17924552e-04  9.49061822e-08 
 9.42300000e-10  1.10000000e+00  1.09990498e+00  3.36416513e-04  8.08425285e-04  9.75297180e-08 
 9.42500000e-10  1.10000000e+00  1.09990603e+00  3.32874752e-04  7.99043510e-04  9.48315812e-08 
 9.42700000e-10  1.10000000e+00  1.09990708e+00  3.29372933e-04  7.89777774e-04  9.74597048e-08 
 9.42900000e-10  1.10000000e+00  1.09990811e+00  3.25918332e-04  7.80626642e-04  9.47587004e-08 
 9.43100000e-10  1.10000000e+00  1.09990912e+00  3.22502612e-04  7.71588698e-04  9.73913861e-08 
 9.43300000e-10  1.10000000e+00  1.09991012e+00  3.19133025e-04  7.62662542e-04  9.46874995e-08 
 9.43500000e-10  1.10000000e+00  1.09991111e+00  3.15801287e-04  7.53846792e-04  9.73247220e-08 
 9.43700000e-10  1.10000000e+00  1.09991209e+00  3.12514624e-04  7.45140083e-04  9.46179400e-08 
 9.43900000e-10  1.10000000e+00  1.09991305e+00  3.09264802e-04  7.36541065e-04  9.72596740e-08 
 9.44100000e-10  1.10000000e+00  1.09991400e+00  3.06059023e-04  7.28048409e-04  9.45499835e-08 
 9.44300000e-10  1.10000000e+00  1.09991494e+00  3.02889101e-04  7.19660798e-04  9.71962043e-08 
 9.44500000e-10  1.10000000e+00  1.09991587e+00  2.99762216e-04  7.11376934e-04  9.44835930e-08 
 9.44700000e-10  1.10000000e+00  1.09991678e+00  2.96670230e-04  7.03195534e-04  9.71342760e-08 
 9.44900000e-10  1.10000000e+00  1.09991769e+00  2.93620297e-04  6.95115330e-04  9.44187319e-08 
 9.45100000e-10  1.10000000e+00  1.09991858e+00  2.90604331e-04  6.87135073e-04  9.70738529e-08 
 9.45300000e-10  1.10000000e+00  1.09991946e+00  2.87629457e-04  6.79253524e-04  9.43553651e-08 
 9.45500000e-10  1.10000000e+00  1.09992032e+00  2.84687640e-04  6.71469466e-04  9.70149001e-08 
 9.45700000e-10  1.10000000e+00  1.09992118e+00  2.81785979e-04  6.63781690e-04  9.42934576e-08 
 9.45900000e-10  1.10000000e+00  1.09992203e+00  2.78916487e-04  6.56189008e-04  9.69573827e-08 
 9.46100000e-10  1.10000000e+00  1.09992286e+00  2.76086239e-04  6.48690243e-04  9.42329754e-08 
 9.46300000e-10  1.10000000e+00  1.09992368e+00  2.73287293e-04  6.41284233e-04  9.69012671e-08 
 9.46500000e-10  1.10000000e+00  1.09992450e+00  2.70526699e-04  6.33969832e-04  9.41738855e-08 
 9.46700000e-10  1.10000000e+00  1.09992530e+00  2.67796564e-04  6.26745908e-04  9.68465210e-08 
 9.46900000e-10  1.10000000e+00  1.09992609e+00  2.65103912e-04  6.19611340e-04  9.41161555e-08 
 9.47100000e-10  1.10000000e+00  1.09992687e+00  2.62440896e-04  6.12565024e-04  9.67931113e-08 
 9.47300000e-10  1.10000000e+00  1.09992765e+00  2.59814514e-04  6.05605870e-04  9.40597537e-08 
 9.47500000e-10  1.10000000e+00  1.09992841e+00  2.57216966e-04  5.98732798e-04  9.67410074e-08 
 9.47700000e-10  1.10000000e+00  1.09992916e+00  2.54655223e-04  5.91944744e-04  9.40046492e-08 
 9.47900000e-10  1.10000000e+00  1.09992990e+00  2.52121532e-04  5.85240658e-04  9.66901783e-08 
 9.48100000e-10  1.10000000e+00  1.09993063e+00  2.49622839e-04  5.78619500e-04  9.39508122e-08 
 9.48300000e-10  1.10000000e+00  1.09993136e+00  2.47151435e-04  5.72080245e-04  9.66405939e-08 
 9.48500000e-10  1.10000000e+00  1.09993207e+00  2.44714240e-04  5.65621881e-04  9.38982122e-08 
 9.48700000e-10  1.10000000e+00  1.09993277e+00  2.42303592e-04  5.59243406e-04  9.65922253e-08 
 9.48900000e-10  1.10000000e+00  1.09993347e+00  2.39926382e-04  5.52943833e-04  9.38468212e-08 
 9.49100000e-10  1.10000000e+00  1.09993416e+00  2.37574994e-04  5.46722187e-04  9.65450436e-08 
 9.49300000e-10  1.10000000e+00  1.09993483e+00  2.35256294e-04  5.40577503e-04  9.37966109e-08 
 9.49500000e-10  1.10000000e+00  1.09993550e+00  2.32962709e-04  5.34508830e-04  9.64990211e-08 
 9.49700000e-10  1.10000000e+00  1.09993616e+00  2.30701079e-04  5.28515227e-04  9.37475536e-08 
 9.49900000e-10  1.10000000e+00  1.09993681e+00  2.28463876e-04  5.22595767e-04  9.64541301e-08 
 9.50100000e-10  1.10000000e+00  1.09993746e+00  2.26257912e-04  5.16749531e-04  9.36996223e-08 
 9.50300000e-10  1.10000000e+00  1.09993809e+00  2.24075704e-04  5.10975616e-04  9.64103442e-08 
 9.50500000e-10  1.10000000e+00  1.09993872e+00  2.21924036e-04  5.05273126e-04  9.36527911e-08 
 9.50700000e-10  1.10000000e+00  1.09993934e+00  2.19795470e-04  4.99641178e-04  9.63676373e-08 
 9.50900000e-10  1.10000000e+00  1.09993995e+00  2.17696764e-04  4.94078900e-04  9.36070341e-08 
 9.51100000e-10  1.10000000e+00  1.09994055e+00  2.15620521e-04  4.88585429e-04  9.63259839e-08 
 9.51300000e-10  1.10000000e+00  1.09994114e+00  2.13573472e-04  4.83159916e-04  9.35623260e-08 
 9.51500000e-10  1.10000000e+00  1.09994173e+00  2.11548266e-04  4.77801519e-04  9.62853592e-08 
 9.51700000e-10  1.10000000e+00  1.09994231e+00  2.09551604e-04  4.72509408e-04  9.35186427e-08 
 9.51900000e-10  1.10000000e+00  1.09994288e+00  2.07576178e-04  4.67282764e-04  9.62457389e-08 
 9.52100000e-10  1.10000000e+00  1.09994345e+00  2.05628664e-04  4.62120777e-04  9.34759603e-08 
 9.52300000e-10  1.10000000e+00  1.09994400e+00  2.03701795e-04  4.57022648e-04  9.62070989e-08 
 9.52500000e-10  1.10000000e+00  1.09994455e+00  2.01802219e-04  4.51987585e-04  9.34342550e-08 
 9.52700000e-10  1.10000000e+00  1.09994510e+00  1.99922712e-04  4.47014811e-04  9.61694165e-08 
 9.52900000e-10  1.10000000e+00  1.09994563e+00  1.98069895e-04  4.42103553e-04  9.33935041e-08 
 9.53100000e-10  1.10000000e+00  1.09994616e+00  1.96236586e-04  4.37253052e-04  9.61326687e-08 
 9.53300000e-10  1.10000000e+00  1.09994668e+00  1.94429377e-04  4.32462555e-04  9.33536855e-08 
 9.53500000e-10  1.10000000e+00  1.09994720e+00  1.92641129e-04  4.27731322e-04  9.60968340e-08 
 9.53700000e-10  1.10000000e+00  1.09994771e+00  1.90878407e-04  4.23058618e-04  9.33147771e-08 
 9.53900000e-10  1.10000000e+00  1.09994821e+00  1.89134113e-04  4.18443720e-04  9.60618899e-08 
 9.54100000e-10  1.10000000e+00  1.09994871e+00  1.87414783e-04  4.13885912e-04  9.32767581e-08 
 9.54300000e-10  1.10000000e+00  1.09994920e+00  1.85713361e-04  4.09384490e-04  9.60278159e-08 
 9.54500000e-10  1.10000000e+00  1.09994968e+00  1.84036355e-04  4.04938754e-04  9.32396072e-08 
 9.54700000e-10  1.10000000e+00  1.09995016e+00  1.82376751e-04  4.00548018e-04  9.59945911e-08 
 9.54900000e-10  1.10000000e+00  1.09995063e+00  1.80741029e-04  3.96211599e-04  9.32033040e-08 
 9.55100000e-10  1.10000000e+00  1.09995109e+00  1.79122214e-04  3.91928827e-04  9.59621954e-08 
 9.55300000e-10  1.10000000e+00  1.09995155e+00  1.77526759e-04  3.87699039e-04  9.31678293e-08 
 9.55500000e-10  1.10000000e+00  1.09995200e+00  1.75947730e-04  3.83521577e-04  9.59306091e-08 
 9.55700000e-10  1.10000000e+00  1.09995245e+00  1.74391553e-04  3.79395796e-04  9.31331631e-08 
 9.55900000e-10  1.10000000e+00  1.09995289e+00  1.72851331e-04  3.75321057e-04  9.58998130e-08 
 9.56100000e-10  1.10000000e+00  1.09995333e+00  1.71333465e-04  3.71296727e-04  9.30992867e-08 
 9.56300000e-10  1.10000000e+00  1.09995376e+00  1.69831097e-04  3.67322183e-04  9.58697887e-08 
 9.56500000e-10  1.10000000e+00  1.09995418e+00  1.68350598e-04  3.63396810e-04  9.30661816e-08 
 9.56700000e-10  1.10000000e+00  1.09995460e+00  1.66885153e-04  3.59520000e-04  9.58405169e-08 
 9.56900000e-10  1.10000000e+00  1.09995501e+00  1.65441103e-04  3.55691151e-04  9.30338297e-08 
 9.57100000e-10  1.10000000e+00  1.09995542e+00  1.64011672e-04  3.51909670e-04  9.58119807e-08 
 9.57300000e-10  1.10000000e+00  1.09995582e+00  1.62603174e-04  3.48174972e-04  9.30022133e-08 
 9.57500000e-10  1.10000000e+00  1.09995622e+00  1.61208872e-04  3.44486478e-04  9.57841621e-08 
 9.57700000e-10  1.10000000e+00  1.09995661e+00  1.59835051e-04  3.40843617e-04  9.29713154e-08 
 9.57900000e-10  1.10000000e+00  1.09995700e+00  1.58475014e-04  3.37245823e-04  9.57570441e-08 
 9.58100000e-10  1.10000000e+00  1.09995738e+00  1.57135018e-04  3.33692540e-04  9.29411188e-08 
 9.58300000e-10  1.10000000e+00  1.09995776e+00  1.55808402e-04  3.30183216e-04  9.57306101e-08 
 9.58500000e-10  1.10000000e+00  1.09995814e+00  1.54501398e-04  3.26717309e-04  9.29116074e-08 
 9.58700000e-10  1.10000000e+00  1.09995850e+00  1.53207383e-04  3.23294281e-04  9.57048436e-08 
 9.58900000e-10  1.10000000e+00  1.09995887e+00  1.51932559e-04  3.19913601e-04  9.28827648e-08 
 9.59100000e-10  1.10000000e+00  1.09995923e+00  1.50670342e-04  3.16574747e-04  9.56797290e-08 
 9.59300000e-10  1.10000000e+00  1.09995958e+00  1.49426908e-04  3.13277200e-04  9.28545757e-08 
 9.59500000e-10  1.10000000e+00  1.09995993e+00  1.48195707e-04  3.10020450e-04  9.56552504e-08 
 9.59700000e-10  1.10000000e+00  1.09996027e+00  1.46982889e-04  3.06803991e-04  9.28270242e-08 
 9.59900000e-10  1.10000000e+00  1.09996061e+00  1.45781942e-04  3.03627326e-04  9.56313927e-08 
 9.60100000e-10  1.10000000e+00  1.09996095e+00  1.44598987e-04  3.00489963e-04  9.28000959e-08 
 9.60300000e-10  1.10000000e+00  1.09996128e+00  1.43427550e-04  2.97391414e-04  9.56081412e-08 
 9.60500000e-10  1.10000000e+00  1.09996161e+00  1.42273723e-04  2.94331201e-04  9.27737762e-08 
 9.60700000e-10  1.10000000e+00  1.09996193e+00  1.41131070e-04  2.91308848e-04  9.55854814e-08 
 9.60900000e-10  1.10000000e+00  1.09996225e+00  1.40005656e-04  2.88323888e-04  9.27480504e-08 
 9.61100000e-10  1.10000000e+00  1.09996257e+00  1.38891078e-04  2.85375858e-04  9.55633990e-08 
 9.61300000e-10  1.10000000e+00  1.09996288e+00  1.37793377e-04  2.82464301e-04  9.27229048e-08 
 9.61500000e-10  1.10000000e+00  1.09996319e+00  1.36706185e-04  2.79588766e-04  9.55418804e-08 
 9.61700000e-10  1.10000000e+00  1.09996349e+00  1.35635514e-04  2.76748807e-04  9.26983257e-08 
 9.61900000e-10  1.10000000e+00  1.09996379e+00  1.34575035e-04  2.73943985e-04  9.55209119e-08 
 9.62100000e-10  1.10000000e+00  1.09996408e+00  1.33530730e-04  2.71173864e-04  9.26742997e-08 
 9.62300000e-10  1.10000000e+00  1.09996437e+00  1.32496306e-04  2.68438016e-04  9.55004805e-08 
 9.62500000e-10  1.10000000e+00  1.09996466e+00  1.31477719e-04  2.65736016e-04  9.26508142e-08 
 9.62700000e-10  1.10000000e+00  1.09996495e+00  1.30468710e-04  2.63067445e-04  9.54805733e-08 
 9.62900000e-10  1.10000000e+00  1.09996523e+00  1.29475207e-04  2.60431891e-04  9.26278561e-08 
 9.63100000e-10  1.10000000e+00  1.09996550e+00  1.28490987e-04  2.57828945e-04  9.54611777e-08 
 9.63300000e-10  1.10000000e+00  1.09996578e+00  1.27521952e-04  2.55258203e-04  9.26054134e-08 
 9.63500000e-10  1.10000000e+00  1.09996605e+00  1.26561912e-04  2.52719266e-04  9.54422810e-08 
 9.63700000e-10  1.10000000e+00  1.09996631e+00  1.25616742e-04  2.50211743e-04  9.25834735e-08 
 9.63900000e-10  1.10000000e+00  1.09996658e+00  1.24680287e-04  2.47735243e-04  9.54238719e-08 
 9.64100000e-10  1.10000000e+00  1.09996684e+00  1.23758395e-04  2.45289384e-04  9.25620250e-08 
 9.64300000e-10  1.10000000e+00  1.09996709e+00  1.22844947e-04  2.42873786e-04  9.54059385e-08 
 9.64500000e-10  1.10000000e+00  1.09996735e+00  1.21945760e-04  2.40488074e-04  9.25410563e-08 
 9.64700000e-10  1.10000000e+00  1.09996759e+00  1.21054751e-04  2.38131880e-04  9.53884693e-08 
 9.64900000e-10  1.10000000e+00  1.09996784e+00  1.20177711e-04  2.35804837e-04  9.25205558e-08 
 9.65100000e-10  1.10000000e+00  1.09996808e+00  1.19308590e-04  2.33506586e-04  9.53714530e-08 
 9.65300000e-10  1.10000000e+00  1.09996833e+00  1.18453152e-04  2.31236770e-04  9.25005131e-08 
 9.65500000e-10  1.10000000e+00  1.09996856e+00  1.17605381e-04  2.28995037e-04  9.53548790e-08 
 9.65700000e-10  1.10000000e+00  1.09996880e+00  1.16771013e-04  2.26781040e-04  9.24809167e-08 
 9.65900000e-10  1.10000000e+00  1.09996903e+00  1.15944067e-04  2.24594436e-04  9.53387364e-08 
 9.66100000e-10  1.10000000e+00  1.09996926e+00  1.15130251e-04  2.22434886e-04  9.24617569e-08 
 9.66300000e-10  1.10000000e+00  1.09996948e+00  1.14323617e-04  2.20302055e-04  9.53230149e-08 
 9.66500000e-10  1.10000000e+00  1.09996970e+00  1.13529848e-04  2.18195613e-04  9.24430227e-08 
 9.66700000e-10  1.10000000e+00  1.09996992e+00  1.12743027e-04  2.16115234e-04  9.53077046e-08 
 9.66900000e-10  1.10000000e+00  1.09997014e+00  1.11968811e-04  2.14060594e-04  9.24247049e-08 
 9.67100000e-10  1.10000000e+00  1.09997035e+00  1.11201315e-04  2.12031375e-04  9.52927951e-08 
 9.67300000e-10  1.10000000e+00  1.09997056e+00  1.10446171e-04  2.10027264e-04  9.24067930e-08 
 9.67500000e-10  1.10000000e+00  1.09997077e+00  1.09697527e-04  2.08047949e-04  9.52782772e-08 
 9.67700000e-10  1.10000000e+00  1.09997098e+00  1.08960985e-04  2.06093123e-04  9.23892778e-08 
 9.67900000e-10  1.10000000e+00  1.09997118e+00  1.08230728e-04  2.04162484e-04  9.52641410e-08 
 9.68100000e-10  1.10000000e+00  1.09997138e+00  1.07512332e-04  2.02255733e-04  9.23721497e-08 
 9.68300000e-10  1.10000000e+00  1.09997158e+00  1.06800009e-04  2.00372573e-04  9.52503778e-08 
 9.68500000e-10  1.10000000e+00  1.09997178e+00  1.06099311e-04  1.98512713e-04  9.23554002e-08 
 9.68700000e-10  1.10000000e+00  1.09997197e+00  1.05404483e-04  1.96675865e-04  9.52369782e-08 
 9.68900000e-10  1.10000000e+00  1.09997216e+00  1.04721048e-04  1.94861745e-04  9.23390199e-08 
 9.69100000e-10  1.10000000e+00  1.09997235e+00  1.04043284e-04  1.93070070e-04  9.52239335e-08 
 9.69300000e-10  1.10000000e+00  1.09997253e+00  1.03376687e-04  1.91300563e-04  9.23230002e-08 
 9.69500000e-10  1.10000000e+00  1.09997272e+00  1.02715567e-04  1.89552951e-04  9.52112351e-08 
 9.69700000e-10  1.10000000e+00  1.09997290e+00  1.02065394e-04  1.87826961e-04  9.23073327e-08 
 9.69900000e-10  1.10000000e+00  1.09997308e+00  1.01420510e-04  1.86122327e-04  9.51988749e-08 
 9.70100000e-10  1.10000000e+00  1.09997325e+00  1.00786356e-04  1.84438785e-04  9.22920091e-08 
 9.70300000e-10  1.10000000e+00  1.09997343e+00  1.00157307e-04  1.82776073e-04  9.51868442e-08 
 9.70500000e-10  1.10000000e+00  1.09997360e+00  9.95387800e-05  1.81133934e-04  9.22770213e-08 
 9.70700000e-10  1.10000000e+00  1.09997377e+00  9.89251774e-05  1.79512113e-04  9.51751354e-08 
 9.70900000e-10  1.10000000e+00  1.09997394e+00  9.83218910e-05  1.77910359e-04  9.22623615e-08 
 9.71100000e-10  1.10000000e+00  1.09997410e+00  9.77233552e-05  1.76328423e-04  9.51637405e-08 
 9.71300000e-10  1.10000000e+00  1.09997427e+00  9.71349349e-05  1.74766061e-04  9.22480220e-08 
 9.71500000e-10  1.10000000e+00  1.09997443e+00  9.65510952e-05  1.73223031e-04  9.51526521e-08 
 9.71700000e-10  1.10000000e+00  1.09997459e+00  9.59771752e-05  1.71699092e-04  9.22339950e-08 
 9.71900000e-10  1.10000000e+00  1.09997474e+00  9.54076704e-05  1.70194010e-04  9.51418625e-08 
 9.72100000e-10  1.10000000e+00  1.09997490e+00  9.48478939e-05  1.68707550e-04  9.22202736e-08 
 9.72300000e-10  1.10000000e+00  1.09997505e+00  9.42923715e-05  1.67239482e-04  9.51313645e-08 
 9.72500000e-10  1.10000000e+00  1.09997520e+00  9.37463904e-05  1.65789579e-04  9.22068503e-08 
 9.72700000e-10  1.10000000e+00  1.09997535e+00  9.32045066e-05  1.64357616e-04  9.51211514e-08 
 9.72900000e-10  1.10000000e+00  1.09997550e+00  9.26719814e-05  1.62943371e-04  9.21937184e-08 
 9.73100000e-10  1.10000000e+00  1.09997564e+00  9.21434009e-05  1.61546625e-04  9.51112158e-08 
 9.73300000e-10  1.10000000e+00  1.09997579e+00  9.16240006e-05  1.60167161e-04  9.21808707e-08 
 9.73500000e-10  1.10000000e+00  1.09997593e+00  9.11083963e-05  1.58804766e-04  9.51015509e-08 
 9.73700000e-10  1.10000000e+00  1.09997607e+00  9.06017979e-05  1.57459228e-04  9.21683008e-08 
 9.73900000e-10  1.10000000e+00  1.09997621e+00  9.00988507e-05  1.56130339e-04  9.50921505e-08 
 9.74100000e-10  1.10000000e+00  1.09997634e+00  8.96047391e-05  1.54817892e-04  9.21560018e-08 
 9.74300000e-10  1.10000000e+00  1.09997648e+00  8.91141378e-05  1.53521685e-04  9.50830081e-08 
 9.74500000e-10  1.10000000e+00  1.09997661e+00  8.86322058e-05  1.52241517e-04  9.21439680e-08 
 9.74700000e-10  1.10000000e+00  1.09997674e+00  8.81536469e-05  1.50977188e-04  9.50741170e-08 
 9.74900000e-10  1.10000000e+00  1.09997687e+00  8.76835948e-05  1.49728504e-04  9.21321925e-08 
 9.75100000e-10  1.10000000e+00  1.09997700e+00  8.72167822e-05  1.48495270e-04  9.50654715e-08 
 9.75300000e-10  1.10000000e+00  1.09997713e+00  8.67583176e-05  1.47277295e-04  9.21206697e-08 
 9.75500000e-10  1.10000000e+00  1.09997725e+00  8.63029626e-05  1.46074391e-04  9.50570655e-08 
 9.75700000e-10  1.10000000e+00  1.09997738e+00  8.58558002e-05  1.44886371e-04  9.21093936e-08 
 9.75900000e-10  1.10000000e+00  1.09997750e+00  8.54116210e-05  1.43713051e-04  9.50488931e-08 
 9.76100000e-10  1.10000000e+00  1.09997762e+00  8.49754829e-05  1.42554249e-04  9.20983581e-08 
 9.76300000e-10  1.10000000e+00  1.09997774e+00  8.45422048e-05  1.41409786e-04  9.50409485e-08 
 9.76500000e-10  1.10000000e+00  1.09997785e+00  8.41168196e-05  1.40279483e-04  9.20875579e-08 
 9.76700000e-10  1.10000000e+00  1.09997797e+00  8.36941745e-05  1.39163167e-04  9.50332260e-08 
 9.76900000e-10  1.10000000e+00  1.09997808e+00  8.32792776e-05  1.38060663e-04  9.20769873e-08 
 9.77100000e-10  1.10000000e+00  1.09997819e+00  8.28670041e-05  1.36971801e-04  9.50257208e-08 
 9.77300000e-10  1.10000000e+00  1.09997831e+00  8.24623374e-05  1.35896412e-04  9.20666412e-08 
 9.77500000e-10  1.10000000e+00  1.09997842e+00  8.20601806e-05  1.34834330e-04  9.50184269e-08 
 9.77700000e-10  1.10000000e+00  1.09997852e+00  8.16654922e-05  1.33785390e-04  9.20565138e-08 
 9.77900000e-10  1.10000000e+00  1.09997863e+00  8.12732034e-05  1.32749428e-04  9.50113395e-08 
 9.78100000e-10  1.10000000e+00  1.09997874e+00  8.08882478e-05  1.31726286e-04  9.20466006e-08 
 9.78300000e-10  1.10000000e+00  1.09997884e+00  8.05055843e-05  1.30715803e-04  9.50044533e-08 
 9.78500000e-10  1.10000000e+00  1.09997894e+00  8.01301221e-05  1.29717824e-04  9.20368963e-08 
 9.78700000e-10  1.10000000e+00  1.09997905e+00  7.97568473e-05  1.28732193e-04  9.49977636e-08 
 9.78900000e-10  1.10000000e+00  1.09997915e+00  7.93906447e-05  1.27758759e-04  9.20273959e-08 
 9.79100000e-10  1.10000000e+00  1.09997924e+00  7.90265278e-05  1.26797369e-04  9.49912652e-08 
 9.79300000e-10  1.10000000e+00  1.09997934e+00  7.86693569e-05  1.25847876e-04  9.20180945e-08 
 9.79500000e-10  1.10000000e+00  1.09997944e+00  7.83141728e-05  1.24910131e-04  9.49849538e-08 
 9.79700000e-10  1.10000000e+00  1.09997953e+00  7.79658114e-05  1.23983990e-04  9.20089880e-08 
 9.79900000e-10  1.10000000e+00  1.09997963e+00  7.76193404e-05  1.23069308e-04  9.49788247e-08 
 9.80100000e-10  1.10000000e+00  1.09997972e+00  7.72795717e-05  1.22165945e-04  9.20000716e-08 
 9.80300000e-10  1.10000000e+00  1.09997981e+00  7.69415997e-05  1.21273759e-04  9.49728731e-08 
 9.80500000e-10  1.10000000e+00  1.09997990e+00  7.66102122e-05  1.20392614e-04  9.19913406e-08 
 9.80700000e-10  1.10000000e+00  1.09997999e+00  7.62805302e-05  1.19522371e-04  9.49670952e-08 
 9.80900000e-10  1.10000000e+00  1.09998008e+00  7.59573176e-05  1.18662897e-04  9.19827907e-08 
 9.81100000e-10  1.10000000e+00  1.09998017e+00  7.56357219e-05  1.17814058e-04  9.49614860e-08 
 9.81300000e-10  1.10000000e+00  1.09998025e+00  7.53204829e-05  1.16975722e-04  9.19744182e-08 
 9.81500000e-10  1.10000000e+00  1.09998034e+00  7.50067746e-05  1.16147760e-04  9.49560421e-08 
 9.81700000e-10  1.10000000e+00  1.09998042e+00  7.46993131e-05  1.15330043e-04  9.19662184e-08 
 9.81900000e-10  1.10000000e+00  1.09998051e+00  7.43932984e-05  1.14522444e-04  9.49507588e-08 
 9.82100000e-10  1.10000000e+00  1.09998059e+00  7.40934229e-05  1.13724838e-04  9.19581872e-08 
 9.82300000e-10  1.10000000e+00  1.09998067e+00  7.37949127e-05  1.12937102e-04  9.49456325e-08 
 9.82500000e-10  1.10000000e+00  1.09998075e+00  7.35024365e-05  1.12159114e-04  9.19503210e-08 
 9.82700000e-10  1.10000000e+00  1.09998083e+00  7.32112462e-05  1.11390752e-04  9.49406592e-08 
 9.82900000e-10  1.10000000e+00  1.09998090e+00  7.29259872e-05  1.10631898e-04  9.19426159e-08 
 9.83100000e-10  1.10000000e+00  1.09998098e+00  7.26419369e-05  1.09882434e-04  9.49358348e-08 
 9.83300000e-10  1.10000000e+00  1.09998106e+00  7.23637174e-05  1.09142243e-04  9.19350680e-08 
 9.83500000e-10  1.10000000e+00  1.09998113e+00  7.20866317e-05  1.08411212e-04  9.49311562e-08 
 9.83700000e-10  1.10000000e+00  1.09998121e+00  7.18152784e-05  1.07689227e-04  9.19276739e-08 
 9.83900000e-10  1.10000000e+00  1.09998128e+00  7.15449861e-05  1.06976176e-04  9.49266194e-08 
 9.84100000e-10  1.10000000e+00  1.09998135e+00  7.12803300e-05  1.06271948e-04  9.19204298e-08 
 9.84300000e-10  1.10000000e+00  1.09998142e+00  7.10166640e-05  1.05576434e-04  9.49222210e-08 
 9.84500000e-10  1.10000000e+00  1.09998149e+00  7.07585404e-05  1.04889526e-04  9.19133323e-08 
 9.84700000e-10  1.10000000e+00  1.09998156e+00  7.05013379e-05  1.04211119e-04  9.49179576e-08 
 9.84900000e-10  1.10000000e+00  1.09998163e+00  7.02495858e-05  1.03541106e-04  9.19063780e-08 
 9.85100000e-10  1.10000000e+00  1.09998170e+00  6.99986879e-05  1.02879383e-04  9.49138256e-08 
 9.85300000e-10  1.10000000e+00  1.09998176e+00  6.97531505e-05  1.02225849e-04  9.18995632e-08 
 9.85500000e-10  1.10000000e+00  1.09998183e+00  6.95084023e-05  1.01580402e-04  9.49098219e-08 
 9.85700000e-10  1.10000000e+00  1.09998189e+00  6.92689266e-05  1.00942942e-04  9.18928850e-08 
 9.85900000e-10  1.10000000e+00  1.09998196e+00  6.90301769e-05  1.00313370e-04  9.49059432e-08 
 9.86100000e-10  1.10000000e+00  1.09998202e+00  6.87966138e-05  9.96915885e-05  9.18863405e-08 
 9.86300000e-10  1.10000000e+00  1.09998208e+00  6.85637151e-05  9.90775009e-05  9.49021868e-08 
 9.86500000e-10  1.10000000e+00  1.09998215e+00  6.83359190e-05  9.84710121e-05  9.18799259e-08 
 9.86700000e-10  1.10000000e+00  1.09998221e+00  6.81087276e-05  9.78720282e-05  9.48985491e-08 
 9.86900000e-10  1.10000000e+00  1.09998227e+00  6.78865565e-05  9.72804562e-05  9.18736388e-08 
 9.87100000e-10  1.10000000e+00  1.09998233e+00  6.76649321e-05  9.66962045e-05  9.48950274e-08 
 9.87300000e-10  1.10000000e+00  1.09998239e+00  6.74482475e-05  9.61191824e-05  9.18674759e-08 
 9.87500000e-10  1.10000000e+00  1.09998244e+00  6.72320532e-05  9.55493006e-05  9.48916189e-08 
 9.87700000e-10  1.10000000e+00  1.09998250e+00  6.70207201e-05  9.49864706e-05  9.18614344e-08 
 9.87900000e-10  1.10000000e+00  1.09998256e+00  6.68098226e-05  9.44306052e-05  9.48883203e-08 
 9.88100000e-10  1.10000000e+00  1.09998261e+00  6.66037092e-05  9.38816183e-05  9.18555117e-08 
 9.88300000e-10  1.10000000e+00  1.09998267e+00  6.63979781e-05  9.33394248e-05  9.48851295e-08 
 9.88500000e-10  1.10000000e+00  1.09998272e+00  6.61969560e-05  9.28039405e-05  9.18497046e-08 
 9.88700000e-10  1.10000000e+00  1.09998278e+00  6.59962645e-05  9.22750824e-05  9.48820433e-08 
 9.88900000e-10  1.10000000e+00  1.09998283e+00  6.58002082e-05  9.17527687e-05  9.18440109e-08 
 9.89100000e-10  1.10000000e+00  1.09998288e+00  6.56044324e-05  9.12369182e-05  9.48790592e-08 
 9.89300000e-10  1.10000000e+00  1.09998293e+00  6.54132197e-05  9.07274510e-05  9.18384277e-08 
 9.89500000e-10  1.10000000e+00  1.09998298e+00  6.52222388e-05  9.02242882e-05  9.48761747e-08 
 9.89700000e-10  1.10000000e+00  1.09998303e+00  6.50357505e-05  8.97273517e-05  9.18329526e-08 
 9.89900000e-10  1.10000000e+00  1.09998308e+00  6.48494466e-05  8.92365645e-05  9.48733872e-08 
 9.90100000e-10  1.10000000e+00  1.09998313e+00  6.46675663e-05  8.87518505e-05  9.18275829e-08 
 9.90300000e-10  1.10000000e+00  1.09998318e+00  6.44858246e-05  8.82731346e-05  9.48706946e-08 
 9.90500000e-10  1.10000000e+00  1.09998323e+00  6.43084389e-05  8.78003424e-05  9.18223159e-08 
 9.90700000e-10  1.10000000e+00  1.09998328e+00  6.41311472e-05  8.73334008e-05  9.48680936e-08 
 9.90900000e-10  1.10000000e+00  1.09998332e+00  6.39581454e-05  8.68722374e-05  9.18171503e-08 
 9.91100000e-10  1.10000000e+00  1.09998337e+00  6.37851944e-05  8.64167806e-05  9.48655832e-08 
 9.91300000e-10  1.10000000e+00  1.09998341e+00  6.36164686e-05  8.59669598e-05  9.18120826e-08 
 9.91500000e-10  1.10000000e+00  1.09998346e+00  6.34477515e-05  8.55227054e-05  9.48631601e-08 
 9.91700000e-10  1.10000000e+00  1.09998350e+00  6.32831964e-05  8.50839483e-05  9.18071112e-08 
 9.91900000e-10  1.10000000e+00  1.09998355e+00  6.31186093e-05  8.46506207e-05  9.48608223e-08 
 9.92100000e-10  1.10000000e+00  1.09998359e+00  6.29581222e-05  8.42226552e-05  9.18022336e-08 
 9.92300000e-10  1.10000000e+00  1.09998363e+00  6.27975635e-05  8.37999857e-05  9.48585680e-08 
 9.92500000e-10  1.10000000e+00  1.09998368e+00  6.26410442e-05  8.33825464e-05  9.17974477e-08 
 9.92700000e-10  1.10000000e+00  1.09998372e+00  6.24844150e-05  8.29702728e-05  9.48563944e-08 
 9.92900000e-10  1.10000000e+00  1.09998376e+00  6.23317659e-05  8.25631009e-05  9.17927515e-08 
 9.93100000e-10  1.10000000e+00  1.09998380e+00  6.21789696e-05  8.21609676e-05  9.48543002e-08 
 9.93300000e-10  1.10000000e+00  1.09998384e+00  6.20300953e-05  8.17638105e-05  9.17881428e-08 
 9.93500000e-10  1.10000000e+00  1.09998388e+00  6.18810378e-05  8.13715680e-05  9.48522828e-08 
 9.93700000e-10  1.10000000e+00  1.09998392e+00  6.17358453e-05  8.09841794e-05  9.17836198e-08 
 9.93900000e-10  1.10000000e+00  1.09998396e+00  6.15904347e-05  8.06015845e-05  9.48503408e-08 
 9.94100000e-10  1.10000000e+00  1.09998399e+00  6.14488334e-05  8.02237241e-05  9.17791804e-08 
 9.94300000e-10  1.10000000e+00  1.09998403e+00  6.13069801e-05  7.98505396e-05  9.48484717e-08 
 9.94500000e-10  1.10000000e+00  1.09998407e+00  6.11688815e-05  7.94819731e-05  9.17748227e-08 
 9.94700000e-10  1.10000000e+00  1.09998410e+00  6.10304981e-05  7.91179675e-05  9.48466740e-08 
 9.94900000e-10  1.10000000e+00  1.09998414e+00  6.08958160e-05  7.87584663e-05  9.17705447e-08 
 9.95100000e-10  1.10000000e+00  1.09998418e+00  6.07608172e-05  7.84034138e-05  9.48449457e-08 
 9.95300000e-10  1.10000000e+00  1.09998421e+00  6.06294674e-05  7.80527550e-05  9.17663446e-08 
 9.95500000e-10  1.10000000e+00  1.09998425e+00  6.04977701e-05  7.77064355e-05  9.48432854e-08 
 9.95700000e-10  1.10000000e+00  1.09998428e+00  6.03696707e-05  7.73644015e-05  9.17622209e-08 
 9.95900000e-10  1.10000000e+00  1.09998431e+00  6.02411937e-05  7.70266001e-05  9.48416906e-08 
 9.96100000e-10  1.10000000e+00  1.09998435e+00  6.01162645e-05  7.66929789e-05  9.17581716e-08 
 9.96300000e-10  1.10000000e+00  1.09998438e+00  5.99909288e-05  7.63634862e-05  9.48401603e-08 
 9.96500000e-10  1.10000000e+00  1.09998441e+00  5.98690917e-05  7.60380708e-05  9.17541950e-08 
 9.96700000e-10  1.10000000e+00  1.09998445e+00  5.97468201e-05  7.57166824e-05  9.48386925e-08 
 9.96900000e-10  1.10000000e+00  1.09998448e+00  5.96279990e-05  7.53992711e-05  9.17502897e-08 
 9.97100000e-10  1.10000000e+00  1.09998451e+00  5.95087162e-05  7.50857876e-05  9.48372857e-08 
 9.97300000e-10  1.10000000e+00  1.09998454e+00  5.93928368e-05  7.47761835e-05  9.17464538e-08 
 9.97500000e-10  1.10000000e+00  1.09998457e+00  5.92764694e-05  7.44704106e-05  9.48359382e-08 
 9.97700000e-10  1.10000000e+00  1.09998460e+00  5.91634592e-05  7.41684215e-05  9.17426859e-08 
 9.97900000e-10  1.10000000e+00  1.09998463e+00  5.90499356e-05  7.38701696e-05  9.48346488e-08 
 9.98100000e-10  1.10000000e+00  1.09998466e+00  5.89397240e-05  7.35756084e-05  9.17389842e-08 
 9.98300000e-10  1.10000000e+00  1.09998469e+00  5.88289743e-05  7.32846924e-05  9.48334157e-08 
 9.98500000e-10  1.10000000e+00  1.09998472e+00  5.87214923e-05  7.29973764e-05  9.17353474e-08 
 9.98700000e-10  1.10000000e+00  1.09998475e+00  5.86134485e-05  7.27136158e-05  9.48322374e-08 
 9.98900000e-10  1.10000000e+00  1.09998478e+00  5.85086288e-05  7.24333668e-05  9.17317741e-08 
 9.99100000e-10  1.10000000e+00  1.09998480e+00  5.84032243e-05  7.21565858e-05  9.48311127e-08 
 9.99300000e-10  1.10000000e+00  1.09998483e+00  5.83010014e-05  7.18832299e-05  9.17282628e-08 
 9.99500000e-10  1.10000000e+00  1.09998486e+00  5.81981714e-05  7.16132568e-05  9.48300402e-08 
 9.99700000e-10  1.10000000e+00  1.09998488e+00  5.80984814e-05  7.13466245e-05  9.17248121e-08 
 9.99900000e-10  1.10000000e+00  1.09998491e+00  5.79981626e-05  7.10832917e-05  9.48290182e-08 
 1.00010000e-09  1.10000000e+00  1.09998494e+00  5.79009430e-05  7.08232177e-05  9.17214206e-08 
 1.00030000e-09  1.10000000e+00  1.09998496e+00  5.78030738e-05  7.05663621e-05  9.48280455e-08 
 1.00050000e-09  1.10000000e+00  1.09998499e+00  5.77082638e-05  7.03126850e-05  9.17180868e-08 
 1.00070000e-09  1.10000000e+00  1.09998501e+00  5.76127840e-05  7.00621471e-05  9.48271210e-08 
 1.00090000e-09  1.10000000e+00  1.09998504e+00  5.75203242e-05  6.98147097e-05  9.17148098e-08 
 1.00110000e-09  1.10000000e+00  1.09998506e+00  5.74271752e-05  6.95703342e-05  9.48262435e-08 
 1.00130000e-09  1.10000000e+00  1.09998509e+00  5.73370077e-05  6.93289829e-05  9.17115880e-08 
 1.00150000e-09  1.10000000e+00  1.09998511e+00  5.72461322e-05  6.90906183e-05  9.48254116e-08 
 1.00170000e-09  1.10000000e+00  1.09998513e+00  5.71582005e-05  6.88552034e-05  9.17084201e-08 
 1.00190000e-09  1.10000000e+00  1.09998516e+00  5.70695426e-05  6.86227017e-05  9.48246241e-08 
 1.00210000e-09  1.10000000e+00  1.09998518e+00  5.69837917e-05  6.83930773e-05  9.17053053e-08 
 1.00230000e-09  1.10000000e+00  1.09998520e+00  5.68972970e-05  6.81662945e-05  9.48238797e-08 
 1.00250000e-09  1.10000000e+00  1.09998522e+00  5.68136730e-05  6.79423180e-05  9.17022420e-08 
 1.00270000e-09  1.10000000e+00  1.09998525e+00  5.67292885e-05  6.77211133e-05  9.48231774e-08 
 1.00290000e-09  1.10000000e+00  1.09998527e+00  5.66477391e-05  6.75026460e-05  9.16992294e-08 
 1.00310000e-09  1.10000000e+00  1.09998529e+00  5.65654128e-05  6.72868823e-05  9.48225162e-08 
 1.00330000e-09  1.10000000e+00  1.09998531e+00  5.64858869e-05  6.70737886e-05  9.16962660e-08 
 1.00350000e-09  1.10000000e+00  1.09998533e+00  5.64055684e-05  6.68633319e-05  9.48218948e-08 
 1.00370000e-09  1.10000000e+00  1.09998535e+00  5.63280160e-05  6.66554796e-05  9.16933509e-08 
 1.00390000e-09  1.10000000e+00  1.09998537e+00  5.62496560e-05  6.64501996e-05  9.48213123e-08 
 1.00410000e-09  1.10000000e+00  1.09998539e+00  5.61740286e-05  6.62474598e-05  9.16904831e-08 
 1.00430000e-09  1.10000000e+00  1.09998541e+00  5.60975789e-05  6.60472290e-05  9.48207676e-08 
 1.00450000e-09  1.10000000e+00  1.09998543e+00  5.60238290e-05  6.58494760e-05  9.16876614e-08 
 1.00470000e-09  1.10000000e+00  1.09998545e+00  5.59492427e-05  6.56541703e-05  9.48202597e-08 
 1.00490000e-09  1.10000000e+00  1.09998547e+00  5.58773241e-05  6.54612814e-05  9.16848852e-08 
 1.00510000e-09  1.10000000e+00  1.09998549e+00  5.58045556e-05  6.52707796e-05  9.48197875e-08 
 1.00530000e-09  1.10000000e+00  1.09998551e+00  5.57344230e-05  6.50826353e-05  9.16821526e-08 
 1.00550000e-09  1.10000000e+00  1.09998553e+00  5.56634276e-05  6.48968192e-05  9.48193502e-08 
 1.00570000e-09  1.10000000e+00  1.09998554e+00  5.55950371e-05  6.47133026e-05  9.16794635e-08 
 1.00590000e-09  1.10000000e+00  1.09998556e+00  5.55257712e-05  6.45320571e-05  9.48189466e-08 
 1.00610000e-09  1.10000000e+00  1.09998558e+00  5.54590799e-05  6.43530545e-05  9.16768165e-08 
 1.00630000e-09  1.10000000e+00  1.09998560e+00  5.53915011e-05  6.41762671e-05  9.48185761e-08 
 1.00650000e-09  1.10000000e+00  1.09998562e+00  5.53264671e-05  6.40016675e-05  9.16742108e-08 
 1.00670000e-09  1.10000000e+00  1.09998563e+00  5.52605340e-05  6.38292285e-05  9.48182378e-08 
 1.00690000e-09  1.10000000e+00  1.09998565e+00  5.51971163e-05  6.36589235e-05  9.16716454e-08 
 1.00710000e-09  1.10000000e+00  1.09998567e+00  5.51327885e-05  6.34907260e-05  9.48179307e-08 
 1.00730000e-09  1.10000000e+00  1.09998568e+00  5.50709474e-05  6.33246100e-05  9.16691196e-08 
 1.00750000e-09  1.10000000e+00  1.09998570e+00  5.50081855e-05  6.31605498e-05  9.48176538e-08 
 1.00770000e-09  1.10000000e+00  1.09998572e+00  5.49478821e-05  6.29985198e-05  9.16666324e-08 
 1.00790000e-09  1.10000000e+00  1.09998573e+00  5.48866476e-05  6.28384949e-05  9.48174066e-08 
 1.00810000e-09  1.10000000e+00  1.09998575e+00  5.48278440e-05  6.26804504e-05  9.16641829e-08 
 1.00830000e-09  1.10000000e+00  1.09998576e+00  5.47680995e-05  6.25243617e-05  9.48171879e-08 
 1.00850000e-09  1.10000000e+00  1.09998578e+00  5.47107587e-05  6.23702046e-05  9.16617706e-08 
 1.00870000e-09  1.10000000e+00  1.09998579e+00  5.46524676e-05  6.22179553e-05  9.48169974e-08 
 1.00890000e-09  1.10000000e+00  1.09998581e+00  5.45965536e-05  6.20675900e-05  9.16593941e-08 
 1.00910000e-09  1.10000000e+00  1.09998582e+00  5.45396802e-05  6.19190856e-05  9.48168337e-08 
 1.00930000e-09  1.10000000e+00  1.09998584e+00  5.44851577e-05  6.17724189e-05  9.16570533e-08 
 1.00950000e-09  1.10000000e+00  1.09998585e+00  5.44296673e-05  6.16275673e-05  9.48166967e-08 
 1.00970000e-09  1.10000000e+00  1.09998586e+00  5.43765020e-05  6.14845083e-05  9.16547471e-08 
 1.00990000e-09  1.10000000e+00  1.09998588e+00  5.43223606e-05  6.13432196e-05  9.48165856e-08 
 1.01010000e-09  1.10000000e+00  1.09998589e+00  5.42705191e-05  6.12036794e-05  9.16524746e-08 
 1.01030000e-09  1.10000000e+00  1.09998591e+00  5.42176936e-05  6.10658661e-05  9.48164990e-08 
 1.01050000e-09  1.10000000e+00  1.09998592e+00  5.41671433e-05  6.09297582e-05  9.16502352e-08 
 1.01070000e-09  1.10000000e+00  1.09998593e+00  5.41156014e-05  6.07953347e-05  9.48164368e-08 
 1.01090000e-09  1.10000000e+00  1.09998595e+00  5.40663103e-05  6.06625748e-05  9.16480284e-08 
 1.01110000e-09  1.10000000e+00  1.09998596e+00  5.40160206e-05  6.05314577e-05  9.48163984e-08 
 1.01130000e-09  1.10000000e+00  1.09998597e+00  5.39679577e-05  6.04019633e-05  9.16458530e-08 
 1.01150000e-09  1.10000000e+00  1.09998598e+00  5.39188894e-05  6.02740714e-05  9.48163827e-08 
 1.01170000e-09  1.10000000e+00  1.09998600e+00  5.38720245e-05  6.01477622e-05  9.16437090e-08 
 1.01190000e-09  1.10000000e+00  1.09998601e+00  5.38241476e-05  6.00230162e-05  9.48163894e-08 
 1.01210000e-09  1.10000000e+00  1.09998602e+00  5.37784511e-05  5.98998139e-05  9.16415950e-08 
 1.01230000e-09  1.10000000e+00  1.09998603e+00  5.37317364e-05  5.97781362e-05  9.48164178e-08 
 1.01250000e-09  1.10000000e+00  1.09998605e+00  5.36871794e-05  5.96579644e-05  9.16395111e-08 
 1.01270000e-09  1.10000000e+00  1.09998606e+00  5.36415984e-05  5.95392797e-05  9.48164671e-08 
 1.01290000e-09  1.10000000e+00  1.09998607e+00  5.35981530e-05  5.94220638e-05  9.16374561e-08 
 1.01310000e-09  1.10000000e+00  1.09998608e+00  5.35536779e-05  5.93062985e-05  9.48165370e-08 
 1.01330000e-09  1.10000000e+00  1.09998609e+00  5.35113164e-05  5.91919658e-05  9.16354295e-08 
 1.01350000e-09  1.10000000e+00  1.09998610e+00  5.34679201e-05  5.90790480e-05  9.48166266e-08 
 1.01370000e-09  1.10000000e+00  1.09998611e+00  5.34266159e-05  5.89675276e-05  9.16334307e-08 
 1.01390000e-09  1.10000000e+00  1.09998612e+00  5.33842719e-05  5.88573873e-05  9.48167356e-08 
 1.01410000e-09  1.10000000e+00  1.09998613e+00  5.33439990e-05  5.87486101e-05  9.16314594e-08 
 1.01430000e-09  1.10000000e+00  1.09998615e+00  5.33026815e-05  5.86411790e-05  9.48168631e-08 
 1.01450000e-09  1.10000000e+00  1.09998616e+00  5.32634143e-05  5.85350774e-05  9.16295146e-08 
 1.01470000e-09  1.10000000e+00  1.09998617e+00  5.32230981e-05  5.84302888e-05  9.48170091e-08 
 1.01490000e-09  1.10000000e+00  1.09998618e+00  5.31848119e-05  5.83267971e-05  9.16275961e-08 
 1.01510000e-09  1.10000000e+00  1.09998619e+00  5.31454725e-05  5.82245861e-05  9.48171726e-08 
 1.01530000e-09  1.10000000e+00  1.09998620e+00  5.31081430e-05  5.81236400e-05  9.16257031e-08 
 1.01550000e-09  1.10000000e+00  1.09998621e+00  5.30697564e-05  5.80239432e-05  9.48173533e-08 
 1.01570000e-09  1.10000000e+00  1.09998622e+00  5.30333600e-05  5.79254801e-05  9.16238353e-08 
 1.01590000e-09  1.10000000e+00  1.09998623e+00  5.29959030e-05  5.78282356e-05  9.48175505e-08 
 1.01610000e-09  1.10000000e+00  1.09998623e+00  5.29604167e-05  5.77321945e-05  9.16219920e-08 
 1.01630000e-09  1.10000000e+00  1.09998624e+00  5.29238663e-05  5.76373419e-05  9.48177639e-08 
 1.01650000e-09  1.10000000e+00  1.09998625e+00  5.28892676e-05  5.75436632e-05  9.16201725e-08 
 1.01670000e-09  1.10000000e+00  1.09998626e+00  5.28536017e-05  5.74511438e-05  9.48179931e-08 
 1.01690000e-09  1.10000000e+00  1.09998627e+00  5.28198687e-05  5.73597694e-05  9.16183767e-08 
 1.01710000e-09  1.10000000e+00  1.09998628e+00  5.27850655e-05  5.72695258e-05  9.48182375e-08 
 1.01730000e-09  1.10000000e+00  1.09998629e+00  5.27521769e-05  5.71803990e-05  9.16166042e-08 
 1.01750000e-09  1.10000000e+00  1.09998630e+00  5.27182154e-05  5.70923752e-05  9.48184966e-08 
 1.01770000e-09  1.10000000e+00  1.09998631e+00  5.26861503e-05  5.70054407e-05  9.16148538e-08 
 1.01790000e-09  1.10000000e+00  1.09998631e+00  5.26530097e-05  5.69195820e-05  9.48187698e-08 
 1.01810000e-09  1.10000000e+00  1.09998632e+00  5.26217478e-05  5.68347859e-05  9.16131258e-08 
 1.01830000e-09  1.10000000e+00  1.09998633e+00  5.25894081e-05  5.67510392e-05  9.48190571e-08 
 1.01850000e-09  1.10000000e+00  1.09998634e+00  5.25589296e-05  5.66683289e-05  9.16114194e-08 
 1.01870000e-09  1.10000000e+00  1.09998635e+00  5.25273711e-05  5.65866422e-05  9.48193578e-08 
 1.01890000e-09  1.10000000e+00  1.09998636e+00  5.24976565e-05  5.65059664e-05  9.16097340e-08 
 1.01910000e-09  1.10000000e+00  1.09998636e+00  5.24668602e-05  5.64262890e-05  9.48196715e-08 
 1.01930000e-09  1.10000000e+00  1.09998637e+00  5.24378908e-05  5.63475977e-05  9.16080695e-08 
 1.01950000e-09  1.10000000e+00  1.09998638e+00  5.24078379e-05  5.62698802e-05  9.48199980e-08 
 1.01970000e-09  1.10000000e+00  1.09998639e+00  5.23795951e-05  5.61931245e-05  9.16064254e-08 
 1.01990000e-09  1.10000000e+00  1.09998639e+00  5.23502675e-05  5.61173187e-05  9.48203366e-08 
 1.02010000e-09  1.10000000e+00  1.09998640e+00  5.23227335e-05  5.60424510e-05  9.16048012e-08 
 1.02030000e-09  1.10000000e+00  1.09998641e+00  5.22941133e-05  5.59685098e-05  9.48206871e-08 
 1.02050000e-09  1.10000000e+00  1.09998641e+00  5.22672706e-05  5.58954837e-05  9.16031965e-08 
 1.02070000e-09  1.10000000e+00  1.09998642e+00  5.22393405e-05  5.58233614e-05  9.48210489e-08 
 1.02090000e-09  1.10000000e+00  1.09998643e+00  5.22131720e-05  5.57521316e-05  9.16016111e-08 
 1.02110000e-09  1.10000000e+00  1.09998644e+00  5.21859151e-05  5.56817833e-05  9.48214220e-08 
 1.02130000e-09  1.10000000e+00  1.09998644e+00  5.21604042e-05  5.56123056e-05  9.16000444e-08 
 1.02150000e-09  1.10000000e+00  1.09998645e+00  5.21338040e-05  5.55436878e-05  9.48218059e-08 
 1.02170000e-09  1.10000000e+00  1.09998646e+00  5.21089344e-05  5.54759191e-05  9.15984961e-08 
 1.02190000e-09  1.10000000e+00  1.09998646e+00  5.20829748e-05  5.54089891e-05  9.48222002e-08 
 1.02210000e-09  1.10000000e+00  1.09998647e+00  5.20587306e-05  5.53428874e-05  9.15969657e-08 
 1.02230000e-09  1.10000000e+00  1.09998648e+00  5.20333960e-05  5.52776037e-05  9.48226045e-08 
 1.02250000e-09  1.10000000e+00  1.09998648e+00  5.20097618e-05  5.52131280e-05  9.15954530e-08 
 1.02270000e-09  1.10000000e+00  1.09998649e+00  5.19850369e-05  5.51494502e-05  9.48230186e-08 
 1.02290000e-09  1.10000000e+00  1.09998649e+00  5.19619976e-05  5.50865604e-05  9.15939576e-08 
 1.02310000e-09  1.10000000e+00  1.09998650e+00  5.19378674e-05  5.50244490e-05  9.48234424e-08 
 1.02330000e-09  1.10000000e+00  1.09998651e+00  5.19154083e-05  5.49631062e-05  9.15924793e-08 
 1.02350000e-09  1.10000000e+00  1.09998651e+00  5.18918583e-05  5.49025226e-05  9.48238751e-08 
 1.02370000e-09  1.10000000e+00  1.09998652e+00  5.18699651e-05  5.48426887e-05  9.15910175e-08 
 1.02390000e-09  1.10000000e+00  1.09998652e+00  5.18469810e-05  5.47835953e-05  9.48243169e-08 
 1.02410000e-09  1.10000000e+00  1.09998653e+00  5.18256396e-05  5.47252332e-05  9.15895722e-08 
 1.02430000e-09  1.10000000e+00  1.09998654e+00  5.18032076e-05  5.46675934e-05  9.48247669e-08 
 1.02450000e-09  1.10000000e+00  1.09998654e+00  5.17824046e-05  5.46106670e-05  9.15881425e-08 
 1.02470000e-09  1.10000000e+00  1.09998655e+00  5.17605112e-05  5.45544450e-05  9.48252254e-08 
 1.02490000e-09  1.10000000e+00  1.09998655e+00  5.17402330e-05  5.44989188e-05  9.15867290e-08 
 1.02510000e-09  1.10000000e+00  1.09998656e+00  5.17188650e-05  5.44440798e-05  9.48256916e-08 
 1.02530000e-09  1.10000000e+00  1.09998656e+00  5.16990988e-05  5.43899194e-05  9.15853307e-08 
 1.02550000e-09  1.10000000e+00  1.09998657e+00  5.16782434e-05  5.43364294e-05  9.48261660e-08 
 1.02570000e-09  1.10000000e+00  1.09998657e+00  5.16589765e-05  5.42836013e-05  9.15839473e-08 
 1.02590000e-09  1.10000000e+00  1.09998658e+00  5.16386211e-05  5.42314270e-05  9.48266474e-08 
 1.02610000e-09  1.10000000e+00  1.09998658e+00  5.16198411e-05  5.41798983e-05  9.15825788e-08 
 1.02630000e-09  1.10000000e+00  1.09998659e+00  5.15999734e-05  5.41290074e-05  9.48271360e-08 
 1.02650000e-09  1.10000000e+00  1.09998659e+00  5.15816684e-05  5.40787463e-05  9.15812251e-08 
 1.02670000e-09  1.10000000e+00  1.09998660e+00  5.15622766e-05  5.40291072e-05  9.48276317e-08 
 1.02690000e-09  1.10000000e+00  1.09998660e+00  5.15444347e-05  5.39800824e-05  9.15798854e-08 
 1.02710000e-09  1.10000000e+00  1.09998661e+00  5.15255071e-05  5.39316644e-05  9.48281341e-08 
 1.02730000e-09  1.10000000e+00  1.09998661e+00  5.15081168e-05  5.38838455e-05  9.15785597e-08 
 1.02750000e-09  1.10000000e+00  1.09998662e+00  5.14896421e-05  5.38366185e-05  9.48286429e-08 
 1.02770000e-09  1.10000000e+00  1.09998662e+00  5.14726924e-05  5.37899759e-05  9.15772477e-08 
 1.02790000e-09  1.10000000e+00  1.09998663e+00  5.14546594e-05  5.37439105e-05  9.48291575e-08 
 1.02810000e-09  1.10000000e+00  1.09998663e+00  5.14381393e-05  5.36984153e-05  9.15759491e-08 
 1.02830000e-09  1.10000000e+00  1.09998663e+00  5.14205373e-05  5.36534830e-05  9.48296785e-08 
 1.02850000e-09  1.10000000e+00  1.09998664e+00  5.14044362e-05  5.36091069e-05  9.15746639e-08 
 1.02870000e-09  1.10000000e+00  1.09998664e+00  5.13872546e-05  5.35652799e-05  9.48302051e-08 
 1.02890000e-09  1.10000000e+00  1.09998665e+00  5.13715621e-05  5.35219953e-05  9.15733915e-08 
 1.02910000e-09  1.10000000e+00  1.09998665e+00  5.13547907e-05  5.34792464e-05  9.48307372e-08 
 1.02930000e-09  1.10000000e+00  1.09998665e+00  5.13394967e-05  5.34370266e-05  9.15721317e-08 
 1.02950000e-09  1.10000000e+00  1.09998666e+00  5.13231254e-05  5.33953292e-05  9.48312748e-08 
 1.02970000e-09  1.10000000e+00  1.09998666e+00  5.13082201e-05  5.33541479e-05  9.15708847e-08 
 1.02990000e-09  1.10000000e+00  1.09998667e+00  5.12922391e-05  5.33134763e-05  9.48318175e-08 
 1.03010000e-09  1.10000000e+00  1.09998667e+00  5.12777128e-05  5.32733080e-05  9.15696498e-08 
 1.03030000e-09  1.10000000e+00  1.09998667e+00  5.12621127e-05  5.32336368e-05  9.48323650e-08 
 1.03050000e-09  1.10000000e+00  1.09998668e+00  5.12479559e-05  5.31944565e-05  9.15684270e-08 
 1.03070000e-09  1.10000000e+00  1.09998668e+00  5.12327273e-05  5.31557612e-05  9.48329173e-08 
 1.03090000e-09  1.10000000e+00  1.09998669e+00  5.12189310e-05  5.31175447e-05  9.15672159e-08 
 1.03110000e-09  1.10000000e+00  1.09998669e+00  5.12040649e-05  5.30798012e-05  9.48334741e-08 
 1.03130000e-09  1.10000000e+00  1.09998669e+00  5.11906201e-05  5.30425248e-05  9.15660164e-08 
 1.03150000e-09  1.10000000e+00  1.09998670e+00  5.11761075e-05  5.30057097e-05  9.48340352e-08 
 1.03170000e-09  1.10000000e+00  1.09998670e+00  5.11630056e-05  5.29693503e-05  9.15648282e-08 
 1.03190000e-09  1.10000000e+00  1.09998670e+00  5.11488379e-05  5.29334408e-05  9.48346006e-08 
 1.03210000e-09  1.10000000e+00  1.09998671e+00  5.11360703e-05  5.28979757e-05  9.15636515e-08 
 1.03230000e-09  1.10000000e+00  1.09998671e+00  5.11222392e-05  5.28629495e-05  9.48351699e-08 
 1.03250000e-09  1.10000000e+00  1.09998671e+00  5.11097977e-05  5.28283568e-05  9.15624857e-08 
 1.03270000e-09  1.10000000e+00  1.09998672e+00  5.10962948e-05  5.27941923e-05  9.48357430e-08 
 1.03290000e-09  1.10000000e+00  1.09998672e+00  5.10841712e-05  5.27604505e-05  9.15613307e-08 
 1.03310000e-09  1.10000000e+00  1.09998672e+00  5.10709887e-05  5.27271263e-05  9.48363197e-08 
 1.03330000e-09  1.10000000e+00  1.09998673e+00  5.10591752e-05  5.26942146e-05  9.15601863e-08 
 1.03350000e-09  1.10000000e+00  1.09998673e+00  5.10463051e-05  5.26617101e-05  9.48368999e-08 
 1.03370000e-09  1.10000000e+00  1.09998673e+00  5.10347940e-05  5.26296079e-05  9.15590522e-08 
 1.03390000e-09  1.10000000e+00  1.09998674e+00  5.10222288e-05  5.25979031e-05  9.48374835e-08 
 1.03410000e-09  1.10000000e+00  1.09998674e+00  5.10110126e-05  5.25665905e-05  9.15579284e-08 
 1.03430000e-09  1.10000000e+00  1.09998674e+00  5.09987448e-05  5.25356655e-05  9.48380702e-08 
 1.03450000e-09  1.10000000e+00  1.09998675e+00  5.09878161e-05  5.25051233e-05  9.15568146e-08 
 1.03470000e-09  1.10000000e+00  1.09998675e+00  5.09758384e-05  5.24749590e-05  9.48386600e-08 
 1.03490000e-09  1.10000000e+00  1.09998675e+00  5.09651902e-05  5.24451680e-05  9.15557110e-08 
 1.03510000e-09  1.10000000e+00  1.09998675e+00  5.09534956e-05  5.24157457e-05  9.48392526e-08 
 1.03530000e-09  1.10000000e+00  1.09998676e+00  5.09431209e-05  5.23866876e-05  9.15546168e-08 
 1.03550000e-09  1.10000000e+00  1.09998676e+00  5.09317025e-05  5.23579890e-05  9.48398481e-08 
 1.03570000e-09  1.10000000e+00  1.09998676e+00  5.09215945e-05  5.23296457e-05  9.15535322e-08 
 1.03590000e-09  1.10000000e+00  1.09998677e+00  5.09104455e-05  5.23016531e-05  9.48404461e-08 
 1.03610000e-09  1.10000000e+00  1.09998677e+00  5.09005976e-05  5.22740069e-05  9.15524571e-08 
 1.03630000e-09  1.10000000e+00  1.09998677e+00  5.08897114e-05  5.22467029e-05  9.48410463e-08 
 1.03650000e-09  1.10000000e+00  1.09998677e+00  5.08801171e-05  5.22197368e-05  9.15513912e-08 
 1.03670000e-09  1.10000000e+00  1.09998678e+00  5.08694874e-05  5.21931044e-05  9.48416493e-08 
 1.03690000e-09  1.10000000e+00  1.09998678e+00  5.08601405e-05  5.21668016e-05  9.15503344e-08 
 1.03710000e-09  1.10000000e+00  1.09998678e+00  5.08497610e-05  5.21408244e-05  9.48422542e-08 
 1.03730000e-09  1.10000000e+00  1.09998678e+00  5.08406552e-05  5.21151686e-05  9.15492866e-08 
 1.03750000e-09  1.10000000e+00  1.09998679e+00  5.08305198e-05  5.20898304e-05  9.48428614e-08 
 1.03770000e-09  1.10000000e+00  1.09998679e+00  5.08216492e-05  5.20648057e-05  9.15482474e-08 
 1.03790000e-09  1.10000000e+00  1.09998679e+00  5.08117520e-05  5.20400908e-05  9.48434703e-08 
 1.03810000e-09  1.10000000e+00  1.09998679e+00  5.08031108e-05  5.20156817e-05  9.15472171e-08 
 1.03830000e-09  1.10000000e+00  1.09998680e+00  5.07934459e-05  5.19915747e-05  9.48440812e-08 
 1.03850000e-09  1.10000000e+00  1.09998680e+00  5.07850283e-05  5.19677660e-05  9.15461950e-08 
 1.03870000e-09  1.10000000e+00  1.09998680e+00  5.07755901e-05  5.19442520e-05  9.48446938e-08 
 1.03890000e-09  1.10000000e+00  1.09998680e+00  5.07673907e-05  5.19210290e-05  9.15451816e-08 
 1.03910000e-09  1.10000000e+00  1.09998680e+00  5.07581737e-05  5.18980934e-05  9.48453079e-08 
 1.03930000e-09  1.10000000e+00  1.09998681e+00  5.07501869e-05  5.18754417e-05  9.15441762e-08 
 1.03950000e-09  1.10000000e+00  1.09998681e+00  5.07411856e-05  5.18530703e-05  9.48459234e-08 
 1.03970000e-09  1.10000000e+00  1.09998681e+00  5.07334062e-05  5.18309757e-05  9.15431789e-08 
 1.03990000e-09  1.10000000e+00  1.09998681e+00  5.07246156e-05  5.18091546e-05  9.48465406e-08 
 1.04010000e-09  1.10000000e+00  1.09998681e+00  5.07170384e-05  5.17876036e-05  9.15421897e-08 
 1.04030000e-09  1.10000000e+00  1.09998682e+00  5.07084531e-05  5.17663193e-05  9.48471591e-08 
 1.04050000e-09  1.10000000e+00  1.09998682e+00  5.07010732e-05  5.17452984e-05  9.15412082e-08 
 1.04070000e-09  1.10000000e+00  1.09998682e+00  5.06926883e-05  5.17245376e-05  9.48477787e-08 
 1.04090000e-09  1.10000000e+00  1.09998682e+00  5.06855006e-05  5.17040338e-05  9.15402346e-08 
 1.04110000e-09  1.10000000e+00  1.09998682e+00  5.06773113e-05  5.16837837e-05  9.48483994e-08 
 1.04130000e-09  1.10000000e+00  1.09998683e+00  5.06703112e-05  5.16637843e-05  9.15392684e-08 
 1.04150000e-09  1.10000000e+00  1.09998683e+00  5.06623126e-05  5.16440324e-05  9.48490210e-08 
 1.04170000e-09  1.10000000e+00  1.09998683e+00  5.06554953e-05  5.16245249e-05  9.15383099e-08 
 1.04190000e-09  1.10000000e+00  1.09998683e+00  5.06476829e-05  5.16052588e-05  9.48496435e-08 
 1.04210000e-09  1.10000000e+00  1.09998683e+00  5.06410439e-05  5.15862312e-05  9.15373586e-08 
 1.04230000e-09  1.10000000e+00  1.09998684e+00  5.06334132e-05  5.15674391e-05  9.48502670e-08 
 1.04250000e-09  1.10000000e+00  1.09998684e+00  5.06269480e-05  5.15488795e-05  9.15364146e-08 
 1.04270000e-09  1.10000000e+00  1.09998684e+00  5.06194944e-05  5.15305496e-05  9.48508912e-08 
 1.04290000e-09  1.10000000e+00  1.09998684e+00  5.06131988e-05  5.15124466e-05  9.15354777e-08 
 1.04310000e-09  1.10000000e+00  1.09998684e+00  5.06059181e-05  5.14945676e-05  9.48515159e-08 
 1.04330000e-09  1.10000000e+00  1.09998684e+00  5.05997878e-05  5.14769099e-05  9.15345478e-08 
 1.04350000e-09  1.10000000e+00  1.09998685e+00  5.05926758e-05  5.14594707e-05  9.48521410e-08 
 1.04370000e-09  1.10000000e+00  1.09998685e+00  5.05867067e-05  5.14422474e-05  9.15336249e-08 
 1.04390000e-09  1.10000000e+00  1.09998685e+00  5.05797593e-05  5.14252372e-05  9.48527672e-08 
 1.04410000e-09  1.10000000e+00  1.09998685e+00  5.05739473e-05  5.14084375e-05  9.15327091e-08 
 1.04430000e-09  1.10000000e+00  1.09998685e+00  5.05671606e-05  5.13918458e-05  9.48533932e-08 
 1.04450000e-09  1.10000000e+00  1.09998685e+00  5.05615018e-05  5.13754593e-05  9.15317996e-08 
 1.04470000e-09  1.10000000e+00  1.09998686e+00  5.05548718e-05  5.13592757e-05  9.48540198e-08 
 1.04490000e-09  1.10000000e+00  1.09998686e+00  5.05493625e-05  5.13432924e-05  9.15308969e-08 
 1.04510000e-09  1.10000000e+00  1.09998686e+00  5.05428853e-05  5.13275069e-05  9.48546466e-08 
 1.04530000e-09  1.10000000e+00  1.09998686e+00  5.05375217e-05  5.13119167e-05  9.15300010e-08 
 1.04550000e-09  1.10000000e+00  1.09998686e+00  5.05311937e-05  5.12965195e-05  9.48552736e-08 
 1.04570000e-09  1.10000000e+00  1.09998686e+00  5.05259722e-05  5.12813128e-05  9.15291111e-08 
 1.04590000e-09  1.10000000e+00  1.09998687e+00  5.05197898e-05  5.12662944e-05  9.48559008e-08 
 1.04610000e-09  1.10000000e+00  1.09998687e+00  5.05147067e-05  5.12514618e-05  9.15282277e-08 
 1.04630000e-09  1.10000000e+00  1.09998687e+00  5.05086664e-05  5.12368128e-05  9.48565281e-08 
 1.04650000e-09  1.10000000e+00  1.09998687e+00  5.05037184e-05  5.12223450e-05  9.15273507e-08 
 1.04670000e-09  1.10000000e+00  1.09998687e+00  5.04978167e-05  5.12080564e-05  9.48571551e-08 
 1.04690000e-09  1.10000000e+00  1.09998687e+00  5.04930004e-05  5.11939445e-05  9.15264797e-08 
 1.04710000e-09  1.10000000e+00  1.09998687e+00  5.04872339e-05  5.11800074e-05  9.48577822e-08 
 1.04730000e-09  1.10000000e+00  1.09998687e+00  5.04825460e-05  5.11662427e-05  9.15256148e-08 
 1.04750000e-09  1.10000000e+00  1.09998688e+00  5.04769114e-05  5.11526483e-05  9.48584092e-08 
 1.04770000e-09  1.10000000e+00  1.09998688e+00  5.04723487e-05  5.11392222e-05  9.15247561e-08 
 1.04790000e-09  1.10000000e+00  1.09998688e+00  5.04668430e-05  5.11259623e-05  9.48590358e-08 
 1.04810000e-09  1.10000000e+00  1.09998688e+00  5.04624023e-05  5.11128664e-05  9.15239031e-08 
 1.04830000e-09  1.10000000e+00  1.09998688e+00  5.04570222e-05  5.10999327e-05  9.48596621e-08 
 1.04850000e-09  1.10000000e+00  1.09998688e+00  5.04527005e-05  5.10871590e-05  9.15230559e-08 
 1.04870000e-09  1.10000000e+00  1.09998688e+00  5.04474430e-05  5.10745434e-05  9.48602882e-08 
 1.04890000e-09  1.10000000e+00  1.09998688e+00  5.04432374e-05  5.10620840e-05  9.15222147e-08 
 1.04910000e-09  1.10000000e+00  1.09998689e+00  5.04380995e-05  5.10497787e-05  9.48609140e-08 
 1.04930000e-09  1.10000000e+00  1.09998689e+00  5.04340070e-05  5.10376257e-05  9.15213790e-08 
 1.04950000e-09  1.10000000e+00  1.09998689e+00  5.04289859e-05  5.10256232e-05  9.48615393e-08 
 1.04970000e-09  1.10000000e+00  1.09998689e+00  5.04250037e-05  5.10137691e-05  9.15205490e-08 
 1.04990000e-09  1.10000000e+00  1.09998689e+00  5.04200965e-05  5.10020618e-05  9.48621642e-08 
 1.05010000e-09  1.10000000e+00  1.09998689e+00  5.04162218e-05  5.09904994e-05  9.15197242e-08 
 1.05030000e-09  1.10000000e+00  1.09998689e+00  5.04114258e-05  5.09790801e-05  9.48627884e-08 
 1.05050000e-09  1.10000000e+00  1.09998689e+00  5.04076560e-05  5.09678021e-05  9.15189052e-08 
 1.05070000e-09  1.10000000e+00  1.09998689e+00  5.04029684e-05  5.09566637e-05  9.48634122e-08 
 1.05090000e-09  1.10000000e+00  1.09998690e+00  5.03993008e-05  5.09456631e-05  9.15180917e-08 
 1.05110000e-09  1.10000000e+00  1.09998690e+00  5.03947191e-05  5.09347987e-05  9.48640353e-08 
 1.05130000e-09  1.10000000e+00  1.09998690e+00  5.03911511e-05  5.09240687e-05  9.15172831e-08 
 1.05150000e-09  1.10000000e+00  1.09998690e+00  5.03866728e-05  5.09134715e-05  9.48646578e-08 
 1.05170000e-09  1.10000000e+00  1.09998690e+00  5.03832020e-05  5.09030055e-05  9.15164802e-08 
 1.05190000e-09  1.10000000e+00  1.09998690e+00  5.03788244e-05  5.08926690e-05  9.48652794e-08 
 1.05210000e-09  1.10000000e+00  1.09998690e+00  5.03754483e-05  5.08824605e-05  9.15156821e-08 
 1.05230000e-09  1.10000000e+00  1.09998690e+00  5.03711691e-05  5.08723782e-05  9.48659004e-08 
 1.05250000e-09  1.10000000e+00  1.09998690e+00  5.03678853e-05  5.08624208e-05  9.15148894e-08 
 1.05270000e-09  1.10000000e+00  1.09998690e+00  5.03637022e-05  5.08525866e-05  9.48665205e-08 
 1.05290000e-09  1.10000000e+00  1.09998691e+00  5.03605084e-05  5.08428741e-05  9.15141016e-08 
 1.05310000e-09  1.10000000e+00  1.09998691e+00  5.03564189e-05  5.08332818e-05  9.48671396e-08 
 1.05330000e-09  1.10000000e+00  1.09998691e+00  5.03533129e-05  5.08238082e-05  9.15133188e-08 
 1.05350000e-09  1.10000000e+00  1.09998691e+00  5.03493149e-05  5.08144519e-05  9.48677579e-08 
 1.05370000e-09  1.10000000e+00  1.09998691e+00  5.03462944e-05  5.08052114e-05  9.15125409e-08 
 1.05390000e-09  1.10000000e+00  1.09998691e+00  5.03423856e-05  5.07960852e-05  9.48683756e-08 
 1.05410000e-09  1.10000000e+00  1.09998691e+00  5.03394485e-05  5.07870720e-05  9.15117680e-08 
 1.05430000e-09  1.10000000e+00  1.09998691e+00  5.03356268e-05  5.07781703e-05  9.48689921e-08 
 1.05450000e-09  1.10000000e+00  1.09998691e+00  5.03327711e-05  5.07693788e-05  9.15109996e-08 
 1.05470000e-09  1.10000000e+00  1.09998691e+00  5.03290343e-05  5.07606961e-05  9.48696074e-08 
 1.05490000e-09  1.10000000e+00  1.09998691e+00  5.03262578e-05  5.07521208e-05  9.15102360e-08 
 1.05510000e-09  1.10000000e+00  1.09998692e+00  5.03226040e-05  5.07436517e-05  9.48702218e-08 
 1.05530000e-09  1.10000000e+00  1.09998692e+00  5.03199048e-05  5.07352874e-05  9.15094775e-08 
 1.05550000e-09  1.10000000e+00  1.09998692e+00  5.03163319e-05  5.07270267e-05  9.48708351e-08 
 1.05570000e-09  1.10000000e+00  1.09998692e+00  5.03137080e-05  5.07188681e-05  9.15087232e-08 
 1.05590000e-09  1.10000000e+00  1.09998692e+00  5.03102141e-05  5.07108105e-05  9.48714476e-08 
 1.05610000e-09  1.10000000e+00  1.09998692e+00  5.03076636e-05  5.07028527e-05  9.15079738e-08 
 1.05630000e-09  1.10000000e+00  1.09998692e+00  5.03042469e-05  5.06949933e-05  9.48720586e-08 
 1.05650000e-09  1.10000000e+00  1.09998692e+00  5.03017679e-05  5.06872312e-05  9.15072286e-08 
 1.05670000e-09  1.10000000e+00  1.09998692e+00  5.02984264e-05  5.06795652e-05  9.48726685e-08 
 1.05690000e-09  1.10000000e+00  1.09998692e+00  5.02960173e-05  5.06719941e-05  9.15064882e-08 
 1.05710000e-09  1.10000000e+00  1.09998692e+00  5.02927492e-05  5.06645166e-05  9.48732771e-08 
 1.05730000e-09  1.10000000e+00  1.09998692e+00  5.02904080e-05  5.06571317e-05  9.15057520e-08 
 1.05750000e-09  1.10000000e+00  1.09998692e+00  5.02872116e-05  5.06498382e-05  9.48738848e-08 
 1.05770000e-09  1.10000000e+00  1.09998692e+00  5.02849368e-05  5.06426350e-05  9.15050203e-08 
 1.05790000e-09  1.10000000e+00  1.09998693e+00  5.02818103e-05  5.06355209e-05  9.48744912e-08 
 1.05810000e-09  1.10000000e+00  1.09998693e+00  5.02796001e-05  5.06284948e-05  9.15042929e-08 
 1.05830000e-09  1.10000000e+00  1.09998693e+00  5.02765419e-05  5.06215557e-05  9.48750960e-08 
 1.05850000e-09  1.10000000e+00  1.09998693e+00  5.02743946e-05  5.06147025e-05  9.15035699e-08 
 1.05870000e-09  1.10000000e+00  1.09998693e+00  5.02714031e-05  5.06079341e-05  9.48756999e-08 
 1.05890000e-09  1.10000000e+00  1.09998693e+00  5.02693172e-05  5.06012495e-05  9.15028509e-08 
 1.05910000e-09  1.10000000e+00  1.09998693e+00  5.02663907e-05  5.05946476e-05  9.48763021e-08 
 1.05930000e-09  1.10000000e+00  1.09998693e+00  5.02643647e-05  5.05881274e-05  9.15021363e-08 
 1.05950000e-09  1.10000000e+00  1.09998693e+00  5.02615017e-05  5.05816879e-05  9.48769030e-08 
 1.05970000e-09  1.10000000e+00  1.09998693e+00  5.02595340e-05  5.05753281e-05  9.15014256e-08 
 1.05990000e-09  1.10000000e+00  1.09998693e+00  5.02567330e-05  5.05690470e-05  9.48775026e-08 
 1.06010000e-09  1.10000000e+00  1.09998693e+00  5.02548221e-05  5.05628437e-05  9.15007192e-08 
 1.06030000e-09  1.10000000e+00  1.09998693e+00  5.02520815e-05  5.05567171e-05  9.48781008e-08 
 1.06050000e-09  1.10000000e+00  1.09998693e+00  5.02502261e-05  5.05506663e-05  9.15000167e-08 
 1.06070000e-09  1.10000000e+00  1.09998693e+00  5.02475446e-05  5.05446905e-05  9.48786977e-08 
 1.06090000e-09  1.10000000e+00  1.09998693e+00  5.02457431e-05  5.05387886e-05  9.14993184e-08 
 1.06110000e-09  1.10000000e+00  1.09998694e+00  5.02431192e-05  5.05329597e-05  9.48792929e-08 
 1.06130000e-09  1.10000000e+00  1.09998694e+00  5.02413704e-05  5.05272030e-05  9.14986239e-08 
 1.06150000e-09  1.10000000e+00  1.09998694e+00  5.02388028e-05  5.05215175e-05  9.48798868e-08 
 1.06170000e-09  1.10000000e+00  1.09998694e+00  5.02371052e-05  5.05159024e-05  9.14979335e-08 
 1.06190000e-09  1.10000000e+00  1.09998694e+00  5.02345926e-05  5.05103568e-05  9.48804792e-08 
 1.06210000e-09  1.10000000e+00  1.09998694e+00  5.02329450e-05  5.05048798e-05  9.14972467e-08 
 1.06230000e-09  1.10000000e+00  1.09998694e+00  5.02304859e-05  5.04994706e-05  9.48810702e-08 
 1.06250000e-09  1.10000000e+00  1.09998694e+00  5.02288870e-05  5.04941283e-05  9.14965639e-08 
 1.06270000e-09  1.10000000e+00  1.09998694e+00  5.02264803e-05  5.04888522e-05  9.48816594e-08 
 1.06290000e-09  1.10000000e+00  1.09998694e+00  5.02249289e-05  5.04836414e-05  9.14958849e-08 
 1.06310000e-09  1.10000000e+00  1.09998694e+00  5.02225732e-05  5.04784950e-05  9.48822473e-08 
 1.06330000e-09  1.10000000e+00  1.09998694e+00  5.02210681e-05  5.04734124e-05  9.14952098e-08 
 1.06350000e-09  1.10000000e+00  1.09998694e+00  5.02187623e-05  5.04683926e-05  9.48828334e-08 
 1.06370000e-09  1.10000000e+00  1.09998694e+00  5.02173023e-05  5.04634350e-05  9.14945382e-08 
 1.06390000e-09  1.10000000e+00  1.09998694e+00  5.02150452e-05  5.04585387e-05  9.48834180e-08 
 1.06410000e-09  1.10000000e+00  1.09998694e+00  5.02136291e-05  5.04537030e-05  9.14938705e-08 
 1.06430000e-09  1.10000000e+00  1.09998694e+00  5.02114195e-05  5.04489272e-05  9.48840012e-08 
 1.06450000e-09  1.10000000e+00  1.09998694e+00  5.02100462e-05  5.04442105e-05  9.14932064e-08 
 1.06470000e-09  1.10000000e+00  1.09998694e+00  5.02078830e-05  5.04395522e-05  9.48845827e-08 
 1.06490000e-09  1.10000000e+00  1.09998694e+00  5.02065515e-05  5.04349515e-05  9.14925457e-08 
 1.06510000e-09  1.10000000e+00  1.09998695e+00  5.02044336e-05  5.04304077e-05  9.48851626e-08 
 1.06530000e-09  1.10000000e+00  1.09998695e+00  5.02031427e-05  5.04259202e-05  9.14918890e-08 
 1.06550000e-09  1.10000000e+00  1.09998695e+00  5.02010690e-05  5.04214883e-05  9.48857407e-08 
 1.06570000e-09  1.10000000e+00  1.09998695e+00  5.01998177e-05  5.04171111e-05  9.14912356e-08 
 1.06590000e-09  1.10000000e+00  1.09998695e+00  5.01977872e-05  5.04127882e-05  9.48863173e-08 
 1.06610000e-09  1.10000000e+00  1.09998695e+00  5.01965745e-05  5.04085187e-05  9.14905855e-08 
 1.06630000e-09  1.10000000e+00  1.09998695e+00  5.01945861e-05  5.04043021e-05  9.48868920e-08 
 1.06650000e-09  1.10000000e+00  1.09998695e+00  5.01934111e-05  5.04001377e-05  9.14899394e-08 
 1.06670000e-09  1.10000000e+00  1.09998695e+00  5.01914639e-05  5.03960248e-05  9.48874653e-08 
 1.06690000e-09  1.10000000e+00  1.09998695e+00  5.01903255e-05  5.03919628e-05  9.14892965e-08 
 1.06710000e-09  1.10000000e+00  1.09998695e+00  5.01884184e-05  5.03879511e-05  9.48880367e-08 
 1.06730000e-09  1.10000000e+00  1.09998695e+00  5.01873158e-05  5.03839891e-05  9.14886569e-08 
 1.06750000e-09  1.10000000e+00  1.09998695e+00  5.01854479e-05  5.03800761e-05  9.48886065e-08 
 1.06770000e-09  1.10000000e+00  1.09998695e+00  5.01843800e-05  5.03762115e-05  9.14880209e-08 
 1.06790000e-09  1.10000000e+00  1.09998695e+00  5.01825505e-05  5.03723947e-05  9.48891747e-08 
 1.06810000e-09  1.10000000e+00  1.09998695e+00  5.01815165e-05  5.03686252e-05  9.14873881e-08 
 1.06830000e-09  1.10000000e+00  1.09998695e+00  5.01797244e-05  5.03649023e-05  9.48897411e-08 
 1.06850000e-09  1.10000000e+00  1.09998695e+00  5.01787234e-05  5.03612255e-05  9.14867589e-08 
 1.06870000e-09  1.10000000e+00  1.09998695e+00  5.01769678e-05  5.03575942e-05  9.48903057e-08 
 1.06890000e-09  1.10000000e+00  1.09998695e+00  5.01759990e-05  5.03540079e-05  9.14861326e-08 
 1.06910000e-09  1.10000000e+00  1.09998695e+00  5.01742790e-05  5.03504659e-05  9.48908686e-08 
 1.06930000e-09  1.10000000e+00  1.09998695e+00  5.01733416e-05  5.03469678e-05  9.14855098e-08 
 1.06950000e-09  1.10000000e+00  1.09998695e+00  5.01716564e-05  5.03435130e-05  9.48914298e-08 
 1.06970000e-09  1.10000000e+00  1.09998695e+00  5.01707496e-05  5.03401009e-05  9.14848903e-08 
 1.06990000e-09  1.10000000e+00  1.09998695e+00  5.01690984e-05  5.03367310e-05  9.48919891e-08 
 1.07010000e-09  1.10000000e+00  1.09998695e+00  5.01682213e-05  5.03334029e-05  9.14842741e-08 
 1.07030000e-09  1.10000000e+00  1.09998695e+00  5.01666033e-05  5.03301160e-05  9.48925468e-08 
 1.07050000e-09  1.10000000e+00  1.09998696e+00  5.01657552e-05  5.03268697e-05  9.14836608e-08 
 1.07070000e-09  1.10000000e+00  1.09998696e+00  5.01641696e-05  5.03236636e-05  9.48931028e-08 
 1.07090000e-09  1.10000000e+00  1.09998696e+00  5.01633497e-05  5.03204972e-05  9.14830507e-08 
 1.07110000e-09  1.10000000e+00  1.09998696e+00  5.01617958e-05  5.03173700e-05  9.48936568e-08 
 1.07130000e-09  1.10000000e+00  1.09998696e+00  5.01610034e-05  5.03142815e-05  9.14824439e-08 
 1.07150000e-09  1.10000000e+00  1.09998696e+00  5.01594804e-05  5.03112312e-05  9.48942091e-08 
 1.07170000e-09  1.10000000e+00  1.09998696e+00  5.01587148e-05  5.03082186e-05  9.14818401e-08 
 1.07190000e-09  1.10000000e+00  1.09998696e+00  5.01572219e-05  5.03052434e-05  9.48947596e-08 
 1.07210000e-09  1.10000000e+00  1.09998696e+00  5.01564824e-05  5.03023049e-05  9.14812396e-08 
 1.07230000e-09  1.10000000e+00  1.09998696e+00  5.01550191e-05  5.02994029e-05  9.48953083e-08 
 1.07250000e-09  1.10000000e+00  1.09998696e+00  5.01543050e-05  5.02965367e-05  9.14806418e-08 
 1.07270000e-09  1.10000000e+00  1.09998696e+00  5.01528704e-05  5.02937060e-05  9.48958552e-08 
 1.07290000e-09  1.10000000e+00  1.09998696e+00  5.01521811e-05  5.02909104e-05  9.14800472e-08 
 1.07310000e-09  1.10000000e+00  1.09998696e+00  5.01507747e-05  5.02881493e-05  9.48964004e-08 
 1.07330000e-09  1.10000000e+00  1.09998696e+00  5.01501095e-05  5.02854225e-05  9.14794556e-08 
 1.07350000e-09  1.10000000e+00  1.09998696e+00  5.01487305e-05  5.02827293e-05  9.48969434e-08 
 1.07370000e-09  1.10000000e+00  1.09998696e+00  5.01480887e-05  5.02800696e-05  9.14788673e-08 
 1.07390000e-09  1.10000000e+00  1.09998696e+00  5.01467366e-05  5.02774427e-05  9.48974850e-08 
 1.07410000e-09  1.10000000e+00  1.09998696e+00  5.01461177e-05  5.02748483e-05  9.14782813e-08 
 1.07430000e-09  1.10000000e+00  1.09998696e+00  5.01447917e-05  5.02722861e-05  9.48980245e-08 
 1.07450000e-09  1.10000000e+00  1.09998696e+00  5.01441952e-05  5.02697555e-05  9.14776988e-08 
 1.07470000e-09  1.10000000e+00  1.09998696e+00  5.01428948e-05  5.02672563e-05  9.48985623e-08 
 1.07490000e-09  1.10000000e+00  1.09998696e+00  5.01423199e-05  5.02647880e-05  9.14771190e-08 
 1.07510000e-09  1.10000000e+00  1.09998696e+00  5.01410445e-05  5.02623503e-05  9.48990982e-08 
 1.07530000e-09  1.10000000e+00  1.09998696e+00  5.01404907e-05  5.02599427e-05  9.14765421e-08 
 1.07550000e-09  1.10000000e+00  1.09998696e+00  5.01392398e-05  5.02575649e-05  9.48996322e-08 
 1.07570000e-09  1.10000000e+00  1.09998696e+00  5.01387066e-05  5.02552166e-05  9.14759681e-08 
 1.07590000e-09  1.10000000e+00  1.09998696e+00  5.01374794e-05  5.02528973e-05  9.49001647e-08 
 1.07610000e-09  1.10000000e+00  1.09998696e+00  5.01369662e-05  5.02506067e-05  9.14753967e-08 
 1.07630000e-09  1.10000000e+00  1.09998696e+00  5.01357624e-05  5.02483445e-05  9.49006950e-08 
 1.07650000e-09  1.10000000e+00  1.09998696e+00  5.01352687e-05  5.02461102e-05  9.14748285e-08 
 1.07670000e-09  1.10000000e+00  1.09998696e+00  5.01340877e-05  5.02439037e-05  9.49012236e-08 
 1.07690000e-09  1.10000000e+00  1.09998696e+00  5.01336130e-05  5.02417244e-05  9.14742630e-08 
 1.07710000e-09  1.10000000e+00  1.09998696e+00  5.01324541e-05  5.02395721e-05  9.49017504e-08 
 1.07730000e-09  1.10000000e+00  1.09998696e+00  5.01319979e-05  5.02374464e-05  9.14737002e-08 
 1.07750000e-09  1.10000000e+00  1.09998696e+00  5.01308608e-05  5.02353471e-05  9.49022751e-08 
 1.07770000e-09  1.10000000e+00  1.09998696e+00  5.01304226e-05  5.02332737e-05  9.14731402e-08 
 1.07790000e-09  1.10000000e+00  1.09998696e+00  5.01293067e-05  5.02312260e-05  9.49027982e-08 
 1.07810000e-09  1.10000000e+00  1.09998696e+00  5.01288860e-05  5.02292036e-05  9.14725829e-08 
 1.07830000e-09  1.10000000e+00  1.09998696e+00  5.01277908e-05  5.02272063e-05  9.49033194e-08 
 1.07850000e-09  1.10000000e+00  1.09998696e+00  5.01273871e-05  5.02252337e-05  9.14720284e-08 
 1.07870000e-09  1.10000000e+00  1.09998696e+00  5.01263122e-05  5.02232855e-05  9.49038387e-08 
 1.07890000e-09  1.10000000e+00  1.09998697e+00  5.01259252e-05  5.02213614e-05  9.14714766e-08 
 1.07910000e-09  1.10000000e+00  1.09998697e+00  5.01248700e-05  5.02194611e-05  9.49043559e-08 
 1.07930000e-09  1.10000000e+00  1.09998697e+00  5.01244992e-05  5.02175844e-05  9.14709273e-08 
 1.07950000e-09  1.10000000e+00  1.09998697e+00  5.01234634e-05  5.02157308e-05  9.49048716e-08 
 1.07970000e-09  1.10000000e+00  1.09998697e+00  5.01231082e-05  5.02139002e-05  9.14703809e-08 
 1.07990000e-09  1.10000000e+00  1.09998697e+00  5.01220913e-05  5.02120923e-05  9.49053852e-08 
 1.08010000e-09  1.10000000e+00  1.09998697e+00  5.01217515e-05  5.02103067e-05  9.14698369e-08 
 1.08030000e-09  1.10000000e+00  1.09998697e+00  5.01207530e-05  5.02085433e-05  9.49058969e-08 
 1.08050000e-09  1.10000000e+00  1.09998697e+00  5.01204281e-05  5.02068016e-05  9.14692958e-08 
 1.08070000e-09  1.10000000e+00  1.09998697e+00  5.01194477e-05  5.02050816e-05  9.49064070e-08 
 1.08090000e-09  1.10000000e+00  1.09998697e+00  5.01191372e-05  5.02033828e-05  9.14687571e-08 
 1.08110000e-09  1.10000000e+00  1.09998697e+00  5.01181744e-05  5.02017050e-05  9.49069152e-08 
 1.08130000e-09  1.10000000e+00  1.09998697e+00  5.01178781e-05  5.02000480e-05  9.14682211e-08 
 1.08150000e-09  1.10000000e+00  1.09998697e+00  5.01169325e-05  5.01984115e-05  9.49074213e-08 
 1.08170000e-09  1.10000000e+00  1.09998697e+00  5.01166499e-05  5.01967953e-05  9.14676877e-08 
 1.08190000e-09  1.10000000e+00  1.09998697e+00  5.01157212e-05  5.01951990e-05  9.49079257e-08 
 1.08210000e-09  1.10000000e+00  1.09998697e+00  5.01154520e-05  5.01936226e-05  9.14671569e-08 
 1.08230000e-09  1.10000000e+00  1.09998697e+00  5.01145397e-05  5.01920656e-05  9.49084284e-08 
 1.08250000e-09  1.10000000e+00  1.09998697e+00  5.01142835e-05  5.01905279e-05  9.14666285e-08 
 1.08270000e-09  1.10000000e+00  1.09998697e+00  5.01133873e-05  5.01890092e-05  9.49089288e-08 
 1.08290000e-09  1.10000000e+00  1.09998697e+00  5.01131437e-05  5.01875094e-05  9.14661029e-08 
 1.08310000e-09  1.10000000e+00  1.09998697e+00  5.01122632e-05  5.01860281e-05  9.49094276e-08 
 1.08330000e-09  1.10000000e+00  1.09998697e+00  5.01120320e-05  5.01845651e-05  9.14655792e-08 
 1.08350000e-09  1.10000000e+00  1.09998697e+00  5.01111668e-05  5.01831202e-05  9.49099246e-08 
 1.08370000e-09  1.10000000e+00  1.09998697e+00  5.01109475e-05  5.01816932e-05  9.14650584e-08 
 1.08390000e-09  1.10000000e+00  1.09998697e+00  5.01100974e-05  5.01802839e-05  9.49104196e-08 
 1.08410000e-09  1.10000000e+00  1.09998697e+00  5.01098898e-05  5.01788920e-05  9.14645401e-08 
 1.08430000e-09  1.10000000e+00  1.09998697e+00  5.01090543e-05  5.01775174e-05  9.49109129e-08 
 1.08450000e-09  1.10000000e+00  1.09998697e+00  5.01088580e-05  5.01761597e-05  9.14640241e-08 
 1.08470000e-09  1.10000000e+00  1.09998697e+00  5.01080369e-05  5.01748189e-05  9.49114042e-08 
 1.08490000e-09  1.10000000e+00  1.09998697e+00  5.01078516e-05  5.01734946e-05  9.14635108e-08 
 1.08510000e-09  1.10000000e+00  1.09998697e+00  5.01070446e-05  5.01721868e-05  9.49118935e-08 
 1.08530000e-09  1.10000000e+00  1.09998697e+00  5.01068700e-05  5.01708951e-05  9.14629995e-08 
 1.08550000e-09  1.10000000e+00  1.09998697e+00  5.01060766e-05  5.01696194e-05  9.49123813e-08 
 1.08570000e-09  1.10000000e+00  1.09998697e+00  5.01059125e-05  5.01683595e-05  9.14624909e-08 
 1.08590000e-09  1.10000000e+00  1.09998697e+00  5.01051325e-05  5.01671152e-05  9.49128670e-08 
 1.08610000e-09  1.10000000e+00  1.09998697e+00  5.01049785e-05  5.01658863e-05  9.14619848e-08 
 1.08630000e-09  1.10000000e+00  1.09998697e+00  5.01042117e-05  5.01646726e-05  9.49133510e-08 
 1.08650000e-09  1.10000000e+00  1.09998697e+00  5.01040675e-05  5.01634740e-05  9.14614808e-08 
 1.08670000e-09  1.10000000e+00  1.09998697e+00  5.01033135e-05  5.01622901e-05  9.49138331e-08 
 1.08690000e-09  1.10000000e+00  1.09998697e+00  5.01031789e-05  5.01611209e-05  9.14609794e-08 
 1.08710000e-09  1.10000000e+00  1.09998697e+00  5.01024374e-05  5.01599662e-05  9.49143133e-08 
 1.08730000e-09  1.10000000e+00  1.09998697e+00  5.01023121e-05  5.01588258e-05  9.14604801e-08 
 1.08750000e-09  1.10000000e+00  1.09998697e+00  5.01015828e-05  5.01576995e-05  9.49147915e-08 
 1.08770000e-09  1.10000000e+00  1.09998697e+00  5.01014667e-05  5.01565871e-05  9.14599833e-08 
 1.08790000e-09  1.10000000e+00  1.09998697e+00  5.01007494e-05  5.01554885e-05  9.49152681e-08 
 1.08810000e-09  1.10000000e+00  1.09998697e+00  5.01006420e-05  5.01544035e-05  9.14594887e-08 
 1.08830000e-09  1.10000000e+00  1.09998697e+00  5.00999364e-05  5.01533320e-05  9.49157429e-08 
 1.08850000e-09  1.10000000e+00  1.09998697e+00  5.00998376e-05  5.01522736e-05  9.14589965e-08 
 1.08870000e-09  1.10000000e+00  1.09998697e+00  5.00991434e-05  5.01512284e-05  9.49162157e-08 
 1.08890000e-09  1.10000000e+00  1.09998697e+00  5.00990530e-05  5.01501961e-05  9.14585066e-08 
 1.08910000e-09  1.10000000e+00  1.09998697e+00  5.00983700e-05  5.01491766e-05  9.49166868e-08 
 1.08930000e-09  1.10000000e+00  1.09998697e+00  5.00982876e-05  5.01481698e-05  9.14580189e-08 
 1.08950000e-09  1.10000000e+00  1.09998697e+00  5.00976156e-05  5.01471753e-05  9.49171559e-08 
 1.08970000e-09  1.10000000e+00  1.09998697e+00  5.00975411e-05  5.01461932e-05  9.14575334e-08 
 1.08990000e-09  1.10000000e+00  1.09998697e+00  5.00968798e-05  5.01452233e-05  9.49176235e-08 
 1.09010000e-09  1.10000000e+00  1.09998697e+00  5.00968129e-05  5.01442653e-05  9.14570504e-08 
 1.09030000e-09  1.10000000e+00  1.09998697e+00  5.00961621e-05  5.01433192e-05  9.49180889e-08 
 1.09050000e-09  1.10000000e+00  1.09998697e+00  5.00961026e-05  5.01423848e-05  9.14565695e-08 
 1.09070000e-09  1.10000000e+00  1.09998697e+00  5.00954620e-05  5.01414620e-05  9.49185526e-08 
 1.09090000e-09  1.10000000e+00  1.09998697e+00  5.00954098e-05  5.01405506e-05  9.14560907e-08 
 1.09110000e-09  1.10000000e+00  1.09998697e+00  5.00947792e-05  5.01396505e-05  9.49190145e-08 
 1.09130000e-09  1.10000000e+00  1.09998697e+00  5.00947340e-05  5.01387615e-05  9.14556143e-08 
 1.09150000e-09  1.10000000e+00  1.09998697e+00  5.00941133e-05  5.01378835e-05  9.49194745e-08 
 1.09170000e-09  1.10000000e+00  1.09998697e+00  5.00940748e-05  5.01370164e-05  9.14551400e-08 
 1.09190000e-09  1.10000000e+00  1.09998697e+00  5.00934637e-05  5.01361600e-05  9.49199328e-08 
 1.09210000e-09  1.10000000e+00  1.09998697e+00  5.00934319e-05  5.01353142e-05  9.14546679e-08 
 1.09230000e-09  1.10000000e+00  1.09998697e+00  5.00928301e-05  5.01344789e-05  9.49203893e-08 
 1.09250000e-09  1.10000000e+00  1.09998697e+00  5.00928047e-05  5.01336539e-05  9.14541980e-08 
 1.09270000e-09  1.10000000e+00  1.09998697e+00  5.00922121e-05  5.01328392e-05  9.49208440e-08 
 1.09290000e-09  1.10000000e+00  1.09998697e+00  5.00921929e-05  5.01320345e-05  9.14537302e-08 
 1.09310000e-09  1.10000000e+00  1.09998697e+00  5.00916093e-05  5.01312398e-05  9.49212968e-08 
 1.09330000e-09  1.10000000e+00  1.09998697e+00  5.00915962e-05  5.01304549e-05  9.14532646e-08 
 1.09350000e-09  1.10000000e+00  1.09998697e+00  5.00910214e-05  5.01296797e-05  9.49217477e-08 
 1.09370000e-09  1.10000000e+00  1.09998697e+00  5.00910141e-05  5.01289141e-05  9.14528012e-08 
 1.09390000e-09  1.10000000e+00  1.09998697e+00  5.00904479e-05  5.01281580e-05  9.49221969e-08 
 1.09410000e-09  1.10000000e+00  1.09998697e+00  5.00904464e-05  5.01274113e-05  9.14523397e-08 
 1.09430000e-09  1.10000000e+00  1.09998697e+00  5.00898886e-05  5.01266738e-05  9.49226442e-08 
 1.09450000e-09  1.10000000e+00  1.09998697e+00  5.00898926e-05  5.01259454e-05  9.14518806e-08 
 1.09470000e-09  1.10000000e+00  1.09998697e+00  5.00893430e-05  5.01252260e-05  9.49230902e-08 
 1.09490000e-09  1.10000000e+00  1.09998697e+00  5.00893524e-05  5.01245156e-05  9.14514231e-08 
 1.09510000e-09  1.10000000e+00  1.09998697e+00  5.00888109e-05  5.01238139e-05  9.49235339e-08 
 1.09530000e-09  1.10000000e+00  1.09998697e+00  5.00888255e-05  5.01231209e-05  9.14509683e-08 
 1.09550000e-09  1.10000000e+00  1.09998697e+00  5.00882918e-05  5.01224365e-05  9.49239761e-08 
 1.09570000e-09  1.10000000e+00  1.09998697e+00  5.00883115e-05  5.01217606e-05  9.14505151e-08 
 1.09590000e-09  1.10000000e+00  1.09998697e+00  5.00877856e-05  5.01210930e-05  9.49244165e-08 
 1.09610000e-09  1.10000000e+00  1.09998697e+00  5.00878102e-05  5.01204337e-05  9.14500642e-08 
 1.09630000e-09  1.10000000e+00  1.09998697e+00  5.00872918e-05  5.01197826e-05  9.49248551e-08 
 1.09650000e-09  1.10000000e+00  1.09998697e+00  5.00873212e-05  5.01191395e-05  9.14496154e-08 
 1.09670000e-09  1.10000000e+00  1.09998697e+00  5.00868102e-05  5.01185043e-05  9.49252917e-08 
 1.09690000e-09  1.10000000e+00  1.09998697e+00  5.00868442e-05  5.01178771e-05  9.14491684e-08 
 1.09710000e-09  1.10000000e+00  1.09998698e+00  5.00863404e-05  5.01172576e-05  9.49257268e-08 
 1.09730000e-09  1.10000000e+00  1.09998698e+00  5.00863789e-05  5.01166457e-05  9.14487238e-08 
 1.09750000e-09  1.10000000e+00  1.09998698e+00  5.00858823e-05  5.01160415e-05  9.49261601e-08 
 1.09770000e-09  1.10000000e+00  1.09998698e+00  5.00859250e-05  5.01154447e-05  9.14482810e-08 
 1.09790000e-09  1.10000000e+00  1.09998698e+00  5.00854354e-05  5.01148553e-05  9.49265916e-08 
 1.09810000e-09  1.10000000e+00  1.09998698e+00  5.00854823e-05  5.01142732e-05  9.14478400e-08 
 1.09830000e-09  1.10000000e+00  1.09998698e+00  5.00849995e-05  5.01136983e-05  9.49270215e-08 
 1.09850000e-09  1.10000000e+00  1.09998698e+00  5.00850505e-05  5.01131305e-05  9.14474012e-08 
 1.09870000e-09  1.10000000e+00  1.09998698e+00  5.00845743e-05  5.01125697e-05  9.49274494e-08 
 1.09890000e-09  1.10000000e+00  1.09998698e+00  5.00846293e-05  5.01120159e-05  9.14469643e-08 
 1.09910000e-09  1.10000000e+00  1.09998698e+00  5.00841596e-05  5.01114690e-05  9.49278759e-08 
 1.09930000e-09  1.10000000e+00  1.09998698e+00  5.00842185e-05  5.01109288e-05  9.14465296e-08 
 1.09950000e-09  1.10000000e+00  1.09998698e+00  5.00837551e-05  5.01103953e-05  9.49283003e-08 
 1.09970000e-09  1.10000000e+00  1.09998698e+00  5.00838177e-05  5.01098684e-05  9.14460967e-08 
 1.09990000e-09  1.10000000e+00  1.09998698e+00  5.00833606e-05  5.01093480e-05  9.49287231e-08 
 1.10010000e-09  1.10000000e+00  1.09998698e+00  5.00834268e-05  5.01088340e-05  9.14456658e-08 
 1.10030000e-09  1.10000000e+00  1.09998698e+00  5.00829758e-05  5.01083264e-05  9.49291441e-08 
 1.10050000e-09  1.10000000e+00  1.09998698e+00  5.00830455e-05  5.01078251e-05  9.14452367e-08 
 1.10070000e-09  1.10000000e+00  1.09998698e+00  5.00826005e-05  5.01073301e-05  9.49295637e-08 
 1.10090000e-09  1.10000000e+00  1.09998698e+00  5.00826735e-05  5.01068411e-05  9.14448096e-08 
 1.10110000e-09  1.10000000e+00  1.09998698e+00  5.00822344e-05  5.01063582e-05  9.49299812e-08 
 1.10130000e-09  1.10000000e+00  1.09998698e+00  5.00823107e-05  5.01058812e-05  9.14443845e-08 
 1.10150000e-09  1.10000000e+00  1.09998698e+00  5.00818774e-05  5.01054102e-05  9.49303972e-08 
 1.10170000e-09  1.10000000e+00  1.09998698e+00  5.00819568e-05  5.01049450e-05  9.14439612e-08 
 1.10190000e-09  1.10000000e+00  1.09998698e+00  5.00815291e-05  5.01044855e-05  9.49308114e-08 
 1.10210000e-09  1.10000000e+00  1.09998698e+00  5.00816116e-05  5.01040318e-05  9.14435401e-08 
 1.10230000e-09  1.10000000e+00  1.09998698e+00  5.00811895e-05  5.01035836e-05  9.49312240e-08 
 1.10250000e-09  1.10000000e+00  1.09998698e+00  5.00812749e-05  5.01031410e-05  9.14431207e-08 
 1.10270000e-09  1.10000000e+00  1.09998698e+00  5.00808581e-05  5.01027039e-05  9.49316349e-08 
 1.10290000e-09  1.10000000e+00  1.09998698e+00  5.00809465e-05  5.01022722e-05  9.14427031e-08 
 1.10310000e-09  1.10000000e+00  1.09998698e+00  5.00805350e-05  5.01018458e-05  9.49320441e-08 
 1.10330000e-09  1.10000000e+00  1.09998698e+00  5.00806261e-05  5.01014247e-05  9.14422873e-08 
 1.10350000e-09  1.10000000e+00  1.09998698e+00  5.00802198e-05  5.01010089e-05  9.49324514e-08 
 1.10370000e-09  1.10000000e+00  1.09998698e+00  5.00803136e-05  5.01005981e-05  9.14418736e-08 
 1.10390000e-09  1.10000000e+00  1.09998698e+00  5.00799124e-05  5.01001925e-05  9.49328573e-08 
 1.10410000e-09  1.10000000e+00  1.09998698e+00  5.00800087e-05  5.00997918e-05  9.14414616e-08 
 1.10430000e-09  1.10000000e+00  1.09998698e+00  5.00796126e-05  5.00993962e-05  9.49332613e-08 
 1.10450000e-09  1.10000000e+00  1.09998698e+00  5.00797114e-05  5.00990054e-05  9.14410516e-08 
 1.10470000e-09  1.10000000e+00  1.09998698e+00  5.00793201e-05  5.00986195e-05  9.49336638e-08 
 1.10490000e-09  1.10000000e+00  1.09998698e+00  5.00794213e-05  5.00982383e-05  9.14406433e-08 
 1.10510000e-09  1.10000000e+00  1.09998698e+00  5.00790348e-05  5.00978619e-05  9.49340646e-08 
 1.10530000e-09  1.10000000e+00  1.09998698e+00  5.00791384e-05  5.00974901e-05  9.14402367e-08 
 1.10550000e-09  1.10000000e+00  1.09998698e+00  5.00787566e-05  5.00971229e-05  9.49344638e-08 
 1.10570000e-09  1.10000000e+00  1.09998698e+00  5.00788624e-05  5.00967603e-05  9.14398322e-08 
 1.10590000e-09  1.10000000e+00  1.09998698e+00  5.00784853e-05  5.00964021e-05  9.49348612e-08 
 1.10610000e-09  1.10000000e+00  1.09998698e+00  5.00785932e-05  5.00960484e-05  9.14394294e-08 
 1.10630000e-09  1.10000000e+00  1.09998698e+00  5.00782206e-05  5.00956991e-05  9.49352571e-08 
 1.10650000e-09  1.10000000e+00  1.09998698e+00  5.00783306e-05  5.00953540e-05  9.14390284e-08 
 1.10670000e-09  1.10000000e+00  1.09998698e+00  5.00779624e-05  5.00950133e-05  9.49356512e-08 
 1.10690000e-09  1.10000000e+00  1.09998698e+00  5.00780745e-05  5.00946768e-05  9.14386291e-08 
 1.10710000e-09  1.10000000e+00  1.09998698e+00  5.00777106e-05  5.00943444e-05  9.49360438e-08 
 1.10730000e-09  1.10000000e+00  1.09998698e+00  5.00778247e-05  5.00940161e-05  9.14382317e-08 
 1.10750000e-09  1.10000000e+00  1.09998698e+00  5.00774651e-05  5.00936920e-05  9.49364347e-08 
 1.10770000e-09  1.10000000e+00  1.09998698e+00  5.00775809e-05  5.00933718e-05  9.14378361e-08 
 1.10790000e-09  1.10000000e+00  1.09998698e+00  5.00772255e-05  5.00930556e-05  9.49368238e-08 
 1.10810000e-09  1.10000000e+00  1.09998698e+00  5.00773432e-05  5.00927433e-05  9.14374421e-08 
 1.10830000e-09  1.10000000e+00  1.09998698e+00  5.00769919e-05  5.00924348e-05  9.49372114e-08 
 1.10850000e-09  1.10000000e+00  1.09998698e+00  5.00771113e-05  5.00921302e-05  9.14370499e-08 
 1.10870000e-09  1.10000000e+00  1.09998698e+00  5.00767640e-05  5.00918294e-05  9.49375974e-08 
 1.10890000e-09  1.10000000e+00  1.09998698e+00  5.00768851e-05  5.00915323e-05  9.14366595e-08 
 1.10910000e-09  1.10000000e+00  1.09998698e+00  5.00765418e-05  5.00912388e-05  9.49379820e-08 
 1.10930000e-09  1.10000000e+00  1.09998698e+00  5.00766645e-05  5.00909490e-05  9.14362709e-08 
 1.10950000e-09  1.10000000e+00  1.09998698e+00  5.00763250e-05  5.00906628e-05  9.49383647e-08 
 1.10970000e-09  1.10000000e+00  1.09998698e+00  5.00764492e-05  5.00903801e-05  9.14358839e-08 
 1.10990000e-09  1.10000000e+00  1.09998698e+00  5.00761136e-05  5.00901009e-05  9.49387459e-08 
 1.11000000e-09  1.10000000e+00  1.09998698e+00  5.00762909e-05  5.00899626e-05  9.14353085e-08 
 1.11002000e-09  1.09780000e+00  1.09998325e+00  4.85181556e-05  5.00868253e-05  1.76064149e-07 
 1.11006000e-09  1.09340000e+00  1.09996843e+00  4.24589492e-05  5.00684689e-05  3.49914933e-07 
 1.11014000e-09  1.08460000e+00  1.09989489e+00  1.44114046e-05  4.98960921e-05  6.86140088e-07 
 1.11030000e-09  1.06700000e+00  1.09957209e+00 -1.16463494e-04  4.82941534e-05  1.40715113e-06 
 1.11050000e-09  1.04500000e+00  1.09884866e+00 -3.52933921e-04  4.26903344e-05  2.06162264e-06 
 1.11070000e-09  1.02300000e+00  1.09777880e+00 -6.26395893e-04  3.21486464e-05  2.78119041e-06 
 1.11090000e-09  1.00100000e+00  1.09636977e+00 -9.16120853e-04  1.62395965e-05  3.36044912e-06 
 1.11110000e-09  9.79000000e-01  1.09462797e+00 -1.21235630e-03 -5.15601086e-06  4.03199614e-06 
 1.11130000e-09  9.57000000e-01  1.09255917e+00 -1.51013022e-03 -3.20092237e-05  4.58585108e-06 
 1.11150000e-09  9.35000000e-01  1.09016896e+00 -1.80730084e-03 -6.42212297e-05  5.23511438e-06 
 1.11170000e-09  9.13000000e-01  1.08746266e+00 -2.10256759e-03 -1.01661091e-04  5.77681608e-06 
 1.11190000e-09  8.91000000e-01  1.08444554e+00 -2.39555114e-03 -1.44183829e-04  6.41186047e-06 
 1.11210000e-09  8.69000000e-01  1.08112269e+00 -2.68579024e-03 -1.91639014e-04  6.94622905e-06 
 1.11230000e-09  8.47000000e-01  1.07749922e+00 -2.97329193e-03 -2.43874699e-04  7.57112951e-06 
 1.11250000e-09  8.25000000e-01  1.07358004e+00 -3.25776248e-03 -3.00739105e-04  8.10126458e-06 
 1.11270000e-09  8.03000000e-01  1.06937010e+00 -3.53926111e-03 -3.62081138e-04  8.71946155e-06 
 1.11290000e-09  7.81000000e-01  1.06487416e+00 -3.81748997e-03 -4.27750334e-04  9.24849576e-06 
 1.11310000e-09  7.59000000e-01  1.06009705e+00 -4.09246363e-03 -4.97596403e-04  9.86381585e-06 
 1.11330000e-09  7.37000000e-01  1.05504338e+00 -4.36381741e-03 -5.71468564e-04  1.03956180e-05 
 1.11350000e-09  7.15000000e-01  1.04971783e+00 -4.63147019e-03 -6.49214608e-04  1.10128836e-05 
 1.11370000e-09  6.93000000e-01  1.04412491e+00 -4.89494114e-03 -7.30679778e-04  1.15526838e-05 
 1.11390000e-09  6.71000000e-01  1.03826914e+00 -5.15399817e-03 -8.15705320e-04  1.21784339e-05 
 1.11410000e-09  6.49000000e-01  1.03215492e+00 -5.40797987e-03 -9.04126779e-04  1.27336881e-05 
 1.11430000e-09  6.27000000e-01  1.02578668e+00 -5.65642488e-03 -9.95771840e-04  1.33772451e-05 
 1.11450000e-09  6.05000000e-01  1.01916870e+00 -5.89839665e-03 -1.09045776e-03  1.39589548e-05 
 1.11470000e-09  5.83000000e-01  1.01230532e+00 -6.13308931e-03 -1.18798816e-03  1.46340733e-05 
 1.11490000e-09  5.61000000e-01  1.00520076e+00 -6.35915251e-03 -1.28814920e-03  1.52588450e-05 
 1.11510000e-09  5.39000000e-01  9.97859304e-01 -6.57526970e-03 -1.39070489e-03  1.59862963e-05 
 1.11530000e-09  5.17000000e-01  9.90285150e-01 -6.77948066e-03 -1.49539143e-03  1.66795786e-05 
 1.11550000e-09  4.95000000e-01  9.82482607e-01 -6.96972956e-03 -1.60191051e-03  1.74911986e-05 
 1.11570000e-09  4.73000000e-01  9.74455944e-01 -7.14318558e-03 -1.70992134e-03  1.82922958e-05 
 1.11590000e-09  4.51000000e-01  9.66209610e-01 -7.29676311e-03 -1.81903130e-03  1.92371126e-05 
 1.11610000e-09  4.29000000e-01  9.57748108e-01 -7.42644718e-03 -1.92878524e-03  2.02064944e-05 
 1.11630000e-09  4.07000000e-01  9.49076229e-01 -7.52779697e-03 -2.03865330e-03  2.13591458e-05 
 1.11650000e-09  3.85000000e-01  9.40198962e-01 -7.59529125e-03 -2.14801747e-03  2.25876016e-05 
 1.11670000e-09  3.63000000e-01  9.31121739e-01 -7.62283135e-03 -2.25615695e-03  2.40573829e-05 
 1.11690000e-09  3.41000000e-01  9.21850354e-01 -7.60311725e-03 -2.36223254e-03  2.56733645e-05 
 1.11710000e-09  3.19000000e-01  9.12391177e-01 -7.52814764e-03 -2.46527017e-03  2.76072747e-05 
 1.11730000e-09  2.97000000e-01  9.02750998e-01 -7.38860398e-03 -2.56414354e-03  2.97719126e-05 
 1.11750000e-09  2.75000000e-01  8.92937087e-01 -7.17431903e-03 -2.65755578e-03  3.23372225e-05 
 1.11770000e-09  2.53000000e-01  8.82956820e-01 -6.87367125e-03 -2.74401993e-03  3.52108235e-05 
 1.11790000e-09  2.31000000e-01  8.72817476e-01 -6.47413247e-03 -2.82183937e-03  3.85456419e-05 
 1.11810000e-09  2.09000000e-01  8.62525652e-01 -5.96194376e-03 -2.88909083e-03  4.22295642e-05 
 1.11830000e-09  1.87000000e-01  8.52087003e-01 -5.32313634e-03 -2.94361458e-03  4.63912228e-05 
 1.11850000e-09  1.65000000e-01  8.41505832e-01 -4.54379971e-03 -2.98301762e-03  5.09009137e-05 
 1.11870000e-09  1.43000000e-01  8.30785179e-01 -3.61153683e-03 -3.00469387e-03  5.58745185e-05 
 1.11890000e-09  1.21000000e-01  8.19926839e-01 -2.51580776e-03 -3.00586176e-03  6.11788247e-05 
 1.11910000e-09  9.90000000e-02  8.08931786e-01 -1.24900240e-03 -2.98361509e-03  6.69284244e-05 
 1.11930000e-09  7.70000000e-02  7.97796236e-01  1.58447252e-04 -2.93533118e-03  7.31158760e-05 
 1.11950000e-09  5.50000000e-02  7.86495262e-01  1.50094404e-03 -2.86077619e-03  8.03609157e-05 
 1.11970000e-09  3.30000000e-02  7.75062399e-01  3.11190865e-03 -2.75845535e-03  8.62075164e-05 
 1.11990000e-09  1.10000000e-02  7.63496302e-01  4.95599104e-03 -2.62395228e-03  9.41850864e-05 
 1.12000000e-09  0.00000000e+00  7.57662301e-01  5.96064281e-03 -2.54353169e-03  9.70262326e-05 
 1.12002000e-09  0.00000000e+00  7.56494484e-01  6.17025713e-03 -2.52613890e-03  9.80309551e-05 
 1.12006000e-09  0.00000000e+00  7.54163102e-01  6.59741660e-03 -2.49057013e-03  9.93441053e-05 
 1.12014000e-09  0.00000000e+00  7.49526224e-01  7.49329930e-03 -2.41458664e-03  1.01814849e-04 
 1.12030000e-09  0.00000000e+00  7.40352979e-01  9.42673794e-03 -2.24197386e-03  1.07011490e-04 
 1.12050000e-09  0.00000000e+00  7.29068021e-01  1.20600801e-02 -1.98483756e-03  1.13518612e-04 
 1.12070000e-09  0.00000000e+00  7.17976750e-01  1.48821885e-02 -1.67877871e-03  1.20203890e-04 
 1.12090000e-09  0.00000000e+00  7.07071973e-01  1.78547846e-02 -1.32140712e-03  1.26837122e-04 
 1.12110000e-09  0.00000000e+00  6.96347834e-01  2.09540186e-02 -9.10995071e-04  1.33559531e-04 
 1.12130000e-09  0.00000000e+00  6.85799346e-01  2.41653792e-02 -4.46228854e-04  1.40177899e-04 
 1.12150000e-09  0.00000000e+00  6.75422140e-01  2.74803789e-02  7.39515008e-05  1.46832099e-04 
 1.12170000e-09  0.00000000e+00  6.65212274e-01  3.08947365e-02  6.50458555e-04  1.53354049e-04 
 1.12190000e-09  0.00000000e+00  6.55166152e-01  3.44069615e-02  1.28412965e-03  1.59876922e-04 
 1.12210000e-09  0.00000000e+00  6.45280433e-01  3.80176647e-02  1.97577685e-03  1.66252104e-04 
 1.12230000e-09  0.00000000e+00  6.35552021e-01  4.17287699e-02  2.72622122e-03  1.72604329e-04 
 1.12250000e-09  0.00000000e+00  6.25978016e-01  4.55432214e-02  3.53631576e-03  1.78801135e-04 
 1.12270000e-09  0.00000000e+00  6.16555741e-01  4.94644560e-02  4.40695978e-03  1.84958247e-04 
 1.12290000e-09  0.00000000e+00  6.07282708e-01  5.34963874e-02  5.33910754e-03  1.90956701e-04 
 1.12310000e-09  0.00000000e+00  5.98156652e-01  5.76431752e-02  6.33377435e-03  1.96902661e-04 
 1.12330000e-09  0.00000000e+00  5.89175503e-01  6.19095767e-02  7.39204368e-03  2.02688015e-04 
 1.12350000e-09  0.00000000e+00  5.80337413e-01  6.63010456e-02  8.51507868e-03  2.08408783e-04 
 1.12370000e-09  0.00000000e+00  5.71640707e-01  7.08243351e-02  9.70414030e-03  2.13965605e-04 
 1.12390000e-09  0.00000000e+00  5.63083909e-01  7.54876537e-02  1.09606127e-02  2.19444606e-04 
 1.12410000e-09  0.00000000e+00  5.54665675e-01  8.03011669e-02  1.22860344e-02  2.24754313e-04 
 1.12430000e-09  0.00000000e+00  5.46384814e-01  8.52769068e-02  1.36821335e-02  2.29972166e-04 
 1.12450000e-09  0.00000000e+00  5.38240229e-01  9.04290033e-02  1.51508626e-02  2.35014421e-04 
 1.12470000e-09  0.00000000e+00  5.30230933e-01  9.57733254e-02  1.66944329e-02  2.39951198e-04 
 1.12490000e-09  0.00000000e+00  5.22355998e-01  1.01327487e-01  1.83153433e-02  2.44706413e-04 
 1.12510000e-09  0.00000000e+00  5.14614571e-01  1.07110234e-01  2.00164030e-02  2.49344311e-04 
 1.12530000e-09  0.00000000e+00  5.07005812e-01  1.13141112e-01  2.18007450e-02  2.53797038e-04 
 1.12550000e-09  0.00000000e+00  4.99528887e-01  1.19439302e-01  2.36718235e-02  2.58125610e-04 
 1.12570000e-09  0.00000000e+00  4.92182863e-01  1.26022465e-01  2.56333890e-02  2.62272992e-04 
 1.12590000e-09  0.00000000e+00  4.84966648e-01  1.32904515e-01  2.76894306e-02  2.66301805e-04 
 1.12610000e-09  0.00000000e+00  4.77878827e-01  1.40093451e-01  2.98440752e-02  2.70169798e-04 
 1.12630000e-09  0.00000000e+00  4.70917583e-01  1.47588744e-01  3.21014420e-02  2.73944387e-04 
 1.12650000e-09  0.00000000e+00  4.64080579e-01  1.55380104e-01  3.44654614e-02  2.77595945e-04 
 1.12670000e-09  0.00000000e+00  4.57365006e-01  1.63447330e-01  3.69396843e-02  2.81189932e-04 
 1.12690000e-09  0.00000000e+00  4.50767643e-01  1.71762376e-01  3.95271134e-02  2.84697996e-04 
 1.12710000e-09  0.00000000e+00  4.44285050e-01  1.80292020e-01  4.22300854e-02  2.88173711e-04 
 1.12730000e-09  0.00000000e+00  4.37913700e-01  1.89001253e-01  4.50502151e-02  2.91583495e-04 
 1.12750000e-09  0.00000000e+00  4.31650150e-01  1.97855637e-01  4.79883979e-02  2.94968549e-04 
 1.12770000e-09  0.00000000e+00  4.25491107e-01  2.06823351e-01  5.10448552e-02  2.98292538e-04 
 1.12790000e-09  0.00000000e+00  4.19433504e-01  2.15875907e-01  5.42192072e-02  3.01588971e-04 
 1.12810000e-09  0.00000000e+00  4.13474487e-01  2.24988758e-01  5.75105562e-02  3.04822574e-04 
 1.12830000e-09  0.00000000e+00  4.07611441e-01  2.34140993e-01  6.09175724e-02  3.08022706e-04 
 1.12850000e-09  0.00000000e+00  4.01841932e-01  2.43315295e-01  6.44385738e-02  3.11157014e-04 
 1.12870000e-09  0.00000000e+00  3.96163723e-01  2.52497310e-01  6.80715981e-02  3.14252311e-04 
 1.12890000e-09  0.00000000e+00  3.90574710e-01  2.61675476e-01  7.18144654e-02  3.17279574e-04 
 1.12910000e-09  0.00000000e+00  3.85072931e-01  2.70840376e-01  7.56648309e-02  3.20263633e-04 
 1.12930000e-09  0.00000000e+00  3.79656514e-01  2.79984626e-01  7.96202303e-02  3.23178598e-04 
 1.12950000e-09  0.00000000e+00  3.74323690e-01  2.89102315e-01  8.36781163e-02  3.26047503e-04 
 1.12970000e-09  0.00000000e+00  3.69072745e-01  2.98188965e-01  8.78358890e-02  3.28847243e-04 
 1.12990000e-09  0.00000000e+00  3.63902043e-01  3.07241066e-01  9.20909212e-02  3.31599142e-04 
 1.13010000e-09  0.00000000e+00  3.58809987e-01  3.16256102e-01  9.64405779e-02  3.34282533e-04 
 1.13030000e-09  0.00000000e+00  3.53795046e-01  3.25232147e-01  1.00882232e-01  3.36917114e-04 
 1.13050000e-09  0.00000000e+00  3.48855716e-01  3.34167945e-01  1.05413278e-01  3.39484339e-04 
 1.13070000e-09  0.00000000e+00  3.43990525e-01  3.43062531e-01  1.10031139e-01  3.42002678e-04 
 1.13090000e-09  0.00000000e+00  3.39198013e-01  3.51915242e-01  1.14733272e-01  3.44455679e-04 
 1.13110000e-09  0.00000000e+00  3.34476834e-01  3.60725466e-01  1.19517175e-01  3.46859805e-04 
 1.13130000e-09  0.00000000e+00  3.29825676e-01  3.69492959e-01  1.24380384e-01  3.49199858e-04 
 1.13150000e-09  0.00000000e+00  3.25243299e-01  3.78217545e-01  1.29320480e-01  3.51490992e-04 
 1.13170000e-09  0.00000000e+00  3.20728496e-01  3.86899273e-01  1.34335092e-01  3.53719395e-04 
 1.13190000e-09  0.00000000e+00  3.16280126e-01  3.95538162e-01  1.39421897e-01  3.55898956e-04 
 1.13210000e-09  0.00000000e+00  3.11897082e-01  4.04134379e-01  1.44578617e-01  3.58017033e-04 
 1.13230000e-09  0.00000000e+00  3.07578315e-01  4.12688020e-01  1.49803025e-01  3.60086319e-04 
 1.13250000e-09  0.00000000e+00  3.03322805e-01  4.21199299e-01  1.55092938e-01  3.62095172e-04 
 1.13270000e-09  0.00000000e+00  2.99129584e-01  4.29668344e-01  1.60446223e-01  3.64055178e-04 
 1.13290000e-09  0.00000000e+00  2.94997704e-01  4.38095392e-01  1.65860790e-01  3.65955566e-04 
 1.13310000e-09  0.00000000e+00  2.90926264e-01  4.46480587e-01  1.71334596e-01  3.67806917e-04 
 1.13330000e-09  0.00000000e+00  2.86914372e-01  4.54824176e-01  1.76865642e-01  3.69599219e-04 
 1.13350000e-09  0.00000000e+00  2.82961176e-01  4.63126306e-01  1.82451970e-01  3.71342151e-04 
 1.13370000e-09  0.00000000e+00  2.79065830e-01  4.71387218e-01  1.88091669e-01  3.73026362e-04 
 1.13390000e-09  0.00000000e+00  2.75227516e-01  4.79607039e-01  1.93782866e-01  3.74660722e-04 
 1.13410000e-09  0.00000000e+00  2.71445418e-01  4.87785971e-01  1.99523730e-01  3.76236451e-04 
 1.13430000e-09  0.00000000e+00  2.67718745e-01  4.95924089e-01  2.05312469e-01  3.77761684e-04 
 1.13450000e-09  0.00000000e+00  2.64046699e-01  5.04021520e-01  2.11147327e-01  3.79228116e-04 
 1.13470000e-09  0.00000000e+00  2.60428507e-01  5.12078244e-01  2.17026586e-01  3.80643214e-04 
 1.13490000e-09  0.00000000e+00  2.56863385e-01  5.20094265e-01  2.22948559e-01  3.81999055e-04 
 1.13510000e-09  0.00000000e+00  2.53350567e-01  5.28069421e-01  2.28911595e-01  3.83302478e-04 
 1.13530000e-09  0.00000000e+00  2.49889279e-01  5.36003549e-01  2.34914068e-01  3.84545846e-04 
 1.13550000e-09  0.00000000e+00  2.46478760e-01  5.43896291e-01  2.40954382e-01  3.85735403e-04 
 1.13570000e-09  0.00000000e+00  2.43118238e-01  5.51747268e-01  2.47030964e-01  3.86863697e-04 
 1.13590000e-09  0.00000000e+00  2.39806957e-01  5.59555879e-01  2.53142263e-01  3.87936395e-04 
 1.13610000e-09  0.00000000e+00  2.36544144e-01  5.67321473e-01  2.59286746e-01  3.88946128e-04 
 1.13630000e-09  0.00000000e+00  2.33329041e-01  5.75043156e-01  2.65462896e-01  3.89897989e-04 
 1.13650000e-09  0.00000000e+00  2.30160874e-01  5.82719954e-01  2.71669206e-01  3.90784587e-04 
 1.13670000e-09  0.00000000e+00  2.27038882e-01  5.90350623e-01  2.77904178e-01  3.91610439e-04 
 1.13690000e-09  0.00000000e+00  2.23962286e-01  5.97933811e-01  2.84166318e-01  3.92368025e-04 
 1.13710000e-09  0.00000000e+00  2.20930318e-01  6.05467870e-01  2.90454130e-01  3.93061271e-04 
 1.13730000e-09  0.00000000e+00  2.17942193e-01  6.12951013e-01  2.96766116e-01  3.93682435e-04 
 1.13750000e-09  0.00000000e+00  2.14997134e-01  6.20381132e-01  3.03100769e-01  3.94234839e-04 
 1.13770000e-09  0.00000000e+00  2.12094347e-01  6.27755952e-01  3.09456566e-01  3.94710435e-04 
 1.13790000e-09  0.00000000e+00  2.09233046e-01  6.35072855e-01  3.15831969e-01  3.95111949e-04 
 1.13810000e-09  0.00000000e+00  2.06412424e-01  6.42329036e-01  3.22225414e-01  3.95430978e-04 
 1.13830000e-09  0.00000000e+00  2.03631685e-01  6.49521339e-01  3.28635311e-01  3.95669700e-04 
 1.13850000e-09  0.00000000e+00  2.00890012e-01  6.56646416e-01  3.35060035e-01  3.95819376e-04 
 1.13870000e-09  0.00000000e+00  1.98186597e-01  6.63700580e-01  3.41497925e-01  3.95881760e-04 
 1.13890000e-09  0.00000000e+00  1.95520617e-01  6.70679985e-01  3.47947279e-01  3.95847901e-04 
 1.13910000e-09  0.00000000e+00  1.92891261e-01  6.77580495e-01  3.54406347e-01  3.95719370e-04 
 1.13930000e-09  0.00000000e+00  1.90297708e-01  6.84397891e-01  3.60873334e-01  3.95487266e-04 
 1.13950000e-09  0.00000000e+00  1.87739152e-01  6.91127774e-01  3.67346394e-01  3.95153371e-04 
 1.13970000e-09  0.00000000e+00  1.85214789e-01  6.97765797e-01  3.73823629e-01  3.94709245e-04 
 1.13990000e-09  0.00000000e+00  1.82723842e-01  7.04307601e-01  3.80303096e-01  3.94157396e-04 
 1.14010000e-09  0.00000000e+00  1.80265543e-01  7.10749075e-01  3.86782804e-01  3.93490357e-04 
 1.14030000e-09  0.00000000e+00  1.77839165e-01  7.17086309e-01  3.93260722e-01  3.92711913e-04 
 1.14050000e-09  0.00000000e+00  1.75444005e-01  7.23315860e-01  3.99734789e-01  3.91816037e-04 
 1.14070000e-09  0.00000000e+00  1.73079412e-01  7.29434702e-01  4.06202917e-01  3.90808209e-04 
 1.14090000e-09  0.00000000e+00  1.70744768e-01  7.35440464e-01  4.12663010e-01  3.89684100e-04 
 1.14110000e-09  0.00000000e+00  1.68439519e-01  7.41331349e-01  4.19112968e-01  3.88451019e-04 
 1.14130000e-09  0.00000000e+00  1.66163145e-01  7.47106315e-01  4.25550708e-01  3.87106259e-04 
 1.14150000e-09  0.00000000e+00  1.63915192e-01  7.52764937e-01  4.31974172e-01  3.85658752e-04 
 1.14170000e-09  0.00000000e+00  1.61695240e-01  7.58307530e-01  4.38381341e-01  3.84107043e-04 
 1.14190000e-09  0.00000000e+00  1.59502926e-01  7.63734956e-01  4.44770250e-01  3.82461232e-04 
 1.14210000e-09  0.00000000e+00  1.57337915e-01  7.69048698e-01  4.51138994e-01  3.80720583e-04 
 1.14230000e-09  0.00000000e+00  1.55199917e-01  7.74250634e-01  4.57485740e-01  3.78895846e-04 
 1.14250000e-09  0.00000000e+00  1.53088658e-01  7.79343091e-01  4.63808733e-01  3.76986482e-04 
 1.14270000e-09  0.00000000e+00  1.51003897e-01  7.84328613e-01  4.70106300e-01  3.75003443e-04 
 1.14290000e-09  0.00000000e+00  1.48945400e-01  7.89210019e-01  4.76376854e-01  3.72945993e-04 
 1.14310000e-09  0.00000000e+00  1.46912955e-01  7.93990190e-01  4.82618899e-01  3.70824983e-04 
 1.14330000e-09  0.00000000e+00  1.44906345e-01  7.98672135e-01  4.88831023e-01  3.68639229e-04 
 1.14350000e-09  0.00000000e+00  1.42925368e-01  8.03258808e-01  4.95011903e-01  3.66399323e-04 
 1.14370000e-09  0.00000000e+00  1.40969816e-01  8.07753196e-01  5.01160301e-01  3.64103516e-04 
 1.14390000e-09  0.00000000e+00  1.39039485e-01  8.12158156e-01  5.07275061e-01  3.61762079e-04 
 1.14410000e-09  0.00000000e+00  1.37134165e-01  8.16476523e-01  5.13355106e-01  3.59372668e-04 
 1.14430000e-09  0.00000000e+00  1.35253648e-01  8.20710963e-01  5.19399436e-01  3.56945241e-04 
 1.14450000e-09  0.00000000e+00  1.33397715e-01  8.24864096e-01  5.25407121e-01  3.54476870e-04 
 1.14470000e-09  0.00000000e+00  1.31566153e-01  8.28938361e-01  5.31377301e-01  3.51977242e-04 
 1.14490000e-09  0.00000000e+00  1.29758735e-01  8.32936145e-01  5.37309181e-01  3.49442881e-04 
 1.14510000e-09  0.00000000e+00  1.27975241e-01  8.36859656e-01  5.43202027e-01  3.46883252e-04 
 1.14530000e-09  0.00000000e+00  1.26215437e-01  8.40711056e-01  5.49055162e-01  3.44294377e-04 
 1.14550000e-09  0.00000000e+00  1.24479096e-01  8.44492339e-01  5.54867965e-01  3.41685550e-04 
 1.14570000e-09  0.00000000e+00  1.22765981e-01  8.48205462e-01  5.60639865e-01  3.39052331e-04 
 1.14590000e-09  0.00000000e+00  1.21075859e-01  8.51852226e-01  5.66370340e-01  3.36403894e-04 
 1.14610000e-09  0.00000000e+00  1.19408489e-01  8.55434410e-01  5.72058913e-01  3.33735371e-04 
 1.14630000e-09  0.00000000e+00  1.17763636e-01  8.58953648e-01  5.77705153e-01  3.31055856e-04 
 1.14650000e-09  0.00000000e+00  1.16141054e-01  8.62411562e-01  5.83308667e-01  3.28360090e-04 
 1.14670000e-09  0.00000000e+00  1.14540509e-01  8.65809644e-01  5.88869102e-01  3.25657118e-04 
 1.14690000e-09  0.00000000e+00  1.12961754e-01  8.69149384e-01  5.94386139e-01  3.22941318e-04 
 1.14710000e-09  0.00000000e+00  1.11404552e-01  8.72432151e-01  5.99859498e-01  3.20221717e-04 
 1.14730000e-09  0.00000000e+00  1.09868657e-01  8.75659319e-01  6.05288929e-01  3.17492348e-04 
 1.14750000e-09  0.00000000e+00  1.08353832e-01  8.78832154e-01  6.10674212e-01  3.14762248e-04 
 1.14770000e-09  0.00000000e+00  1.06859833e-01  8.81951933e-01  6.16015159e-01  3.12025123e-04 
 1.14790000e-09  0.00000000e+00  1.05386422e-01  8.85019831e-01  6.21311609e-01  3.09290038e-04 
 1.14810000e-09  0.00000000e+00  1.03933356e-01  8.88037040e-01  6.26563428e-01  3.06550390e-04 
 1.14830000e-09  0.00000000e+00  1.02500399e-01  8.91004657e-01  6.31770505e-01  3.03815287e-04 
 1.14850000e-09  0.00000000e+00  1.01087309e-01  8.93923800e-01  6.36932757e-01  3.01077830e-04 
 1.14870000e-09  0.00000000e+00  9.96938523e-02  8.96795498e-01  6.42050121e-01  2.98347186e-04 
 1.14890000e-09  0.00000000e+00  9.83197872e-02  8.99620802e-01  6.47122558e-01  2.95616169e-04 
 1.14910000e-09  0.00000000e+00  9.69648818e-02  9.02400682e-01  6.52150046e-01  2.92894017e-04 
 1.14930000e-09  0.00000000e+00  9.56288970e-02  9.05136129e-01  6.57132588e-01  2.90173267e-04 
 1.14950000e-09  0.00000000e+00  9.43116020e-02  9.07828057e-01  6.62070202e-01  2.87463239e-04 
 1.14970000e-09  0.00000000e+00  9.30127599e-02  9.10477405e-01  6.66962925e-01  2.84756199e-04 
 1.14990000e-09  0.00000000e+00  9.17321416e-02  9.13085036e-01  6.71810812e-01  2.82061557e-04 
 1.15010000e-09  0.00000000e+00  9.04695122e-02  9.15651840e-01  6.76613934e-01  2.79371319e-04 
 1.15030000e-09  0.00000000e+00  8.92246444e-02  9.18178633e-01  6.81372375e-01  2.76694990e-04 
 1.15050000e-09  0.00000000e+00  8.79973055e-02  9.20666257e-01  6.86086238e-01  2.74024321e-04 
 1.15070000e-09  0.00000000e+00  8.67872704e-02  9.23115486e-01  6.90755637e-01  2.71368923e-04 
 1.15090000e-09  0.00000000e+00  8.55943084e-02  9.25527118e-01  6.95380700e-01  2.68720296e-04 
 1.15110000e-09  0.00000000e+00  8.44181967e-02  9.27901884e-01  6.99961567e-01  2.66088160e-04 
 1.15130000e-09  0.00000000e+00  8.32587070e-02  9.30240541e-01  7.04498392e-01  2.63463772e-04 
 1.15150000e-09  0.00000000e+00  8.21156188e-02  9.32543782e-01  7.08991337e-01  2.60856969e-04 
 1.15170000e-09  0.00000000e+00  8.09887067e-02  9.34812323e-01  7.13440579e-01  2.58258768e-04 
 1.15190000e-09  0.00000000e+00  7.98777527e-02  9.37046818e-01  7.17846302e-01  2.55679126e-04 
 1.15210000e-09  0.00000000e+00  7.87825342e-02  9.39247946e-01  7.22208700e-01  2.53108829e-04 
 1.15230000e-09  0.00000000e+00  7.77028362e-02  9.41416326e-01  7.26527976e-01  2.50557958e-04 
 1.15250000e-09  0.00000000e+00  7.66384392e-02  9.43552601e-01  7.30804342e-01  2.48017070e-04 
 1.15270000e-09  0.00000000e+00  7.55891316e-02  9.45657353e-01  7.35038018e-01  2.45496376e-04 
 1.15290000e-09  0.00000000e+00  7.45546972e-02  9.47731192e-01  7.39229231e-01  2.42986210e-04 
 1.15310000e-09  0.00000000e+00  7.35349278e-02  9.49774670e-01  7.43378215e-01  2.40496915e-04 
 1.15330000e-09  0.00000000e+00  7.25296112e-02  9.51788362e-01  7.47485211e-01  2.38018608e-04 
 1.15350000e-09  0.00000000e+00  7.15385429e-02  9.53772790e-01  7.51550466e-01  2.35561766e-04 
 1.15370000e-09  0.00000000e+00  7.05615147e-02  9.55728499e-01  7.55574232e-01  2.33116296e-04 
 1.15390000e-09  0.00000000e+00  6.95983261e-02  9.57655981e-01  7.59556766e-01  2.30692809e-04 
 1.15410000e-09  0.00000000e+00  6.86487732e-02  9.59555754e-01  7.63498333e-01  2.28281007e-04 
 1.15430000e-09  0.00000000e+00  6.77126600e-02  9.61428284e-01  7.67399198e-01  2.25891640e-04 
 1.15450000e-09  0.00000000e+00  6.67897871e-02  9.63274061e-01  7.71259633e-01  2.23514207e-04 
 1.15470000e-09  0.00000000e+00  6.58799628e-02  9.65093526e-01  7.75079913e-01  2.21159598e-04 
 1.15490000e-09  0.00000000e+00  6.49829925e-02  9.66887145e-01  7.78860318e-01  2.18817117e-04 
 1.15510000e-09  0.00000000e+00  6.40986893e-02  9.68655337e-01  7.82601128e-01  2.16497793e-04 
 1.15530000e-09  0.00000000e+00  6.32268635e-02  9.70398544e-01  7.86302629e-01  2.14190737e-04 
 1.15550000e-09  0.00000000e+00  6.23673329e-02  9.72117163e-01  7.89965109e-01  2.11907123e-04 
 1.15570000e-09  0.00000000e+00  6.15199128e-02  9.73811616e-01  7.93588857e-01  2.09635870e-04 
 1.15590000e-09  0.00000000e+00  6.06844260e-02  9.75482281e-01  7.97174166e-01  2.07388296e-04 
 1.15610000e-09  0.00000000e+00  5.98606929e-02  9.77129560e-01  8.00721329e-01  2.05153138e-04 
 1.15630000e-09  0.00000000e+00  5.90485411e-02  9.78753813e-01  8.04230643e-01  2.02941852e-04 
 1.15650000e-09  0.00000000e+00  5.82477961e-02  9.80355424e-01  8.07702405e-01  2.00742998e-04 
 1.15670000e-09  0.00000000e+00  5.74582906e-02  9.81934736e-01  8.11136914e-01  1.98568174e-04 
 1.15690000e-09  0.00000000e+00  5.66798552e-02  9.83492118e-01  8.14534468e-01  1.96405764e-04 
 1.15710000e-09  0.00000000e+00  5.59123276e-02  9.85027896e-01  8.17895370e-01  1.94267505e-04 
 1.15730000e-09  0.00000000e+00  5.51555433e-02  9.86542424e-01  8.21219920e-01  1.92141612e-04 
 1.15750000e-09  0.00000000e+00  5.44093450e-02  9.88036015e-01  8.24508421e-01  1.90039963e-04 
 1.15770000e-09  0.00000000e+00  5.36735733e-02  9.89509007e-01  8.27761176e-01  1.87950602e-04 
 1.15790000e-09  0.00000000e+00  5.29480756e-02  9.90961702e-01  8.30978486e-01  1.85885548e-04 
 1.15810000e-09  0.00000000e+00  5.22326975e-02  9.92394422e-01  8.34160656e-01  1.83832681e-04 
 1.15830000e-09  0.00000000e+00  5.15272912e-02  9.93807458e-01  8.37307988e-01  1.81804158e-04 
 1.15850000e-09  0.00000000e+00  5.08317070e-02  9.95201122e-01  8.40420786e-01  1.79787699e-04 
 1.15870000e-09  0.00000000e+00  5.01458019e-02  9.96575690e-01  8.43499353e-01  1.77795596e-04 
 1.15890000e-09  0.00000000e+00  4.94694309e-02  9.97931464e-01  8.46543991e-01  1.75815415e-04 
 1.15910000e-09  0.00000000e+00  4.88024556e-02  9.99268711e-01  8.49555003e-01  1.73859580e-04 
 1.15930000e-09  0.00000000e+00  4.81447354e-02  1.00058772e+00  8.52532690e-01  1.71915506e-04 
 1.15950000e-09  0.00000000e+00  4.74961365e-02  1.00188875e+00  8.55477355e-01  1.69995749e-04 
 1.15970000e-09  0.00000000e+00  4.68565227e-02  1.00317207e+00  8.58389296e-01  1.68087576e-04 
 1.15990000e-09  0.00000000e+00  4.62257645e-02  1.00443795e+00  8.61268815e-01  1.66203672e-04 
 1.16010000e-09  0.00000000e+00  4.56037301e-02  1.00568663e+00  8.64116211e-01  1.64331161e-04 
 1.16030000e-09  0.00000000e+00  4.49902940e-02  1.00691838e+00  8.66931781e-01  1.62482856e-04 
 1.16050000e-09  0.00000000e+00  4.43853287e-02  1.00813343e+00  8.69715823e-01  1.60645738e-04 
 1.16070000e-09  0.00000000e+00  4.37887127e-02  1.00933204e+00  8.72468633e-01  1.58832746e-04 
 1.16090000e-09  0.00000000e+00  4.32003227e-02  1.01051444e+00  8.75190507e-01  1.57030726e-04 
 1.16110000e-09  0.00000000e+00  4.26200410e-02  1.01168086e+00  8.77881737e-01  1.55252739e-04 
 1.16130000e-09  0.00000000e+00  4.20477480e-02  1.01283155e+00  8.80542618e-01  1.53485498e-04 
 1.16150000e-09  0.00000000e+00  4.14833300e-02  1.01396671e+00  8.83173440e-01  1.51742183e-04 
 1.16170000e-09  0.00000000e+00  4.09266712e-02  1.01508659e+00  8.85774494e-01  1.50009379e-04 
 1.16190000e-09  0.00000000e+00  4.03776615e-02  1.01619139e+00  8.88346068e-01  1.48300385e-04 
 1.16210000e-09  0.00000000e+00  3.98361886e-02  1.01728134e+00  8.90888450e-01  1.46601656e-04 
 1.16230000e-09  0.00000000e+00  3.93021460e-02  1.01835664e+00  8.93401926e-01  1.44926611e-04 
 1.16250000e-09  0.00000000e+00  3.87754250e-02  1.01941752e+00  8.95886780e-01  1.43261581e-04 
 1.16270000e-09  0.00000000e+00  3.82559223e-02  1.02046416e+00  8.98343296e-01  1.41620096e-04 
 1.16290000e-09  0.00000000e+00  3.77435327e-02  1.02149678e+00  9.00771755e-01  1.39988370e-04 
 1.16310000e-09  0.00000000e+00  3.72381562e-02  1.02251557e+00  9.03172437e-01  1.38380045e-04 
 1.16330000e-09  0.00000000e+00  3.67396909e-02  1.02352074e+00  9.05545619e-01  1.36781216e-04 
 1.16350000e-09  0.00000000e+00  3.62480396e-02  1.02451246e+00  9.07891579e-01  1.35205633e-04 
 1.16370000e-09  0.00000000e+00  3.57631039e-02  1.02549094e+00  9.10210592e-01  1.33639282e-04 
 1.16390000e-09  0.00000000e+00  3.52847896e-02  1.02645636e+00  9.12502929e-01  1.32096016e-04 
 1.16410000e-09  0.00000000e+00  3.48130011e-02  1.02740891e+00  9.14768864e-01  1.30561711e-04 
 1.16430000e-09  0.00000000e+00  3.43476474e-02  1.02834876e+00  9.17008666e-01  1.29050326e-04 
 1.16450000e-09  0.00000000e+00  3.38886356e-02  1.02927610e+00  9.19222601e-01  1.27547628e-04 
 1.16470000e-09  0.00000000e+00  3.34358776e-02  1.03019109e+00  9.21410938e-01  1.26067678e-04 
 1.16490000e-09  0.00000000e+00  3.29892834e-02  1.03109392e+00  9.23573939e-01  1.24596140e-04 
 1.16510000e-09  0.00000000e+00  3.25487674e-02  1.03198475e+00  9.25711868e-01  1.23147173e-04 
 1.16530000e-09  0.00000000e+00  3.21142425e-02  1.03286376e+00  9.27824984e-01  1.21706341e-04 
 1.16550000e-09  0.00000000e+00  3.16856256e-02  1.03373109e+00  9.29913548e-01  1.20287898e-04 
 1.16570000e-09  0.00000000e+00  3.12628323e-02  1.03458693e+00  9.31977814e-01  1.18877312e-04 
 1.16590000e-09  0.00000000e+00  3.08457821e-02  1.03543143e+00  9.34018039e-01  1.17488929e-04 
 1.16610000e-09  0.00000000e+00  3.04343929e-02  1.03626475e+00  9.36034476e-01  1.16108125e-04 
 1.16630000e-09  0.00000000e+00  3.00285868e-02  1.03708703e+00  9.38027375e-01  1.14749336e-04 
 1.16650000e-09  0.00000000e+00  2.96282842e-02  1.03789844e+00  9.39996986e-01  1.13397846e-04 
 1.16670000e-09  0.00000000e+00  2.92334093e-02  1.03869913e+00  9.41943556e-01  1.12068178e-04 
 1.16690000e-09  0.00000000e+00  2.88438851e-02  1.03948924e+00  9.43867331e-01  1.10745532e-04 
 1.16710000e-09  0.00000000e+00  2.84596379e-02  1.04026891e+00  9.45768554e-01  1.09444514e-04 
 1.16730000e-09  0.00000000e+00  2.80805930e-02  1.04103831e+00  9.47647466e-01  1.08150238e-04 
 1.16750000e-09  0.00000000e+00  2.77066791e-02  1.04179756e+00  9.49504307e-01  1.06877395e-04 
 1.16770000e-09  0.00000000e+00  2.73378235e-02  1.04254681e+00  9.51339314e-01  1.05611017e-04 
 1.16790000e-09  0.00000000e+00  2.69739569e-02  1.04328618e+00  9.53152724e-01  1.04365874e-04 
 1.16810000e-09  0.00000000e+00  2.66150089e-02  1.04401583e+00  9.54944769e-01  1.03126920e-04 
 1.16830000e-09  0.00000000e+00  2.62609123e-02  1.04473588e+00  9.56715682e-01  1.01909001e-04 
 1.16850000e-09  0.00000000e+00  2.59115986e-02  1.04544646e+00  9.58465691e-01  1.00696997e-04 
 1.16870000e-09  0.00000000e+00  2.55670027e-02  1.04614771e+00  9.60195026e-01  9.95058287e-05 
 1.16890000e-09  0.00000000e+00  2.52270580e-02  1.04683975e+00  9.61903911e-01  9.83203019e-05 
 1.16910000e-09  0.00000000e+00  2.48917013e-02  1.04752270e+00  9.63592571e-01  9.71554105e-05 
 1.16930000e-09  0.00000000e+00  2.45608680e-02  1.04819670e+00  9.65261226e-01  9.59958898e-05 
 1.16950000e-09  0.00000000e+00  2.42344967e-02  1.04886185e+00  9.66910099e-01  9.48568035e-05 
 1.16970000e-09  0.00000000e+00  2.39125246e-02  1.04951830e+00  9.68539405e-01  9.37228195e-05 
 1.16990000e-09  0.00000000e+00  2.35948921e-02  1.05016614e+00  9.70149362e-01  9.26090690e-05 
 1.17010000e-09  0.00000000e+00  2.32815383e-02  1.05080551e+00  9.71740183e-01  9.15001548e-05 
 1.17030000e-09  0.00000000e+00  2.29724052e-02  1.05143651e+00  9.73312081e-01  9.04112732e-05 
 1.17050000e-09  0.00000000e+00  2.26674337e-02  1.05205925e+00  9.74865265e-01  8.93269647e-05 
 1.17070000e-09  0.00000000e+00  2.23665676e-02  1.05267386e+00  9.76399944e-01  8.82624882e-05 
 1.17090000e-09  0.00000000e+00  2.20697493e-02  1.05328044e+00  9.77916324e-01  8.72023246e-05 
 1.17110000e-09  0.00000000e+00  2.17769242e-02  1.05387909e+00  9.79414610e-01  8.61617928e-05 
 1.17130000e-09  0.00000000e+00  2.14880365e-02  1.05446994e+00  9.80895004e-01  8.51253167e-05 
 1.17150000e-09  0.00000000e+00  2.12030330e-02  1.05505307e+00  9.82357707e-01  8.41082732e-05 
 1.17170000e-09  0.00000000e+00  2.09218596e-02  1.05562860e+00  9.83802918e-01  8.30950312e-05 
 1.17190000e-09  0.00000000e+00  2.06444646e-02  1.05619663e+00  9.85230832e-01  8.21010234e-05 
 1.17210000e-09  0.00000000e+00  2.03707953e-02  1.05675725e+00  9.86641646e-01  8.11105664e-05 
 1.17230000e-09  0.00000000e+00  2.01008016e-02  1.05731058e+00  9.88035553e-01  8.01391462e-05 
 1.17250000e-09  0.00000000e+00  1.98344323e-02  1.05785670e+00  9.89412742e-01  7.91710294e-05 
 1.17270000e-09  0.00000000e+00  1.95716386e-02  1.05839572e+00  9.90773405e-01  7.82217533e-05 
 1.17290000e-09  0.00000000e+00  1.93123708e-02  1.05892772e+00  9.92117728e-01  7.72755366e-05 
 1.17310000e-09  0.00000000e+00  1.90565816e-02  1.05945281e+00  9.93445897e-01  7.63479659e-05 
 1.17330000e-09  0.00000000e+00  1.88042226e-02  1.05997108e+00  9.94758096e-01  7.54232144e-05 
 1.17350000e-09  0.00000000e+00  1.85552478e-02  1.06048261e+00  9.96054507e-01  7.45169155e-05 
 1.17370000e-09  0.00000000e+00  1.83096102e-02  1.06098750e+00  9.97335310e-01  7.36131991e-05 
 1.17390000e-09  0.00000000e+00  1.80672650e-02  1.06148584e+00  9.98600684e-01  7.27277435e-05 
 1.17410000e-09  0.00000000e+00  1.78281665e-02  1.06197771e+00  9.99850804e-01  7.18446376e-05 
 1.17430000e-09  0.00000000e+00  1.75922714e-02  1.06246320e+00  1.00108585e+00  7.09796023e-05 
 1.17450000e-09  0.00000000e+00  1.73595351e-02  1.06294240e+00  1.00230598e+00  7.01166877e-05 
 1.17470000e-09  0.00000000e+00  1.71299155e-02  1.06341539e+00  1.00351139e+00  6.92716552e-05 
 1.17490000e-09  0.00000000e+00  1.69033693e-02  1.06388225e+00  1.00470223e+00  6.84285181e-05 
 1.17510000e-09  0.00000000e+00  1.66798555e-02  1.06434306e+00  1.00587867e+00  6.76030765e-05 
 1.17530000e-09  0.00000000e+00  1.64593322e-02  1.06479791e+00  1.00704089e+00  6.67793091e-05 
 1.17550000e-09  0.00000000e+00  1.62417592e-02  1.06524687e+00  1.00818904e+00  6.59730523e-05 
 1.17570000e-09  0.00000000e+00  1.60270960e-02  1.06569003e+00  1.00932328e+00  6.51682523e-05 
 1.17590000e-09  0.00000000e+00  1.58153036e-02  1.06612745e+00  1.01044379e+00  6.43807801e-05 
 1.17610000e-09  0.00000000e+00  1.56063424e-02  1.06655922e+00  1.01155071e+00  6.35945512e-05 
 1.17630000e-09  0.00000000e+00  1.54001746e-02  1.06698541e+00  1.01264421e+00  6.28254693e-05 
 1.17650000e-09  0.00000000e+00  1.51967617e-02  1.06740609e+00  1.01372443e+00  6.20574210e-05 
 1.17670000e-09  0.00000000e+00  1.49960668e-02  1.06782134e+00  1.01479155e+00  6.13063411e-05 
 1.17690000e-09  0.00000000e+00  1.47980527e-02  1.06823123e+00  1.01584570e+00  6.05560891e-05 
 1.17710000e-09  0.00000000e+00  1.46026835e-02  1.06863583e+00  1.01688704e+00  5.98226289e-05 
 1.17730000e-09  0.00000000e+00  1.44099228e-02  1.06903521e+00  1.01791573e+00  5.90897948e-05 
 1.17750000e-09  0.00000000e+00  1.42197358e-02  1.06942944e+00  1.01893190e+00  5.83735780e-05 
 1.17770000e-09  0.00000000e+00  1.40320872e-02  1.06981858e+00  1.01993570e+00  5.76577896e-05 
 1.17790000e-09  0.00000000e+00  1.38469431e-02  1.07020271e+00  1.02092728e+00  5.69584461e-05 
 1.17810000e-09  0.00000000e+00  1.36642691e-02  1.07058189e+00  1.02190679e+00  5.62593372e-05 
 1.17830000e-09  0.00000000e+00  1.34840323e-02  1.07095618e+00  1.02287436e+00  5.55765030e-05 
 1.17850000e-09  0.00000000e+00  1.33061992e-02  1.07132565e+00  1.02383013e+00  5.48937135e-05 
 1.17870000e-09  0.00000000e+00  1.31307380e-02  1.07169037e+00  1.02477425e+00  5.42270307e-05 
 1.17890000e-09  0.00000000e+00  1.29576159e-02  1.07205039e+00  1.02570685e+00  5.35602067e-05 
 1.17910000e-09  0.00000000e+00  1.27868019e-02  1.07240578e+00  1.02662806e+00  5.29093236e-05 
 1.17930000e-09  0.00000000e+00  1.26182643e-02  1.07275660e+00  1.02753802e+00  5.22581171e-05 
 1.17950000e-09  0.00000000e+00  1.24519729e-02  1.07310290e+00  1.02843687e+00  5.16226882e-05 
 1.17970000e-09  0.00000000e+00  1.22878969e-02  1.07344476e+00  1.02932473e+00  5.09867575e-05 
 1.17990000e-09  0.00000000e+00  1.21260069e-02  1.07378221e+00  1.03020173e+00  5.03664432e-05 
 1.18010000e-09  0.00000000e+00  1.19662728e-02  1.07411534e+00  1.03106801e+00  4.97454527e-05 
 1.18030000e-09  0.00000000e+00  1.18086661e-02  1.07444418e+00  1.03192369e+00  4.91399194e-05 
 1.18050000e-09  0.00000000e+00  1.16531577e-02  1.07476880e+00  1.03276889e+00  4.85335394e-05 
 1.18070000e-09  0.00000000e+00  1.14997197e-02  1.07508925e+00  1.03360375e+00  4.79424600e-05 
 1.18090000e-09  0.00000000e+00  1.13483237e-02  1.07540559e+00  1.03442837e+00  4.73503669e-05 
 1.18110000e-09  0.00000000e+00  1.11989427e-02  1.07571787e+00  1.03524290e+00  4.67734198e-05 
 1.18130000e-09  0.00000000e+00  1.10515491e-02  1.07602614e+00  1.03604743e+00  4.61952960e-05 
 1.18150000e-09  0.00000000e+00  1.09061166e-02  1.07633045e+00  1.03684210e+00  4.56321659e-05 
 1.18170000e-09  0.00000000e+00  1.07626184e-02  1.07663087e+00  1.03762703e+00  4.50676997e-05 
 1.18190000e-09  0.00000000e+00  1.06210288e-02  1.07692743e+00  1.03840232e+00  4.45180773e-05 
 1.18210000e-09  0.00000000e+00  1.04813217e-02  1.07722019e+00  1.03916809e+00  4.39669628e-05 
 1.18230000e-09  0.00000000e+00  1.03434723e-02  1.07750920e+00  1.03992446e+00  4.34305444e-05 
 1.18250000e-09  0.00000000e+00  1.02074551e-02  1.07779451e+00  1.04067153e+00  4.28924819e-05 
 1.18270000e-09  0.00000000e+00  1.00732459e-02  1.07807616e+00  1.04140943e+00  4.23689697e-05 
 1.18290000e-09  0.00000000e+00  9.94081996e-03  1.07835420e+00  1.04213826e+00  4.18436649e-05 
 1.18310000e-09  0.00000000e+00  9.81015376e-03  1.07862868e+00  1.04285812e+00  4.13327671e-05 
 1.18330000e-09  0.00000000e+00  9.68122327e-03  1.07889965e+00  1.04356913e+00  4.08199315e-05 
 1.18350000e-09  0.00000000e+00  9.55400551e-03  1.07916715e+00  1.04427140e+00  4.03213619e-05 
 1.18370000e-09  0.00000000e+00  9.42847713e-03  1.07943123e+00  1.04496502e+00  3.98207129e-05 
 1.18390000e-09  0.00000000e+00  9.30461580e-03  1.07969193e+00  1.04565010e+00  3.93341908e-05 
 1.18410000e-09  0.00000000e+00  9.18239879e-03  1.07994930e+00  1.04632674e+00  3.88454512e-05 
 1.18430000e-09  0.00000000e+00  9.06180436e-03  1.08020337e+00  1.04699505e+00  3.83707017e-05 
 1.18450000e-09  0.00000000e+00  8.94281041e-03  1.08045420e+00  1.04765512e+00  3.78935999e-05 
 1.18470000e-09  0.00000000e+00  8.82539580e-03  1.08070181e+00  1.04830706e+00  3.74303535e-05 
 1.18490000e-09  0.00000000e+00  8.70953901e-03  1.08094627e+00  1.04895096e+00  3.69646235e-05 
 1.18510000e-09  0.00000000e+00  8.59521947e-03  1.08118760e+00  1.04958692e+00  3.65126162e-05 
 1.18530000e-09  0.00000000e+00  8.48241626e-03  1.08142584e+00  1.05021504e+00  3.60579972e-05 
 1.18550000e-09  0.00000000e+00  8.37110934e-03  1.08166105e+00  1.05083540e+00  3.56169704e-05 
 1.18570000e-09  0.00000000e+00  8.26127838e-03  1.08189325e+00  1.05144811e+00  3.51732070e-05 
 1.18590000e-09  0.00000000e+00  8.15290387e-03  1.08212248e+00  1.05205325e+00  3.47429074e-05 
 1.18610000e-09  0.00000000e+00  8.04596604e-03  1.08234879e+00  1.05265092e+00  3.43097495e-05 
 1.18630000e-09  0.00000000e+00  7.94044589e-03  1.08257221e+00  1.05324121e+00  3.38899291e-05 
 1.18650000e-09  0.00000000e+00  7.83632419e-03  1.08279278e+00  1.05382421e+00  3.34671318e-05 
 1.18670000e-09  0.00000000e+00  7.73358246e-03  1.08301053e+00  1.05440000e+00  3.30575477e-05 
 1.18690000e-09  0.00000000e+00  7.63220198e-03  1.08322550e+00  1.05496867e+00  3.26448711e-05 
 1.18710000e-09  0.00000000e+00  7.53216476e-03  1.08343774e+00  1.05553031e+00  3.22452854e-05 
 1.18730000e-09  0.00000000e+00  7.43345261e-03  1.08364726e+00  1.05608501e+00  3.18424948e-05 
 1.18750000e-09  0.00000000e+00  7.33604800e-03  1.08385412e+00  1.05663285e+00  3.14526747e-05 
 1.18770000e-09  0.00000000e+00  7.23993324e-03  1.08405833e+00  1.05717390e+00  3.10595403e-05 
 1.18790000e-09  0.00000000e+00  7.14509129e-03  1.08425995e+00  1.05770826e+00  3.06792580e-05 
 1.18810000e-09  0.00000000e+00  7.05150491e-03  1.08445899e+00  1.05823601e+00  3.02955548e-05 
 1.18830000e-09  0.00000000e+00  6.95915752e-03  1.08465550e+00  1.05875722e+00  2.99245872e-05 
 1.18850000e-09  0.00000000e+00  6.86803235e-03  1.08484950e+00  1.05927198e+00  2.95500951e-05 
 1.18870000e-09  0.00000000e+00  6.77811327e-03  1.08504103e+00  1.05978036e+00  2.91882240e-05 
 1.18890000e-09  0.00000000e+00  6.68938397e-03  1.08523012e+00  1.06028245e+00  2.88227275e-05 
 1.18910000e-09  0.00000000e+00  6.60182873e-03  1.08541681e+00  1.06077831e+00  2.84697394e-05 
 1.18930000e-09  0.00000000e+00  6.51543169e-03  1.08560111e+00  1.06126802e+00  2.81130278e-05 
 1.18950000e-09  0.00000000e+00  6.43017756e-03  1.08578307e+00  1.06175167e+00  2.77687136e-05 
 1.18970000e-09  0.00000000e+00  6.34605090e-03  1.08596271e+00  1.06222932e+00  2.74205808e-05 
 1.18990000e-09  0.00000000e+00  6.26303682e-03  1.08614007e+00  1.06270104e+00  2.70847362e-05 
 1.19010000e-09  0.00000000e+00  6.18112032e-03  1.08631517e+00  1.06316691e+00  2.67449804e-05 
 1.19030000e-09  0.00000000e+00  6.10028688e-03  1.08648804e+00  1.06362701e+00  2.64174055e-05 
 1.19050000e-09  0.00000000e+00  6.02052192e-03  1.08665871e+00  1.06408139e+00  2.60858293e-05 
 1.19070000e-09  0.00000000e+00  5.94181131e-03  1.08682721e+00  1.06453013e+00  2.57663286e-05 
 1.19090000e-09  0.00000000e+00  5.86414085e-03  1.08699356e+00  1.06497331e+00  2.54427391e-05 
 1.19110000e-09  0.00000000e+00  5.78749680e-03  1.08715780e+00  1.06541098e+00  2.51311213e-05 
 1.19130000e-09  0.00000000e+00  5.71186535e-03  1.08731996e+00  1.06584321e+00  2.48153297e-05 
 1.19150000e-09  0.00000000e+00  5.63723310e-03  1.08748004e+00  1.06627008e+00  2.45114078e-05 
 1.19170000e-09  0.00000000e+00  5.56358663e-03  1.08763810e+00  1.06669165e+00  2.42032297e-05 
 1.19190000e-09  0.00000000e+00  5.49091290e-03  1.08779414e+00  1.06710797e+00  2.39068207e-05 
 1.19210000e-09  0.00000000e+00  5.41919884e-03  1.08794820e+00  1.06751912e+00  2.36060756e-05 
 1.19230000e-09  0.00000000e+00  5.34843176e-03  1.08810031e+00  1.06792517e+00  2.33170009e-05 
 1.19250000e-09  0.00000000e+00  5.27859895e-03  1.08825048e+00  1.06832616e+00  2.30235123e-05 
 1.19270000e-09  0.00000000e+00  5.20968805e-03  1.08839874e+00  1.06872217e+00  2.27415970e-05 
 1.19290000e-09  0.00000000e+00  5.14168670e-03  1.08854512e+00  1.06911325e+00  2.24551925e-05 
 1.19310000e-09  0.00000000e+00  5.07458286e-03  1.08868964e+00  1.06949947e+00  2.21802657e-05 
 1.19330000e-09  0.00000000e+00  5.00836450e-03  1.08883232e+00  1.06988089e+00  2.19007768e-05 
 1.19350000e-09  0.00000000e+00  4.94301991e-03  1.08897319e+00  1.07025756e+00  2.16326714e-05 
 1.19370000e-09  0.00000000e+00  4.87853738e-03  1.08911227e+00  1.07062954e+00  2.13599331e-05 
 1.19390000e-09  0.00000000e+00  4.81490552e-03  1.08924958e+00  1.07099690e+00  2.10984860e-05 
 1.19410000e-09  0.00000000e+00  4.75211292e-03  1.08938516e+00  1.07135968e+00  2.08323373e-05 
 1.19430000e-09  0.00000000e+00  4.69014849e-03  1.08951901e+00  1.07171795e+00  2.05773888e-05 
 1.19450000e-09  0.00000000e+00  4.62900115e-03  1.08965116e+00  1.07207175e+00  2.03176723e-05 
 1.19470000e-09  0.00000000e+00  4.56866008e-03  1.08978163e+00  1.07242115e+00  2.00690664e-05 
 1.19490000e-09  0.00000000e+00  4.50911451e-03  1.08991045e+00  1.07276620e+00  1.98156283e-05 
 1.19510000e-09  0.00000000e+00  4.45035391e-03  1.09003763e+00  1.07310695e+00  1.95732127e-05 
 1.19530000e-09  0.00000000e+00  4.39236779e-03  1.09016320e+00  1.07344345e+00  1.93259026e-05 
 1.19550000e-09  0.00000000e+00  4.33514590e-03  1.09028718e+00  1.07377576e+00  1.90895283e-05 
 1.19570000e-09  0.00000000e+00  4.27867804e-03  1.09040958e+00  1.07410393e+00  1.88481993e-05 
 1.19590000e-09  0.00000000e+00  4.22295422e-03  1.09053043e+00  1.07442801e+00  1.86177208e-05 
 1.19610000e-09  0.00000000e+00  4.16796453e-03  1.09064975e+00  1.07474805e+00  1.83822293e-05 
 1.19630000e-09  0.00000000e+00  4.11369923e-03  1.09076755e+00  1.07506411e+00  1.81575045e-05 
 1.19650000e-09  0.00000000e+00  4.06014869e-03  1.09088386e+00  1.07537622e+00  1.79277103e-05 
 1.19670000e-09  0.00000000e+00  4.00730342e-03  1.09099870e+00  1.07568444e+00  1.77086003e-05 
 1.19690000e-09  0.00000000e+00  3.95515404e-03  1.09111208e+00  1.07598881e+00  1.74843664e-05 
 1.19710000e-09  0.00000000e+00  3.90369132e-03  1.09122402e+00  1.07628939e+00  1.72707355e-05 
 1.19730000e-09  0.00000000e+00  3.85290614e-03  1.09133454e+00  1.07658622e+00  1.70519280e-05 
 1.19750000e-09  0.00000000e+00  3.80278950e-03  1.09144366e+00  1.07687935e+00  1.68436436e-05 
 1.19770000e-09  0.00000000e+00  3.75333252e-03  1.09155140e+00  1.07716881e+00  1.66301318e-05 
 1.19790000e-09  0.00000000e+00  3.70452646e-03  1.09165777e+00  1.07745467e+00  1.64270644e-05 
 1.19810000e-09  0.00000000e+00  3.65636268e-03  1.09176279e+00  1.07773696e+00  1.62187206e-05 
 1.19830000e-09  0.00000000e+00  3.60883264e-03  1.09186648e+00  1.07801573e+00  1.60207438e-05 
 1.19850000e-09  0.00000000e+00  3.56192795e-03  1.09196886e+00  1.07829101e+00  1.58174431e-05 
 1.19870000e-09  0.00000000e+00  3.51564030e-03  1.09206995e+00  1.07856286e+00  1.56244334e-05 
 1.19890000e-09  0.00000000e+00  3.46996152e-03  1.09216975e+00  1.07883132e+00  1.54260541e-05 
 1.19910000e-09  0.00000000e+00  3.42488351e-03  1.09226828e+00  1.07909642e+00  1.52378907e-05 
 1.19930000e-09  0.00000000e+00  3.38039834e-03  1.09236557e+00  1.07935821e+00  1.50443138e-05 
 1.19950000e-09  0.00000000e+00  3.33649811e-03  1.09246163e+00  1.07961673e+00  1.48608791e-05 
 1.19970000e-09  0.00000000e+00  3.29317510e-03  1.09255647e+00  1.07987203e+00  1.46719883e-05 
 1.19990000e-09  0.00000000e+00  3.25042163e-03  1.09265010e+00  1.08012413e+00  1.44931670e-05 
 1.20010000e-09  0.00000000e+00  3.20823019e-03  1.09274256e+00  1.08037309e+00  1.43088489e-05 
 1.20030000e-09  0.00000000e+00  3.16659328e-03  1.09283384e+00  1.08061893e+00  1.41345288e-05 
 1.20050000e-09  0.00000000e+00  3.12550359e-03  1.09292396e+00  1.08086170e+00  1.39546725e-05 
 1.20070000e-09  0.00000000e+00  3.08495385e-03  1.09301295e+00  1.08110144e+00  1.37847437e-05 
 1.20090000e-09  0.00000000e+00  3.04493693e-03  1.09310080e+00  1.08133818e+00  1.36092411e-05 
 1.20110000e-09  0.00000000e+00  3.00544574e-03  1.09318755e+00  1.08157196e+00  1.34435966e-05 
 1.20130000e-09  0.00000000e+00  2.96647336e-03  1.09327320e+00  1.08180282e+00  1.32723419e-05 
 1.20150000e-09  0.00000000e+00  2.92801288e-03  1.09335776e+00  1.08203080e+00  1.31108771e-05 
 1.20170000e-09  0.00000000e+00  2.89005755e-03  1.09344125e+00  1.08225592e+00  1.29437671e-05 
 1.20190000e-09  0.00000000e+00  2.85260065e-03  1.09352369e+00  1.08247823e+00  1.27863798e-05 
 1.20210000e-09  0.00000000e+00  2.81563563e-03  1.09360508e+00  1.08269775e+00  1.26233138e-05 
 1.20230000e-09  0.00000000e+00  2.77915593e-03  1.09368544e+00  1.08291454e+00  1.24699043e-05 
 1.20250000e-09  0.00000000e+00  2.74315517e-03  1.09376479e+00  1.08312861e+00  1.23107840e-05 
 1.20270000e-09  0.00000000e+00  2.70762697e-03  1.09384313e+00  1.08334000e+00  1.21612550e-05 
 1.20290000e-09  0.00000000e+00  2.67256513e-03  1.09392048e+00  1.08354875e+00  1.20059842e-05 
 1.20310000e-09  0.00000000e+00  2.63796342e-03  1.09399685e+00  1.08375489e+00  1.18602406e-05 
 1.20330000e-09  0.00000000e+00  2.60381582e-03  1.09407226e+00  1.08395844e+00  1.17087257e-05 
 1.20350000e-09  0.00000000e+00  2.57011625e-03  1.09414671e+00  1.08415946e+00  1.15666748e-05 
 1.20370000e-09  0.00000000e+00  2.53685887e-03  1.09422022e+00  1.08435795e+00  1.14188242e-05 
 1.20390000e-09  0.00000000e+00  2.50403774e-03  1.09429280e+00  1.08455396e+00  1.12803753e-05 
 1.20410000e-09  0.00000000e+00  2.47164719e-03  1.09436446e+00  1.08474752e+00  1.11360998e-05 
 1.20430000e-09  0.00000000e+00  2.43968143e-03  1.09443522e+00  1.08493865e+00  1.10011645e-05 
 1.20450000e-09  0.00000000e+00  2.40813494e-03  1.09450508e+00  1.08512740e+00  1.08603769e-05 
 1.20470000e-09  0.00000000e+00  2.37700209e-03  1.09457405e+00  1.08531378e+00  1.07288689e-05 
 1.20490000e-09  0.00000000e+00  2.34627750e-03  1.09464216e+00  1.08549782e+00  1.05914839e-05 
 1.20510000e-09  0.00000000e+00  2.31595568e-03  1.09470940e+00  1.08567956e+00  1.04633190e-05 
 1.20530000e-09  0.00000000e+00  2.28603142e-03  1.09477579e+00  1.08585903e+00  1.03292537e-05 
 1.20550000e-09  0.00000000e+00  2.25649936e-03  1.09484135e+00  1.08603625e+00  1.02043497e-05 
 1.20570000e-09  0.00000000e+00  2.22735442e-03  1.09490607e+00  1.08621125e+00  1.00735228e-05 
 1.20590000e-09  0.00000000e+00  2.19859138e-03  1.09496998e+00  1.08638406e+00  9.95179940e-06 
 1.20610000e-09  0.00000000e+00  2.17020531e-03  1.09503308e+00  1.08655470e+00  9.82413187e-06 
 1.20630000e-09  0.00000000e+00  2.14219113e-03  1.09509538e+00  1.08672320e+00  9.70551078e-06 
 1.20650000e-09  0.00000000e+00  2.11454403e-03  1.09515689e+00  1.08688960e+00  9.58092534e-06 
 1.20670000e-09  0.00000000e+00  2.08725906e-03  1.09521763e+00  1.08705391e+00  9.46533010e-06 
 1.20690000e-09  0.00000000e+00  2.06033154e-03  1.09527759e+00  1.08721616e+00  9.34375135e-06 
 1.20710000e-09  0.00000000e+00  2.03375666e-03  1.09533680e+00  1.08737638e+00  9.23110735e-06 
 1.20730000e-09  0.00000000e+00  2.00752986e-03  1.09539527e+00  1.08753459e+00  9.11246170e-06 
 1.20750000e-09  0.00000000e+00  1.98164645e-03  1.09545299e+00  1.08769082e+00  9.00269614e-06 
 1.20770000e-09  0.00000000e+00  1.95610200e-03  1.09550998e+00  1.08784509e+00  8.88691177e-06 
 1.20790000e-09  0.00000000e+00  1.93089194e-03  1.09556626e+00  1.08799743e+00  8.77995360e-06 
 1.20810000e-09  0.00000000e+00  1.90601196e-03  1.09562182e+00  1.08814785e+00  8.66696043e-06 
 1.20830000e-09  0.00000000e+00  1.88145759e-03  1.09567668e+00  1.08829640e+00  8.56274031e-06 
 1.20850000e-09  0.00000000e+00  1.85722467e-03  1.09573084e+00  1.08844308e+00  8.45246993e-06 
 1.20870000e-09  0.00000000e+00  1.83330883e-03  1.09578433e+00  1.08858792e+00  8.35092021e-06 
 1.20890000e-09  0.00000000e+00  1.80970602e-03  1.09583713e+00  1.08873094e+00  8.24330588e-06 
 1.20910000e-09  0.00000000e+00  1.78641198e-03  1.09588927e+00  1.08887218e+00  8.14436053e-06 
 1.20930000e-09  0.00000000e+00  1.76342277e-03  1.09594075e+00  1.08901164e+00  8.03933712e-06 
 1.20950000e-09  0.00000000e+00  1.74073424e-03  1.09599158e+00  1.08914935e+00  7.94293171e-06 
 1.20970000e-09  0.00000000e+00  1.71834257e-03  1.09604177e+00  1.08928534e+00  7.84043566e-06 
 1.20990000e-09  0.00000000e+00  1.69624371e-03  1.09609132e+00  1.08941962e+00  7.74650732e-06 
 1.21010000e-09  0.00000000e+00  1.67443393e-03  1.09614025e+00  1.08955222e+00  7.64647663e-06 
 1.21030000e-09  0.00000000e+00  1.65290929e-03  1.09618856e+00  1.08968315e+00  7.55496402e-06 
 1.21050000e-09  0.00000000e+00  1.63166618e-03  1.09623626e+00  1.08981245e+00  7.45733815e-06 
 1.21070000e-09  0.00000000e+00  1.61070075e-03  1.09628336e+00  1.08994012e+00  7.36818143e-06 
 1.21090000e-09  0.00000000e+00  1.59000947e-03  1.09632986e+00  1.09006618e+00  7.27290135e-06 
 1.21110000e-09  0.00000000e+00  1.56958861e-03  1.09637578e+00  1.09019067e+00  7.18604211e-06 
 1.21130000e-09  0.00000000e+00  1.54943473e-03  1.09642111e+00  1.09031360e+00  7.09305019e-06 
 1.21150000e-09  0.00000000e+00  1.52954419e-03  1.09646587e+00  1.09043498e+00  7.00843146e-06 
 1.21170000e-09  0.00000000e+00  1.50991367e-03  1.09651007e+00  1.09055484e+00  6.91767150e-06 
 1.21190000e-09  0.00000000e+00  1.49053958e-03  1.09655371e+00  1.09067320e+00  6.83523768e-06 
 1.21210000e-09  0.00000000e+00  1.47141871e-03  1.09659680e+00  1.09079007e+00  6.74665483e-06 
 1.21230000e-09  0.00000000e+00  1.45254758e-03  1.09663934e+00  1.09090548e+00  6.66635169e-06 
 1.21250000e-09  0.00000000e+00  1.43392305e-03  1.09668135e+00  1.09101944e+00  6.57989243e-06 
 1.21270000e-09  0.00000000e+00  1.41554172e-03  1.09672283e+00  1.09113197e+00  6.50166706e-06 
 1.21290000e-09  0.00000000e+00  1.39740055e-03  1.09676378e+00  1.09124308e+00  6.41727918e-06 
 1.21310000e-09  0.00000000e+00  1.37949623e-03  1.09680422e+00  1.09135280e+00  6.34107994e-06 
 1.21330000e-09  0.00000000e+00  1.36182579e-03  1.09684414e+00  1.09146115e+00  6.25871250e-06 
 1.21350000e-09  0.00000000e+00  1.34438601e-03  1.09688356e+00  1.09156813e+00  6.18448903e-06 
 1.21370000e-09  0.00000000e+00  1.32717400e-03  1.09692249e+00  1.09167377e+00  6.10409234e-06 
 1.21390000e-09  0.00000000e+00  1.31018662e-03  1.09696092e+00  1.09177809e+00  6.03179551e-06 
 1.21410000e-09  0.00000000e+00  1.29342107e-03  1.09699887e+00  1.09188109e+00  5.95332108e-06 
 1.21430000e-09  0.00000000e+00  1.27687428e-03  1.09703633e+00  1.09198281e+00  5.88290296e-06 
 1.21450000e-09  0.00000000e+00  1.26054353e-03  1.09707333e+00  1.09208324e+00  5.80630348e-06 
 1.21470000e-09  0.00000000e+00  1.24442582e-03  1.09710986e+00  1.09218242e+00  5.73771731e-06 
 1.21490000e-09  0.00000000e+00  1.22851852e-03  1.09714592e+00  1.09228035e+00  5.66294664e-06 
 1.21510000e-09  0.00000000e+00  1.21281869e-03  1.09718154e+00  1.09237705e+00  5.59614680e-06 
 1.21530000e-09  0.00000000e+00  1.19732377e-03  1.09721670e+00  1.09247253e+00  5.52315993e-06 
 1.21550000e-09  0.00000000e+00  1.18203092e-03  1.09725142e+00  1.09256682e+00  5.45810191e-06 
 1.21570000e-09  0.00000000e+00  1.16693763e-03  1.09728570e+00  1.09265993e+00  5.38685492e-06 
 1.21590000e-09  0.00000000e+00  1.15204113e-03  1.09731954e+00  1.09275186e+00  5.32349532e-06 
 1.21610000e-09  0.00000000e+00  1.13733899e-03  1.09735296e+00  1.09284264e+00  5.25394536e-06 
 1.21630000e-09  0.00000000e+00  1.12282850e-03  1.09738596e+00  1.09293228e+00  5.19224184e-06 
 1.21650000e-09  0.00000000e+00  1.10850730e-03  1.09741854e+00  1.09302080e+00  5.12434712e-06 
 1.21670000e-09  0.00000000e+00  1.09437275e-03  1.09745072e+00  1.09310820e+00  5.06425837e-06 
 1.21690000e-09  0.00000000e+00  1.08042257e-03  1.09748248e+00  1.09319450e+00  4.99797812e-06 
 1.21710000e-09  0.00000000e+00  1.06665415e-03  1.09751384e+00  1.09327972e+00  4.93946386e-06 
 1.21730000e-09  0.00000000e+00  1.05306530e-03  1.09754481e+00  1.09336387e+00  4.87475831e-06 
 1.21750000e-09  0.00000000e+00  1.03965348e-03  1.09757539e+00  1.09344697e+00  4.81777922e-06 
 1.21770000e-09  0.00000000e+00  1.02641653e-03  1.09760558e+00  1.09352902e+00  4.75460957e-06 
 1.21790000e-09  0.00000000e+00  1.01335201e-03  1.09763539e+00  1.09361004e+00  4.69912733e-06 
 1.21810000e-09  0.00000000e+00  1.00045780e-03  1.09766483e+00  1.09369004e+00  4.63745575e-06 
 1.21830000e-09  0.00000000e+00  9.87731515e-04  1.09769389e+00  1.09376903e+00  4.58343296e-06 
 1.21850000e-09  0.00000000e+00  9.75171117e-04  1.09772259e+00  1.09384704e+00  4.52322252e-06 
 1.21870000e-09  0.00000000e+00  9.62774258e-04  1.09775092e+00  1.09392406e+00  4.47062271e-06 
 1.21890000e-09  0.00000000e+00  9.50538968e-04  1.09777890e+00  1.09400012e+00  4.41183740e-06 
 1.21910000e-09  0.00000000e+00  9.38462954e-04  1.09780652e+00  1.09407522e+00  4.36062500e-06 
 1.21930000e-09  0.00000000e+00  9.26544303e-04  1.09783380e+00  1.09414938e+00  4.30322971e-06 
 1.21950000e-09  0.00000000e+00  9.14780776e-04  1.09786073e+00  1.09422260e+00  4.25337002e-06 
 1.21970000e-09  0.00000000e+00  9.03170517e-04  1.09788732e+00  1.09429491e+00  4.19733048e-06 
 1.21990000e-09  0.00000000e+00  8.91711339e-04  1.09791358e+00  1.09436631e+00  4.14878965e-06 
 1.22010000e-09  0.00000000e+00  8.80401440e-04  1.09793950e+00  1.09443680e+00  4.09407244e-06 
 1.22030000e-09  0.00000000e+00  8.69238687e-04  1.09796510e+00  1.09450642e+00  4.04681747e-06 
 1.22050000e-09  0.00000000e+00  8.58221329e-04  1.09799038e+00  1.09457516e+00  3.99339000e-06 
 1.22070000e-09  0.00000000e+00  8.47347283e-04  1.09801533e+00  1.09464303e+00  3.94738869e-06 
 1.22090000e-09  0.00000000e+00  8.36614851e-04  1.09803997e+00  1.09471006e+00  3.89521916e-06 
 1.22110000e-09  0.00000000e+00  8.26021999e-04  1.09806430e+00  1.09477623e+00  3.85044011e-06 
 1.22130000e-09  0.00000000e+00  8.15567077e-04  1.09808833e+00  1.09484158e+00  3.79949752e-06 
 1.22150000e-09  0.00000000e+00  8.05248100e-04  1.09811205e+00  1.09490611e+00  3.75591010e-06 
 1.22170000e-09  0.00000000e+00  7.95063468e-04  1.09813547e+00  1.09496983e+00  3.70616420e-06 
 1.22190000e-09  0.00000000e+00  7.85011241e-04  1.09815860e+00  1.09503274e+00  3.66373855e-06 
 1.22210000e-09  0.00000000e+00  7.75089867e-04  1.09818143e+00  1.09509486e+00  3.61515983e-06 
 1.22230000e-09  0.00000000e+00  7.65297451e-04  1.09820398e+00  1.09515621e+00  3.57386681e-06 
 1.22250000e-09  0.00000000e+00  7.55632487e-04  1.09822624e+00  1.09521678e+00  3.52642650e-06 
 1.22270000e-09  0.00000000e+00  7.46093125e-04  1.09824822e+00  1.09527659e+00  3.48623771e-06 
 1.22290000e-09  0.00000000e+00  7.36677904e-04  1.09826992e+00  1.09533565e+00  3.43990774e-06 
 1.22310000e-09  0.00000000e+00  7.27385016e-04  1.09829135e+00  1.09539397e+00  3.40079547e-06 
 1.22330000e-09  0.00000000e+00  7.18213045e-04  1.09831251e+00  1.09545155e+00  3.35554847e-06 
 1.22350000e-09  0.00000000e+00  7.09160223e-04  1.09833341e+00  1.09550841e+00  3.31748570e-06 
 1.22370000e-09  0.00000000e+00  7.00225177e-04  1.09835404e+00  1.09556455e+00  3.27329496e-06 
 1.22390000e-09  0.00000000e+00  6.91406181e-04  1.09837441e+00  1.09561999e+00  3.23625533e-06 
 1.22410000e-09  0.00000000e+00  6.82701904e-04  1.09839452e+00  1.09567474e+00  3.19309483e-06 
 1.22430000e-09  0.00000000e+00  6.74110657e-04  1.09841438e+00  1.09572879e+00  3.15705264e-06 
 1.22450000e-09  0.00000000e+00  6.65631152e-04  1.09843399e+00  1.09578216e+00  3.11489697e-06 
 1.22470000e-09  0.00000000e+00  6.57261737e-04  1.09845335e+00  1.09583487e+00  3.07982715e-06 
 1.22490000e-09  0.00000000e+00  6.49001163e-04  1.09847246e+00  1.09588691e+00  3.03865154e-06 
 1.22510000e-09  0.00000000e+00  6.40847818e-04  1.09849134e+00  1.09593829e+00  3.00452966e-06 
 1.22530000e-09  0.00000000e+00  6.32800489e-04  1.09850998e+00  1.09598903e+00  2.96430996e-06 
 1.22550000e-09  0.00000000e+00  6.24857602e-04  1.09852838e+00  1.09603913e+00  2.93111217e-06 
 1.22570000e-09  0.00000000e+00  6.17017980e-04  1.09854655e+00  1.09608861e+00  2.89182482e-06 
 1.22590000e-09  0.00000000e+00  6.09280084e-04  1.09856449e+00  1.09613746e+00  2.85952788e-06 
 1.22610000e-09  0.00000000e+00  6.01642776e-04  1.09858221e+00  1.09618569e+00  2.82114988e-06 
 1.22630000e-09  0.00000000e+00  5.94104550e-04  1.09859970e+00  1.09623332e+00  2.78973112e-06 
 1.22650000e-09  0.00000000e+00  5.86664304e-04  1.09861697e+00  1.09628035e+00  2.75224008e-06 
 1.22670000e-09  0.00000000e+00  5.79320565e-04  1.09863403e+00  1.09632679e+00  2.72167739e-06 
 1.22690000e-09  0.00000000e+00  5.72072264e-04  1.09865086e+00  1.09637264e+00  2.68505145e-06 
 1.22710000e-09  0.00000000e+00  5.64917964e-04  1.09866749e+00  1.09641792e+00  2.65532327e-06 
 1.22730000e-09  0.00000000e+00  5.57856629e-04  1.09868391e+00  1.09646263e+00  2.61954111e-06 
 1.22750000e-09  0.00000000e+00  5.50886852e-04  1.09870012e+00  1.09650678e+00  2.59062641e-06 
 1.22770000e-09  0.00000000e+00  5.44007631e-04  1.09871612e+00  1.09655037e+00  2.55566724e-06 
 1.22790000e-09  0.00000000e+00  5.37217590e-04  1.09873193e+00  1.09659341e+00  2.52754553e-06 
 1.22810000e-09  0.00000000e+00  5.30515759e-04  1.09874753e+00  1.09663591e+00  2.49338908e-06 
 1.22830000e-09  0.00000000e+00  5.23900792e-04  1.09876294e+00  1.09667788e+00  2.46604036e-06 
 1.22850000e-09  0.00000000e+00  5.17371749e-04  1.09877815e+00  1.09671932e+00  2.43266685e-06 
 1.22870000e-09  0.00000000e+00  5.10927315e-04  1.09879317e+00  1.09676024e+00  2.40607163e-06 
 1.22890000e-09  0.00000000e+00  5.04566580e-04  1.09880801e+00  1.09680064e+00  2.37346178e-06 
 1.22910000e-09  0.00000000e+00  4.98288258e-04  1.09882265e+00  1.09684053e+00  2.34760105e-06 
 1.22930000e-09  0.00000000e+00  4.92091467e-04  1.09883711e+00  1.09687993e+00  2.31573605e-06 
 1.22950000e-09  0.00000000e+00  4.85974949e-04  1.09885139e+00  1.09691882e+00  2.29059126e-06 
 1.22970000e-09  0.00000000e+00  4.79937852e-04  1.09886549e+00  1.09695723e+00  2.25945278e-06 
 1.22990000e-09  0.00000000e+00  4.73978945e-04  1.09887941e+00  1.09699516e+00  2.23500586e-06 
 1.23010000e-09  0.00000000e+00  4.68097402e-04  1.09889315e+00  1.09703260e+00  2.20457601e-06 
 1.23030000e-09  0.00000000e+00  4.62292021e-04  1.09890673e+00  1.09706958e+00  2.18080933e-06 
 1.23050000e-09  0.00000000e+00  4.56562003e-04  1.09892013e+00  1.09710609e+00  2.15107066e-06 
 1.23070000e-09  0.00000000e+00  4.50906170e-04  1.09893336e+00  1.09714215e+00  2.12796703e-06 
 1.23090000e-09  0.00000000e+00  4.45323750e-04  1.09894642e+00  1.09717774e+00  2.09890254e-06 
 1.23110000e-09  0.00000000e+00  4.39813590e-04  1.09895932e+00  1.09721290e+00  2.07644520e-06 
 1.23130000e-09  0.00000000e+00  4.34374944e-04  1.09897206e+00  1.09724760e+00  2.04803829e-06 
 1.23150000e-09  0.00000000e+00  4.29006685e-04  1.09898464e+00  1.09728188e+00  2.02621090e-06 
 1.23170000e-09  0.00000000e+00  4.23708090e-04  1.09899706e+00  1.09731572e+00  1.99844539e-06 
 1.23190000e-09  0.00000000e+00  4.18478055e-04  1.09900932e+00  1.09734913e+00  1.97723202e-06 
 1.23210000e-09  0.00000000e+00  4.13315884e-04  1.09902142e+00  1.09738213e+00  1.95009213e-06 
 1.23230000e-09  0.00000000e+00  4.08220496e-04  1.09903338e+00  1.09741471e+00  1.92947723e-06 
 1.23250000e-09  0.00000000e+00  4.03191217e-04  1.09904518e+00  1.09744688e+00  1.90294758e-06 
 1.23270000e-09  0.00000000e+00  3.98226990e-04  1.09905684e+00  1.09747864e+00  1.88291600e-06 
 1.23290000e-09  0.00000000e+00  3.93327162e-04  1.09906835e+00  1.09751001e+00  1.85698159e-06 
 1.23310000e-09  0.00000000e+00  3.88490700e-04  1.09907971e+00  1.09754098e+00  1.83751855e-06 
 1.23330000e-09  0.00000000e+00  3.83716973e-04  1.09909093e+00  1.09757156e+00  1.81216474e-06 
 1.23350000e-09  0.00000000e+00  3.79004969e-04  1.09910201e+00  1.09760176e+00  1.79325583e-06 
 1.23370000e-09  0.00000000e+00  3.74354081e-04  1.09911295e+00  1.09763157e+00  1.76846836e-06 
 1.23390000e-09  0.00000000e+00  3.69763316e-04  1.09912375e+00  1.09766101e+00  1.75009954e-06 
 1.23410000e-09  0.00000000e+00  3.65232087e-04  1.09913441e+00  1.09769008e+00  1.72586448e-06 
 1.23430000e-09  0.00000000e+00  3.60759423e-04  1.09914495e+00  1.09771879e+00  1.70802206e-06 
 1.23450000e-09  0.00000000e+00  3.56344759e-04  1.09915534e+00  1.09774713e+00  1.68432585e-06 
 1.23470000e-09  0.00000000e+00  3.51987142e-04  1.09916561e+00  1.09777512e+00  1.66699646e-06 
 1.23490000e-09  0.00000000e+00  3.47686026e-04  1.09917575e+00  1.09780275e+00  1.64382585e-06 
 1.23510000e-09  0.00000000e+00  3.43440481e-04  1.09918576e+00  1.09783004e+00  1.62699648e-06 
 1.23530000e-09  0.00000000e+00  3.39249979e-04  1.09919564e+00  1.09785698e+00  1.60433858e-06 
 1.23550000e-09  0.00000000e+00  3.35113607e-04  1.09920540e+00  1.09788359e+00  1.58799653e-06 
 1.23570000e-09  0.00000000e+00  3.31030857e-04  1.09921503e+00  1.09790986e+00  1.56583875e-06 
 1.23590000e-09  0.00000000e+00  3.27000836e-04  1.09922455e+00  1.09793580e+00  1.54997163e-06 
 1.23610000e-09  0.00000000e+00  3.23023054e-04  1.09923394e+00  1.09796141e+00  1.52830170e-06 
 1.23630000e-09  0.00000000e+00  3.19096635e-04  1.09924322e+00  1.09798670e+00  1.51289745e-06 
 1.23650000e-09  0.00000000e+00  3.15221106e-04  1.09925238e+00  1.09801167e+00  1.49170339e-06 
 1.23670000e-09  0.00000000e+00  3.11395611e-04  1.09926142e+00  1.09803633e+00  1.47675024e-06 
 1.23690000e-09  0.00000000e+00  3.07619695e-04  1.09927035e+00  1.09806068e+00  1.45602038e-06 
 1.23710000e-09  0.00000000e+00  3.03892516e-04  1.09927917e+00  1.09808472e+00  1.44150685e-06 
 1.23730000e-09  0.00000000e+00  3.00213637e-04  1.09928787e+00  1.09810846e+00  1.42122982e-06 
 1.23750000e-09  0.00000000e+00  2.96582235e-04  1.09929647e+00  1.09813190e+00  1.40714472e-06 
 1.23770000e-09  0.00000000e+00  2.92997887e-04  1.09930496e+00  1.09815504e+00  1.38730941e-06 
 1.23790000e-09  0.00000000e+00  2.89459786e-04  1.09931334e+00  1.09817790e+00  1.37364184e-06 
 1.23810000e-09  0.00000000e+00  2.85967527e-04  1.09932162e+00  1.09820046e+00  1.35423742e-06 
 1.23830000e-09  0.00000000e+00  2.82520318e-04  1.09932979e+00  1.09822275e+00  1.34097674e-06 
 1.23850000e-09  0.00000000e+00  2.79117770e-04  1.09933785e+00  1.09824475e+00  1.32199267e-06 
 1.23870000e-09  0.00000000e+00  2.75759106e-04  1.09934582e+00  1.09826647e+00  1.30912851e-06 
 1.23890000e-09  0.00000000e+00  2.72443952e-04  1.09935369e+00  1.09828792e+00  1.29055448e-06 
 1.23910000e-09  0.00000000e+00  2.69171547e-04  1.09936145e+00  1.09830910e+00  1.27807673e-06 
 1.23930000e-09  0.00000000e+00  2.65941531e-04  1.09936912e+00  1.09833002e+00  1.25990271e-06 
 1.23950000e-09  0.00000000e+00  2.62753158e-04  1.09937670e+00  1.09835067e+00  1.24780151e-06 
 1.23970000e-09  0.00000000e+00  2.59606082e-04  1.09938417e+00  1.09837106e+00  1.23001772e-06 
 1.23990000e-09  0.00000000e+00  2.56499572e-04  1.09939156e+00  1.09839120e+00  1.21828345e-06 
 1.24010000e-09  0.00000000e+00  2.53433296e-04  1.09939885e+00  1.09841108e+00  1.20088033e-06 
 1.24030000e-09  0.00000000e+00  2.50406536e-04  1.09940604e+00  1.09843071e+00  1.18950363e-06 
 1.24050000e-09  0.00000000e+00  2.47418974e-04  1.09941315e+00  1.09845009e+00  1.17247188e-06 
 1.24070000e-09  0.00000000e+00  2.44469906e-04  1.09942017e+00  1.09846923e+00  1.16144361e-06 
 1.24090000e-09  0.00000000e+00  2.41559028e-04  1.09942710e+00  1.09848813e+00  1.14477415e-06 
 1.24110000e-09  0.00000000e+00  2.38685648e-04  1.09943394e+00  1.09850679e+00  1.13408541e-06 
 1.24130000e-09  0.00000000e+00  2.35849475e-04  1.09944069e+00  1.09852522e+00  1.11776938e-06 
 1.24150000e-09  0.00000000e+00  2.33049831e-04  1.09944736e+00  1.09854341e+00  1.10741148e-06 
 1.24170000e-09  0.00000000e+00  2.30286436e-04  1.09945395e+00  1.09856138e+00  1.09144026e-06 
 1.24190000e-09  0.00000000e+00  2.27558626e-04  1.09946045e+00  1.09857912e+00  1.08140472e-06 
 1.24210000e-09  0.00000000e+00  2.24866133e-04  1.09946688e+00  1.09859663e+00  1.06576989e-06 
 1.24230000e-09  0.00000000e+00  2.22208304e-04  1.09947322e+00  1.09861393e+00  1.05604847e-06 
 1.24250000e-09  0.00000000e+00  2.19584884e-04  1.09947948e+00  1.09863101e+00  1.04074182e-06 
 1.24270000e-09  0.00000000e+00  2.16995233e-04  1.09948566e+00  1.09864787e+00  1.03132647e-06 
 1.24290000e-09  0.00000000e+00  2.14439105e-04  1.09949176e+00  1.09866452e+00  1.01633999e-06 
 1.24310000e-09  0.00000000e+00  2.11915874e-04  1.09949779e+00  1.09868096e+00  1.00722286e-06 
 1.24330000e-09  0.00000000e+00  2.09425304e-04  1.09950374e+00  1.09869719e+00  9.92548750e-07 
 1.24350000e-09  0.00000000e+00  2.06966780e-04  1.09950962e+00  1.09871322e+00  9.83722190e-07 
 1.24370000e-09  0.00000000e+00  2.04540078e-04  1.09951542e+00  1.09872905e+00  9.69352834e-07 
 1.24390000e-09  0.00000000e+00  2.02144594e-04  1.09952115e+00  1.09874468e+00  9.60809387e-07 
 1.24410000e-09  0.00000000e+00  1.99780115e-04  1.09952680e+00  1.09876011e+00  9.46737362e-07 
 1.24430000e-09  0.00000000e+00  1.97446047e-04  1.09953239e+00  1.09877535e+00  9.38469758e-07 
 1.24450000e-09  0.00000000e+00  1.95142187e-04  1.09953790e+00  1.09879039e+00  9.24687825e-07 
 1.24470000e-09  0.00000000e+00  1.92867952e-04  1.09954335e+00  1.09880525e+00  9.16688974e-07 
 1.24490000e-09  0.00000000e+00  1.90623149e-04  1.09954873e+00  1.09881992e+00  9.03190073e-07 
 1.24510000e-09  0.00000000e+00  1.88407206e-04  1.09955404e+00  1.09883440e+00  8.95453065e-07 
 1.24530000e-09  0.00000000e+00  1.86219940e-04  1.09955928e+00  1.09884870e+00  8.82230313e-07 
 1.24550000e-09  0.00000000e+00  1.84060788e-04  1.09956445e+00  1.09886283e+00  8.74748410e-07 
 1.24570000e-09  0.00000000e+00  1.81929576e-04  1.09956956e+00  1.09887677e+00  8.61795093e-07 
 1.24590000e-09  0.00000000e+00  1.79825752e-04  1.09957461e+00  1.09889054e+00  8.54561727e-07 
 1.24610000e-09  0.00000000e+00  1.77749152e-04  1.09957959e+00  1.09890413e+00  8.41871299e-07 
 1.24630000e-09  0.00000000e+00  1.75699232e-04  1.09958451e+00  1.09891756e+00  8.34880065e-07 
 1.24650000e-09  0.00000000e+00  1.73675837e-04  1.09958937e+00  1.09893081e+00  8.22446142e-07 
 1.24670000e-09  0.00000000e+00  1.71678432e-04  1.09959417e+00  1.09894390e+00  8.15690799e-07 
 1.24690000e-09  0.00000000e+00  1.69706873e-04  1.09959890e+00  1.09895683e+00  8.03507155e-07 
 1.24710000e-09  0.00000000e+00  1.67760633e-04  1.09960358e+00  1.09896959e+00  7.96981615e-07 
 1.24730000e-09  0.00000000e+00  1.65839574e-04  1.09960820e+00  1.09898219e+00  7.85042180e-07 
 1.24750000e-09  0.00000000e+00  1.63943182e-04  1.09961276e+00  1.09899463e+00  7.78740512e-07 
 1.24770000e-09  0.00000000e+00  1.62071325e-04  1.09961726e+00  1.09900691e+00  7.67039364e-07 
 1.24790000e-09  0.00000000e+00  1.60223497e-04  1.09962171e+00  1.09901904e+00  7.60955783e-07 
 1.24810000e-09  0.00000000e+00  1.58399576e-04  1.09962610e+00  1.09903102e+00  7.49487149e-07 
 1.24830000e-09  0.00000000e+00  1.56599063e-04  1.09963043e+00  1.09904285e+00  7.43616016e-07 
 1.24850000e-09  0.00000000e+00  1.54821845e-04  1.09963471e+00  1.09905452e+00  7.32374267e-07 
 1.24870000e-09  0.00000000e+00  1.53067430e-04  1.09963894e+00  1.09906606e+00  7.26710085e-07 
 1.24890000e-09  0.00000000e+00  1.51335712e-04  1.09964311e+00  1.09907744e+00  7.15689730e-07 
 1.24910000e-09  0.00000000e+00  1.49626210e-04  1.09964723e+00  1.09908868e+00  7.10227140e-07 
 1.24930000e-09  0.00000000e+00  1.47938823e-04  1.09965130e+00  1.09909978e+00  6.99422826e-07 
 1.24950000e-09  0.00000000e+00  1.46273078e-04  1.09965531e+00  1.09911074e+00  6.94156603e-07 
 1.24970000e-09  0.00000000e+00  1.44628882e-04  1.09965928e+00  1.09912157e+00  6.83563108e-07 
 1.24990000e-09  0.00000000e+00  1.43005769e-04  1.09966319e+00  1.09913225e+00  6.78488159e-07 
 1.25010000e-09  0.00000000e+00  1.41403653e-04  1.09966706e+00  1.09914281e+00  6.68100392e-07 
 1.25030000e-09  0.00000000e+00  1.39822076e-04  1.09967088e+00  1.09915322e+00  6.63211753e-07 
 1.25050000e-09  0.00000000e+00  1.38260958e-04  1.09967465e+00  1.09916351e+00  6.53024748e-07 
 1.25070000e-09  0.00000000e+00  1.36719849e-04  1.09967837e+00  1.09917367e+00  6.48317580e-07 
 1.25090000e-09  0.00000000e+00  1.35198676e-04  1.09968205e+00  1.09918370e+00  6.38326495e-07 
 1.25110000e-09  0.00000000e+00  1.33696995e-04  1.09968568e+00  1.09919361e+00  6.33796078e-07 
 1.25130000e-09  0.00000000e+00  1.32214740e-04  1.09968926e+00  1.09920338e+00  6.23996191e-07 
 1.25150000e-09  0.00000000e+00  1.30751474e-04  1.09969280e+00  1.09921304e+00  6.19637927e-07 
 1.25170000e-09  0.00000000e+00  1.29307136e-04  1.09969629e+00  1.09922258e+00  6.10024634e-07 
 1.25190000e-09  0.00000000e+00  1.27881297e-04  1.09969974e+00  1.09923199e+00  6.05834038e-07 
 1.25210000e-09  0.00000000e+00  1.26473903e-04  1.09970315e+00  1.09924129e+00  5.96402847e-07 
 1.25230000e-09  0.00000000e+00  1.25084531e-04  1.09970651e+00  1.09925047e+00  5.92375550e-07 
 1.25250000e-09  0.00000000e+00  1.23713131e-04  1.09970983e+00  1.09925953e+00  5.83122083e-07 
 1.25270000e-09  0.00000000e+00  1.22359287e-04  1.09971311e+00  1.09926848e+00  5.79253822e-07 
 1.25290000e-09  0.00000000e+00  1.21022957e-04  1.09971635e+00  1.09927732e+00  5.70173808e-07 
 1.25310000e-09  0.00000000e+00  1.19703731e-04  1.09971954e+00  1.09928604e+00  5.66460432e-07 
 1.25330000e-09  0.00000000e+00  1.18401569e-04  1.09972270e+00  1.09929466e+00  5.57549705e-07 
 1.25350000e-09  0.00000000e+00  1.17116070e-04  1.09972582e+00  1.09930316e+00  5.53987165e-07 
 1.25370000e-09  0.00000000e+00  1.15847201e-04  1.09972890e+00  1.09931156e+00  5.45241665e-07 
 1.25390000e-09  0.00000000e+00  1.14594563e-04  1.09973193e+00  1.09931986e+00  5.41826012e-07 
 1.25410000e-09  0.00000000e+00  1.13358130e-04  1.09973493e+00  1.09932805e+00  5.33241778e-07 
 1.25430000e-09  0.00000000e+00  1.12137510e-04  1.09973790e+00  1.09933613e+00  5.29969167e-07 
 1.25450000e-09  0.00000000e+00  1.10932681e-04  1.09974082e+00  1.09934412e+00  5.21542336e-07 
 1.25470000e-09  0.00000000e+00  1.09743258e-04  1.09974371e+00  1.09935200e+00  5.18409016e-07 
 1.25490000e-09  0.00000000e+00  1.08569221e-04  1.09974656e+00  1.09935979e+00  5.10135820e-07 
 1.25510000e-09  0.00000000e+00  1.07410192e-04  1.09974938e+00  1.09936747e+00  5.07138136e-07 
 1.25530000e-09  0.00000000e+00  1.06266158e-04  1.09975216e+00  1.09937506e+00  4.99014903e-07 
 1.25550000e-09  0.00000000e+00  1.05136745e-04  1.09975491e+00  1.09938256e+00  4.96149291e-07 
 1.25570000e-09  0.00000000e+00  1.04021943e-04  1.09975762e+00  1.09938996e+00  4.88172437e-07 
 1.25590000e-09  0.00000000e+00  1.02921384e-04  1.09976029e+00  1.09939727e+00  4.85435424e-07 
 1.25610000e-09  0.00000000e+00  1.01835065e-04  1.09976294e+00  1.09940448e+00  4.77601456e-07 
 1.25630000e-09  0.00000000e+00  1.00762621e-04  1.09976555e+00  1.09941160e+00  4.74989655e-07 
 1.25650000e-09  0.00000000e+00  9.97040532e-05  1.09976812e+00  1.09941864e+00  4.67295165e-07 
 1.25670000e-09  0.00000000e+00  9.86590029e-05  1.09977067e+00  1.09942558e+00  4.64805277e-07 
 1.25690000e-09  0.00000000e+00  9.76274744e-05  1.09977318e+00  1.09943244e+00  4.57246943e-07 
 1.25710000e-09  0.00000000e+00  9.66091150e-05  1.09977566e+00  1.09943921e+00  4.54875749e-07 
 1.25730000e-09  0.00000000e+00  9.56039325e-05  1.09977811e+00  1.09944590e+00  4.47450330e-07 
 1.25750000e-09  0.00000000e+00  9.46115793e-05  1.09978053e+00  1.09945250e+00  4.45194696e-07 
 1.25770000e-09  0.00000000e+00  9.36320673e-05  1.09978292e+00  1.09945902e+00  4.37899031e-07 
 1.25790000e-09  0.00000000e+00  9.26650534e-05  1.09978528e+00  1.09946546e+00  4.35755899e-07 
 1.25810000e-09  0.00000000e+00  9.17105534e-05  1.09978761e+00  1.09947182e+00  4.28586906e-07 
 1.25830000e-09  0.00000000e+00  9.07682291e-05  1.09978990e+00  1.09947809e+00  4.26553298e-07 
 1.25850000e-09  0.00000000e+00  8.98380999e-05  1.09979217e+00  1.09948429e+00  4.19507971e-07 
 1.25870000e-09  0.00000000e+00  8.89198322e-05  1.09979442e+00  1.09949041e+00  4.17580982e-07 
 1.25890000e-09  0.00000000e+00  8.80134490e-05  1.09979663e+00  1.09949645e+00  4.10656389e-07 
 1.25910000e-09  0.00000000e+00  8.71186213e-05  1.09979882e+00  1.09950242e+00  4.08833188e-07 
 1.25930000e-09  0.00000000e+00  8.62353754e-05  1.09980097e+00  1.09950831e+00  4.02026472e-07 
 1.25950000e-09  0.00000000e+00  8.53633868e-05  1.09980310e+00  1.09951412e+00  4.00304300e-07 
 1.25970000e-09  0.00000000e+00  8.45026852e-05  1.09980521e+00  1.09951987e+00  3.93612670e-07 
 1.25990000e-09  0.00000000e+00  8.36529505e-05  1.09980728e+00  1.09952554e+00  3.91988838e-07 
 1.26010000e-09  0.00000000e+00  8.28142154e-05  1.09980934e+00  1.09953114e+00  3.85409576e-07 
 1.26030000e-09  0.00000000e+00  8.19861643e-05  1.09981136e+00  1.09953666e+00  3.83881463e-07 
 1.26050000e-09  0.00000000e+00  8.11688329e-05  1.09981336e+00  1.09954212e+00  3.77411916e-07 
 1.26070000e-09  0.00000000e+00  8.03619098e-05  1.09981534e+00  1.09954751e+00  3.75976967e-07 
 1.26090000e-09  0.00000000e+00  7.95654338e-05  1.09981729e+00  1.09955284e+00  3.69614548e-07 
 1.26110000e-09  0.00000000e+00  7.87790974e-05  1.09981921e+00  1.09955809e+00  3.68270272e-07 
 1.26130000e-09  0.00000000e+00  7.80029424e-05  1.09982111e+00  1.09956328e+00  3.62012460e-07 
 1.26150000e-09  0.00000000e+00  7.72366655e-05  1.09982299e+00  1.09956841e+00  3.60756431e-07 
 1.26170000e-09  0.00000000e+00  7.64803111e-05  1.09982484e+00  1.09957347e+00  3.54600764e-07 
 1.26190000e-09  0.00000000e+00  7.57335798e-05  1.09982667e+00  1.09957846e+00  3.53430615e-07 
 1.26210000e-09  0.00000000e+00  7.49965189e-05  1.09982848e+00  1.09958340e+00  3.47374694e-07 
 1.26230000e-09  0.00000000e+00  7.42688328e-05  1.09983026e+00  1.09958827e+00  3.46288120e-07 
 1.26250000e-09  0.00000000e+00  7.35505713e-05  1.09983202e+00  1.09959308e+00  3.40329605e-07 
 1.26270000e-09  0.00000000e+00  7.28414426e-05  1.09983376e+00  1.09959782e+00  3.39324358e-07 
 1.26290000e-09  0.00000000e+00  7.21414992e-05  1.09983548e+00  1.09960251e+00  3.33460966e-07 
 1.26310000e-09  0.00000000e+00  7.14504528e-05  1.09983718e+00  1.09960714e+00  3.32534856e-07 
 1.26330000e-09  0.00000000e+00  7.07683585e-05  1.09983885e+00  1.09961171e+00  3.26764361e-07 
 1.26350000e-09  0.00000000e+00  7.00949315e-05  1.09984051e+00  1.09961623e+00  3.25915253e-07 
 1.26370000e-09  0.00000000e+00  6.94302294e-05  1.09984214e+00  1.09962069e+00  3.20235483e-07 
 1.26390000e-09  0.00000000e+00  6.87739709e-05  1.09984375e+00  1.09962509e+00  3.19461297e-07 
 1.26410000e-09  0.00000000e+00  6.81262158e-05  1.09984534e+00  1.09962943e+00  3.13870135e-07 
 1.26430000e-09  0.00000000e+00  6.74866864e-05  1.09984691e+00  1.09963372e+00  3.13168842e-07 
 1.26450000e-09  0.00000000e+00  6.68554446e-05  1.09984846e+00  1.09963796e+00  3.07664223e-07 
 1.26470000e-09  0.00000000e+00  6.62322161e-05  1.09985000e+00  1.09964214e+00  3.07033847e-07 
 1.26490000e-09  0.00000000e+00  6.56170651e-05  1.09985151e+00  1.09964628e+00  3.01613755e-07 
 1.26510000e-09  0.00000000e+00  6.50097205e-05  1.09985300e+00  1.09965035e+00  3.01052370e-07 
 1.26530000e-09  0.00000000e+00  6.44102485e-05  1.09985448e+00  1.09965438e+00  2.95714841e-07 
 1.26550000e-09  0.00000000e+00  6.38183814e-05  1.09985594e+00  1.09965836e+00  2.95220570e-07 
 1.26570000e-09  0.00000000e+00  6.32341874e-05  1.09985737e+00  1.09966229e+00  2.89963687e-07 
 1.26590000e-09  0.00000000e+00  6.26574018e-05  1.09985879e+00  1.09966616e+00  2.89534700e-07 
 1.26610000e-09  0.00000000e+00  6.20880949e-05  1.09986020e+00  1.09966999e+00  2.84356594e-07 
 1.26630000e-09  0.00000000e+00  6.15260052e-05  1.09986158e+00  1.09967377e+00  2.83991109e-07 
 1.26650000e-09  0.00000000e+00  6.09712046e-05  1.09986295e+00  1.09967750e+00  2.78889956e-07 
 1.26670000e-09  0.00000000e+00  6.04234348e-05  1.09986430e+00  1.09968119e+00  2.78586234e-07 
 1.26690000e-09  0.00000000e+00  5.98827697e-05  1.09986563e+00  1.09968483e+00  2.73560257e-07 
 1.26710000e-09  0.00000000e+00  5.93489536e-05  1.09986695e+00  1.09968842e+00  2.73316605e-07 
 1.26730000e-09  0.00000000e+00  5.88220624e-05  1.09986825e+00  1.09969197e+00  2.68364068e-07 
 1.26750000e-09  0.00000000e+00  5.83018433e-05  1.09986953e+00  1.09969547e+00  2.68178836e-07 
 1.26770000e-09  0.00000000e+00  5.77883738e-05  1.09987080e+00  1.09969893e+00  2.63298048e-07 
 1.26790000e-09  0.00000000e+00  5.72814042e-05  1.09987205e+00  1.09970235e+00  2.63169626e-07 
 1.26810000e-09  0.00000000e+00  5.67810133e-05  1.09987328e+00  1.09970572e+00  2.58358937e-07 
 1.26830000e-09  0.00000000e+00  5.62869542e-05  1.09987450e+00  1.09970905e+00  2.58285759e-07 
 1.26850000e-09  0.00000000e+00  5.57993076e-05  1.09987571e+00  1.09971234e+00  2.53543558e-07 
 1.26870000e-09  0.00000000e+00  5.53178293e-05  1.09987690e+00  1.09971559e+00  2.53524097e-07 
 1.26890000e-09  0.00000000e+00  5.48426012e-05  1.09987807e+00  1.09971879e+00  2.48848814e-07 
 1.26910000e-09  0.00000000e+00  5.43733820e-05  1.09987923e+00  1.09972196e+00  2.48881581e-07 
 1.26930000e-09  0.00000000e+00  5.39102551e-05  1.09988037e+00  1.09972508e+00  2.44271685e-07 
 1.26950000e-09  0.00000000e+00  5.34529817e-05  1.09988150e+00  1.09972817e+00  2.44355229e-07 
 1.26970000e-09  0.00000000e+00  5.30016468e-05  1.09988262e+00  1.09973122e+00  2.39809226e-07 
 1.26990000e-09  0.00000000e+00  5.25560140e-05  1.09988372e+00  1.09973423e+00  2.39942133e-07 
 1.27010000e-09  0.00000000e+00  5.21161698e-05  1.09988481e+00  1.09973720e+00  2.35458566e-07 
 1.27030000e-09  0.00000000e+00  5.16818802e-05  1.09988588e+00  1.09974013e+00  2.35639459e-07 
 1.27050000e-09  0.00000000e+00  5.12532331e-05  1.09988694e+00  1.09974303e+00  2.31216907e-07 
 1.27070000e-09  0.00000000e+00  5.08299970e-05  1.09988799e+00  1.09974589e+00  2.31444443e-07 
 1.27090000e-09  0.00000000e+00  5.04122608e-05  1.09988903e+00  1.09974871e+00  2.27081518e-07 
 1.27110000e-09  0.00000000e+00  4.99997958e-05  1.09989005e+00  1.09975150e+00  2.27354390e-07 
 1.27130000e-09  0.00000000e+00  4.95926921e-05  1.09989106e+00  1.09975425e+00  2.23049739e-07 
 1.27150000e-09  0.00000000e+00  4.91907231e-05  1.09989205e+00  1.09975697e+00  2.23366673e-07 
 1.27170000e-09  0.00000000e+00  4.87939801e-05  1.09989304e+00  1.09975966e+00  2.19118978e-07 
 1.27190000e-09  0.00000000e+00  4.84022391e-05  1.09989401e+00  1.09976231e+00  2.19478730e-07 
 1.27210000e-09  0.00000000e+00  4.80155924e-05  1.09989496e+00  1.09976492e+00  2.15286703e-07 
 1.27230000e-09  0.00000000e+00  4.76338182e-05  1.09989591e+00  1.09976751e+00  2.15688064e-07 
 1.27250000e-09  0.00000000e+00  4.72570099e-05  1.09989685e+00  1.09977006e+00  2.11550449e-07 
 1.27270000e-09  0.00000000e+00  4.68849480e-05  1.09989777e+00  1.09977258e+00  2.11992240e-07 
 1.27290000e-09  0.00000000e+00  4.65177270e-05  1.09989868e+00  1.09977507e+00  2.07907813e-07 
 1.27310000e-09  0.00000000e+00  4.61551294e-05  1.09989958e+00  1.09977753e+00  2.08388884e-07 
 1.27330000e-09  0.00000000e+00  4.57972509e-05  1.09990047e+00  1.09977995e+00  2.04356450e-07 
 1.27350000e-09  0.00000000e+00  4.54438762e-05  1.09990135e+00  1.09978235e+00  2.04875681e-07 
 1.27370000e-09  0.00000000e+00  4.50951017e-05  1.09990221e+00  1.09978471e+00  2.00894074e-07 
 1.27390000e-09  0.00000000e+00  4.47507143e-05  1.09990307e+00  1.09978705e+00  2.01450375e-07 
 1.27410000e-09  0.00000000e+00  4.44108115e-05  1.09990391e+00  1.09978935e+00  1.97518459e-07 
 1.27430000e-09  0.00000000e+00  4.40751821e-05  1.09990474e+00  1.09979163e+00  1.98110766e-07 
 1.27450000e-09  0.00000000e+00  4.37439245e-05  1.09990557e+00  1.09979388e+00  1.94227430e-07 
 1.27470000e-09  0.00000000e+00  4.34168297e-05  1.09990638e+00  1.09979610e+00  1.94854709e-07 
 1.27490000e-09  0.00000000e+00  4.30939968e-05  1.09990718e+00  1.09979829e+00  1.91018871e-07 
 1.27510000e-09  0.00000000e+00  4.27752187e-05  1.09990798e+00  1.09980045e+00  1.91680111e-07 
 1.27530000e-09  0.00000000e+00  4.24605955e-05  1.09990876e+00  1.09980259e+00  1.87890716e-07 
 1.27550000e-09  0.00000000e+00  4.21499220e-05  1.09990953e+00  1.09980470e+00  1.88584935e-07 
 1.27570000e-09  0.00000000e+00  4.18432990e-05  1.09991029e+00  1.09980678e+00  1.84840952e-07 
 1.27590000e-09  0.00000000e+00  4.15405233e-05  1.09991105e+00  1.09980884e+00  1.85567192e-07 
 1.27610000e-09  0.00000000e+00  4.12416964e-05  1.09991179e+00  1.09981087e+00  1.81867616e-07 
 1.27630000e-09  0.00000000e+00  4.09466172e-05  1.09991253e+00  1.09981288e+00  1.82624944e-07 
 1.27650000e-09  0.00000000e+00  4.06553876e-05  1.09991325e+00  1.09981486e+00  1.78968795e-07 
 1.27670000e-09  0.00000000e+00  4.03678085e-05  1.09991397e+00  1.09981681e+00  1.79756300e-07 
 1.27690000e-09  0.00000000e+00  4.00839824e-05  1.09991467e+00  1.09981874e+00  1.76142622e-07 
 1.27710000e-09  0.00000000e+00  3.98037120e-05  1.09991537e+00  1.09982065e+00  1.76959420e-07 
 1.27730000e-09  0.00000000e+00  3.95271007e-05  1.09991606e+00  1.09982253e+00  1.73387278e-07 
 1.27750000e-09  0.00000000e+00  3.92539528e-05  1.09991674e+00  1.09982439e+00  1.74232505e-07 
 1.27770000e-09  0.00000000e+00  3.89843722e-05  1.09991741e+00  1.09982623e+00  1.70700990e-07 
 1.27790000e-09  0.00000000e+00  3.87181651e-05  1.09991808e+00  1.09982804e+00  1.71573806e-07 
 1.27810000e-09  0.00000000e+00  3.84554360e-05  1.09991873e+00  1.09982983e+00  1.68082029e-07 
 1.27830000e-09  0.00000000e+00  3.81959928e-05  1.09991938e+00  1.09983160e+00  1.68981614e-07 
 1.27850000e-09  0.00000000e+00  3.79399405e-05  1.09992002e+00  1.09983334e+00  1.65528708e-07 
 1.27870000e-09  0.00000000e+00  3.76870888e-05  1.09992065e+00  1.09983506e+00  1.66454264e-07 
 1.27890000e-09  0.00000000e+00  3.74375431e-05  1.09992127e+00  1.09983676e+00  1.63039384e-07 
 1.27910000e-09  0.00000000e+00  3.71911148e-05  1.09992189e+00  1.09983844e+00  1.63990134e-07 
 1.27930000e-09  0.00000000e+00  3.69479099e-05  1.09992249e+00  1.09984010e+00  1.60612454e-07 
 1.27950000e-09  0.00000000e+00  3.67077414e-05  1.09992309e+00  1.09984174e+00  1.61587641e-07 
 1.27970000e-09  0.00000000e+00  3.64707156e-05  1.09992369e+00  1.09984336e+00  1.58246356e-07 
 1.27990000e-09  0.00000000e+00  3.62366473e-05  1.09992427e+00  1.09984495e+00  1.59245241e-07 
 1.28010000e-09  0.00000000e+00  3.60056432e-05  1.09992485e+00  1.09984653e+00  1.55939566e-07 
 1.28030000e-09  0.00000000e+00  3.57775196e-05  1.09992542e+00  1.09984809e+00  1.56961432e-07 
 1.28050000e-09  0.00000000e+00  3.55523838e-05  1.09992598e+00  1.09984962e+00  1.53690600e-07 
 1.28070000e-09  0.00000000e+00  3.53300535e-05  1.09992654e+00  1.09985114e+00  1.54734746e-07 
 1.28090000e-09  0.00000000e+00  3.51106364e-05  1.09992709e+00  1.09985264e+00  1.51498008e-07 
 1.28110000e-09  0.00000000e+00  3.48939518e-05  1.09992763e+00  1.09985412e+00  1.52563753e-07 
 1.28130000e-09  0.00000000e+00  3.46801077e-05  1.09992816e+00  1.09985558e+00  1.49360380e-07 
 1.28150000e-09  0.00000000e+00  3.44689250e-05  1.09992869e+00  1.09985702e+00  1.50447059e-07 
 1.28170000e-09  0.00000000e+00  3.42605120e-05  1.09992921e+00  1.09985845e+00  1.47276339e-07 
 1.28190000e-09  0.00000000e+00  3.40546910e-05  1.09992973e+00  1.09985985e+00  1.48383305e-07 
 1.28210000e-09  0.00000000e+00  3.38515707e-05  1.09993024e+00  1.09986124e+00  1.45244542e-07 
 1.28230000e-09  0.00000000e+00  3.36509749e-05  1.09993074e+00  1.09986261e+00  1.46371166e-07 
 1.28250000e-09  0.00000000e+00  3.34530125e-05  1.09993123e+00  1.09986397e+00  1.43263682e-07 
 1.28270000e-09  0.00000000e+00  3.32575088e-05  1.09993172e+00  1.09986530e+00  1.44409349e-07 
 1.28290000e-09  0.00000000e+00  3.30645730e-05  1.09993221e+00  1.09986662e+00  1.41332484e-07 
 1.28310000e-09  0.00000000e+00  3.28740317e-05  1.09993268e+00  1.09986793e+00  1.42496596e-07 
 1.28330000e-09  0.00000000e+00  3.26859945e-05  1.09993315e+00  1.09986921e+00  1.39449702e-07 
 1.28350000e-09  0.00000000e+00  3.25002893e-05  1.09993362e+00  1.09987048e+00  1.40631678e-07 
 1.28370000e-09  0.00000000e+00  3.23170259e-05  1.09993408e+00  1.09987174e+00  1.37614124e-07 
 1.28390000e-09  0.00000000e+00  3.21360337e-05  1.09993453e+00  1.09987298e+00  1.38813397e-07 
 1.28410000e-09  0.00000000e+00  3.19574225e-05  1.09993498e+00  1.09987420e+00  1.35824569e-07 
 1.28430000e-09  0.00000000e+00  3.17810233e-05  1.09993542e+00  1.09987541e+00  1.37040586e-07 
 1.28450000e-09  0.00000000e+00  3.16069460e-05  1.09993586e+00  1.09987660e+00  1.34079884e-07 
 1.28470000e-09  0.00000000e+00  3.14350228e-05  1.09993629e+00  1.09987778e+00  1.35312107e-07 
 1.28490000e-09  0.00000000e+00  3.12653640e-05  1.09993672e+00  1.09987894e+00  1.32378945e-07 
 1.28510000e-09  0.00000000e+00  3.10978029e-05  1.09993714e+00  1.09988009e+00  1.33626851e-07 
 1.28530000e-09  0.00000000e+00  3.09324501e-05  1.09993755e+00  1.09988122e+00  1.30720656e-07 
 1.28550000e-09  0.00000000e+00  3.07691402e-05  1.09993796e+00  1.09988234e+00  1.31983735e-07 
 1.28570000e-09  0.00000000e+00  3.06079837e-05  1.09993837e+00  1.09988345e+00  1.29103949e-07 
 1.28590000e-09  0.00000000e+00  3.04488167e-05  1.09993877e+00  1.09988454e+00  1.30381704e-07 
 1.28610000e-09  0.00000000e+00  3.02917498e-05  1.09993916e+00  1.09988562e+00  1.27527783e-07 
 1.28630000e-09  0.00000000e+00  3.01366204e-05  1.09993955e+00  1.09988668e+00  1.28819731e-07 
 1.28650000e-09  0.00000000e+00  2.99835390e-05  1.09993994e+00  1.09988773e+00  1.25991143e-07 
 1.28670000e-09  0.00000000e+00  2.98323444e-05  1.09994032e+00  1.09988877e+00  1.27296811e-07 
 1.28690000e-09  0.00000000e+00  2.96831471e-05  1.09994069e+00  1.09988979e+00  1.24493038e-07 
 1.28710000e-09  0.00000000e+00  2.95357872e-05  1.09994106e+00  1.09989081e+00  1.25811969e-07 
 1.28730000e-09  0.00000000e+00  2.93903752e-05  1.09994143e+00  1.09989181e+00  1.23032503e-07 
 1.28750000e-09  0.00000000e+00  2.92467524e-05  1.09994179e+00  1.09989279e+00  1.24364250e-07 
 1.28770000e-09  0.00000000e+00  2.91050295e-05  1.09994214e+00  1.09989377e+00  1.21608597e-07 
 1.28790000e-09  0.00000000e+00  2.89650488e-05  1.09994250e+00  1.09989473e+00  1.22952726e-07 
 1.28810000e-09  0.00000000e+00  2.88269210e-05  1.09994284e+00  1.09989568e+00  1.20220403e-07 
 1.28830000e-09  0.00000000e+00  2.86904897e-05  1.09994319e+00  1.09989661e+00  1.21576490e-07 
 1.28850000e-09  0.00000000e+00  2.85558657e-05  1.09994353e+00  1.09989754e+00  1.18867027e-07 
 1.28870000e-09  0.00000000e+00  2.84228936e-05  1.09994386e+00  1.09989845e+00  1.20234660e-07 
 1.28890000e-09  0.00000000e+00  2.82916842e-05  1.09994419e+00  1.09989936e+00  1.17547596e-07 
 1.28910000e-09  0.00000000e+00  2.81620833e-05  1.09994452e+00  1.09990025e+00  1.18926373e-07 
 1.28930000e-09  0.00000000e+00  2.80342017e-05  1.09994484e+00  1.09990113e+00  1.16261260e-07 
 1.28950000e-09  0.00000000e+00  2.79078863e-05  1.09994516e+00  1.09990200e+00  1.17650790e-07 
 1.28970000e-09  0.00000000e+00  2.77832479e-05  1.09994547e+00  1.09990285e+00  1.15007190e-07 
 1.28990000e-09  0.00000000e+00  2.76601344e-05  1.09994578e+00  1.09990370e+00  1.16407094e-07 
 1.29010000e-09  0.00000000e+00  2.75386567e-05  1.09994609e+00  1.09990454e+00  1.13784577e-07 
 1.29030000e-09  0.00000000e+00  2.74186638e-05  1.09994639e+00  1.09990536e+00  1.15194485e-07 
 1.29050000e-09  0.00000000e+00  2.73002664e-05  1.09994669e+00  1.09990618e+00  1.12592635e-07 
 1.29070000e-09  0.00000000e+00  2.71833148e-05  1.09994698e+00  1.09990698e+00  1.14012185e-07 
 1.29090000e-09  0.00000000e+00  2.70679195e-05  1.09994727e+00  1.09990778e+00  1.11430595e-07 
 1.29110000e-09  0.00000000e+00  2.69539317e-05  1.09994756e+00  1.09990856e+00  1.12859436e-07 
 1.29130000e-09  0.00000000e+00  2.68414621e-05  1.09994785e+00  1.09990934e+00  1.10297707e-07 
 1.29150000e-09  0.00000000e+00  2.67303629e-05  1.09994813e+00  1.09991010e+00  1.11735499e-07 
 1.29170000e-09  0.00000000e+00  2.66207447e-05  1.09994840e+00  1.09991086e+00  1.09193241e-07 
 1.29190000e-09  0.00000000e+00  2.65124607e-05  1.09994868e+00  1.09991160e+00  1.10639651e-07 
 1.29210000e-09  0.00000000e+00  2.64056214e-05  1.09994895e+00  1.09991234e+00  1.08116487e-07 
 1.29230000e-09  0.00000000e+00  2.63000811e-05  1.09994921e+00  1.09991307e+00  1.09571190e-07 
 1.29250000e-09  0.00000000e+00  2.61959501e-05  1.09994948e+00  1.09991379e+00  1.07066748e-07 
 1.29270000e-09  0.00000000e+00  2.60930836e-05  1.09994974e+00  1.09991450e+00  1.08529431e-07 
 1.29290000e-09  0.00000000e+00  2.59915921e-05  1.09994999e+00  1.09991520e+00  1.06043349e-07 
 1.29310000e-09  0.00000000e+00  2.58913316e-05  1.09995024e+00  1.09991589e+00  1.07513705e-07 
 1.29330000e-09  0.00000000e+00  2.57924125e-05  1.09995049e+00  1.09991657e+00  1.05045630e-07 
 1.29350000e-09  0.00000000e+00  2.56946918e-05  1.09995074e+00  1.09991725e+00  1.06523360e-07 
 1.29370000e-09  0.00000000e+00  2.55982797e-05  1.09995098e+00  1.09991791e+00  1.04072948e-07 
 1.29390000e-09  0.00000000e+00  2.55030343e-05  1.09995123e+00  1.09991857e+00  1.05557762e-07 
 1.29410000e-09  0.00000000e+00  2.54090655e-05  1.09995146e+00  1.09991922e+00  1.03124674e-07 
 1.29430000e-09  0.00000000e+00  2.53162325e-05  1.09995170e+00  1.09991986e+00  1.04616290e-07 
 1.29450000e-09  0.00000000e+00  2.52246450e-05  1.09995193e+00  1.09992049e+00  1.02200199e-07 
 1.29470000e-09  0.00000000e+00  2.51341631e-05  1.09995216e+00  1.09992112e+00  1.03698341e-07 
 1.29490000e-09  0.00000000e+00  2.50448964e-05  1.09995238e+00  1.09992173e+00  1.01298926e-07 
 1.29510000e-09  0.00000000e+00  2.49567059e-05  1.09995261e+00  1.09992234e+00  1.02803327e-07 
 1.29530000e-09  0.00000000e+00  2.48697011e-05  1.09995283e+00  1.09992294e+00  1.00420273e-07 
 1.29550000e-09  0.00000000e+00  2.47837438e-05  1.09995305e+00  1.09992354e+00  1.01930673e-07 
 1.29570000e-09  0.00000000e+00  2.46989433e-05  1.09995326e+00  1.09992412e+00  9.95636736e-08 
 1.29590000e-09  0.00000000e+00  2.46151625e-05  1.09995347e+00  1.09992470e+00  1.01079819e-07 
 1.29610000e-09  0.00000000e+00  2.45325105e-05  1.09995368e+00  1.09992527e+00  9.87285757e-08 
 1.29630000e-09  0.00000000e+00  2.44508510e-05  1.09995389e+00  1.09992584e+00  1.00250221e-07 
 1.29650000e-09  0.00000000e+00  2.43702928e-05  1.09995409e+00  1.09992640e+00  9.79144405e-08 
 1.29670000e-09  0.00000000e+00  2.42907007e-05  1.09995429e+00  1.09992695e+00  9.94413449e-08 
 1.29690000e-09  0.00000000e+00  2.42121832e-05  1.09995449e+00  1.09992749e+00  9.71207430e-08 
 1.29710000e-09  0.00000000e+00  2.41346060e-05  1.09995469e+00  1.09992803e+00  9.86526736e-08 
 1.29730000e-09  0.00000000e+00  2.40580774e-05  1.09995488e+00  1.09992856e+00  9.63469710e-08 
 1.29750000e-09  0.00000000e+00  2.39824639e-05  1.09995507e+00  1.09992908e+00  9.78837010e-08 
 1.29770000e-09  0.00000000e+00  2.39078738e-05  1.09995526e+00  1.09992960e+00  9.55926253e-08 
 1.29790000e-09  0.00000000e+00  2.38341742e-05  1.09995545e+00  1.09993011e+00  9.71339340e-08 
 1.29810000e-09  0.00000000e+00  2.37614732e-05  1.09995563e+00  1.09993061e+00  9.48572192e-08 
 1.29830000e-09  0.00000000e+00  2.36896389e-05  1.09995582e+00  1.09993111e+00  9.64028920e-08 
 1.29850000e-09  0.00000000e+00  2.36187792e-05  1.09995600e+00  1.09993160e+00  9.41402782e-08 
 1.29870000e-09  0.00000000e+00  2.35487629e-05  1.09995617e+00  1.09993208e+00  9.56901064e-08 
 1.29890000e-09  0.00000000e+00  2.34796977e-05  1.09995635e+00  1.09993256e+00  9.34413398e-08 
 1.29910000e-09  0.00000000e+00  2.34114533e-05  1.09995652e+00  1.09993304e+00  9.49951202e-08 
 1.29930000e-09  0.00000000e+00  2.33441371e-05  1.09995669e+00  1.09993350e+00  9.27599529e-08 
 1.29950000e-09  0.00000000e+00  2.32776196e-05  1.09995686e+00  1.09993396e+00  9.43174881e-08 
 1.29970000e-09  0.00000000e+00  2.32120079e-05  1.09995703e+00  1.09993442e+00  9.20956774e-08 
 1.29990000e-09  0.00000000e+00  2.31471735e-05  1.09995719e+00  1.09993487e+00  9.36567758e-08 
 1.30010000e-09  0.00000000e+00  2.30832231e-05  1.09995736e+00  1.09993531e+00  9.14480853e-08 
 1.30030000e-09  0.00000000e+00  2.30200291e-05  1.09995752e+00  1.09993575e+00  9.30125595e-08 
 1.30050000e-09  0.00000000e+00  2.29576979e-05  1.09995767e+00  1.09993618e+00  9.08167581e-08 
 1.30070000e-09  0.00000000e+00  2.28961026e-05  1.09995783e+00  1.09993661e+00  9.23844270e-08 
 1.30090000e-09  0.00000000e+00  2.28353495e-05  1.09995799e+00  1.09993703e+00  9.02012883e-08 
 1.30110000e-09  0.00000000e+00  2.27753124e-05  1.09995814e+00  1.09993745e+00  9.17719751e-08 
 1.30130000e-09  0.00000000e+00  2.27160974e-05  1.09995829e+00  1.09993786e+00  8.96012786e-08 
 1.30150000e-09  0.00000000e+00  2.26575790e-05  1.09995844e+00  1.09993826e+00  9.11748120e-08 
 1.30170000e-09  0.00000000e+00  2.25998631e-05  1.09995858e+00  1.09993867e+00  8.90163417e-08 
 1.30190000e-09  0.00000000e+00  2.25428248e-05  1.09995873e+00  1.09993906e+00  9.05925546e-08 
 1.30210000e-09  0.00000000e+00  2.24865699e-05  1.09995887e+00  1.09993945e+00  8.84461001e-08 
 1.30230000e-09  0.00000000e+00  2.24309742e-05  1.09995901e+00  1.09993984e+00  9.00248303e-08 
 1.30250000e-09  0.00000000e+00  2.23761433e-05  1.09995915e+00  1.09994022e+00  8.78901853e-08 
 1.30270000e-09  0.00000000e+00  2.23219537e-05  1.09995929e+00  1.09994060e+00  8.94712754e-08 
 1.30290000e-09  0.00000000e+00  2.22685105e-05  1.09995943e+00  1.09994097e+00  8.73482386e-08 
 1.30310000e-09  0.00000000e+00  2.22156913e-05  1.09995956e+00  1.09994133e+00  8.89315350e-08 
 1.30330000e-09  0.00000000e+00  2.21636008e-05  1.09995969e+00  1.09994170e+00  8.68199095e-08 
 1.30350000e-09  0.00000000e+00  2.21121173e-05  1.09995982e+00  1.09994205e+00  8.84052635e-08 
 1.30370000e-09  0.00000000e+00  2.20613451e-05  1.09995995e+00  1.09994241e+00  8.63048570e-08 
 1.30390000e-09  0.00000000e+00  2.20111633e-05  1.09996008e+00  1.09994276e+00  8.78921243e-08 
 1.30410000e-09  0.00000000e+00  2.19616761e-05  1.09996021e+00  1.09994310e+00  8.58027489e-08 
 1.30430000e-09  0.00000000e+00  2.19127631e-05  1.09996033e+00  1.09994344e+00  8.73917882e-08 
 1.30450000e-09  0.00000000e+00  2.18645282e-05  1.09996045e+00  1.09994378e+00  8.53132601e-08 
 1.30470000e-09  0.00000000e+00  2.18168518e-05  1.09996058e+00  1.09994411e+00  8.69039353e-08 
 1.30490000e-09  0.00000000e+00  2.17698375e-05  1.09996070e+00  1.09994443e+00  8.48360746e-08 
 1.30510000e-09  0.00000000e+00  2.17233663e-05  1.09996081e+00  1.09994476e+00  8.64282527e-08 
 1.30530000e-09  0.00000000e+00  2.16775417e-05  1.09996093e+00  1.09994508e+00  8.43708845e-08 
 1.30550000e-09  0.00000000e+00  2.16322453e-05  1.09996105e+00  1.09994539e+00  8.59644364e-08 
 1.30570000e-09  0.00000000e+00  2.15875801e-05  1.09996116e+00  1.09994570e+00  8.39173886e-08 
 1.30590000e-09  0.00000000e+00  2.15434286e-05  1.09996127e+00  1.09994601e+00  8.55121893e-08 
 1.30610000e-09  0.00000000e+00  2.14998935e-05  1.09996138e+00  1.09994631e+00  8.34752943e-08 
 1.30630000e-09  0.00000000e+00  2.14568579e-05  1.09996149e+00  1.09994661e+00  8.50712219e-08 
 1.30650000e-09  0.00000000e+00  2.14144243e-05  1.09996160e+00  1.09994691e+00  8.30443155e-08 
 1.30670000e-09  0.00000000e+00  2.13724764e-05  1.09996171e+00  1.09994720e+00  8.46412520e-08 
 1.30690000e-09  0.00000000e+00  2.13311163e-05  1.09996181e+00  1.09994749e+00  8.26241739e-08 
 1.30710000e-09  0.00000000e+00  2.12902285e-05  1.09996192e+00  1.09994777e+00  8.42220046e-08 
 1.30730000e-09  0.00000000e+00  2.12499147e-05  1.09996202e+00  1.09994805e+00  8.22145978e-08 
 1.30750000e-09  0.00000000e+00  2.12100601e-05  1.09996212e+00  1.09994833e+00  8.38132110e-08 
 1.30770000e-09  0.00000000e+00  2.11707661e-05  1.09996222e+00  1.09994861e+00  8.18153223e-08 
 1.30790000e-09  0.00000000e+00  2.11319186e-05  1.09996232e+00  1.09994888e+00  8.34146100e-08 
 1.30810000e-09  0.00000000e+00  2.10936186e-05  1.09996242e+00  1.09994914e+00  8.14260896e-08 
 1.30830000e-09  0.00000000e+00  2.10557526e-05  1.09996252e+00  1.09994941e+00  8.30259464e-08 
 1.30850000e-09  0.00000000e+00  2.10184213e-05  1.09996261e+00  1.09994967e+00  8.10466475e-08 
 1.30870000e-09  0.00000000e+00  2.09815120e-05  1.09996271e+00  1.09994993e+00  8.26469717e-08 
 1.30890000e-09  0.00000000e+00  2.09451250e-05  1.09996280e+00  1.09995018e+00  8.06767511e-08 
 1.30910000e-09  0.00000000e+00  2.09091481e-05  1.09996289e+00  1.09995043e+00  8.22774435e-08 
 1.30930000e-09  0.00000000e+00  2.08736815e-05  1.09996298e+00  1.09995068e+00  8.03161606e-08 
 1.30950000e-09  0.00000000e+00  2.08386134e-05  1.09996307e+00  1.09995092e+00  8.19171257e-08 
 1.30970000e-09  0.00000000e+00  2.08040437e-05  1.09996316e+00  1.09995116e+00  7.99646432e-08 
 1.30990000e-09  0.00000000e+00  2.07698615e-05  1.09996325e+00  1.09995140e+00  8.15657872e-08 
 1.31010000e-09  0.00000000e+00  2.07361661e-05  1.09996333e+00  1.09995164e+00  7.96219714e-08 
 1.31030000e-09  0.00000000e+00  2.07028472e-05  1.09996342e+00  1.09995187e+00  8.12232042e-08 
 1.31050000e-09  0.00000000e+00  2.06700039e-05  1.09996350e+00  1.09995210e+00  7.92879235e-08 
 1.31070000e-09  0.00000000e+00  2.06375266e-05  1.09996359e+00  1.09995233e+00  8.08891568e-08 
 1.31090000e-09  0.00000000e+00  2.06055139e-05  1.09996367e+00  1.09995255e+00  7.89622831e-08 
 1.31110000e-09  0.00000000e+00  2.05738567e-05  1.09996375e+00  1.09995277e+00  8.05634323e-08 
 1.31130000e-09  0.00000000e+00  2.05426535e-05  1.09996383e+00  1.09995299e+00  7.86448396e-08 
 1.31150000e-09  0.00000000e+00  2.05117957e-05  1.09996391e+00  1.09995320e+00  8.02458221e-08 
 1.31170000e-09  0.00000000e+00  2.04813816e-05  1.09996398e+00  1.09995342e+00  7.83353878e-08 
 1.31190000e-09  0.00000000e+00  2.04513030e-05  1.09996406e+00  1.09995363e+00  7.99361231e-08 
 1.31210000e-09  0.00000000e+00  2.04216579e-05  1.09996414e+00  1.09995383e+00  7.80337267e-08 
 1.31230000e-09  0.00000000e+00  2.03923388e-05  1.09996421e+00  1.09995404e+00  7.96341377e-08 
 1.31250000e-09  0.00000000e+00  2.03634432e-05  1.09996429e+00  1.09995424e+00  7.77396617e-08 
 1.31270000e-09  0.00000000e+00  2.03348643e-05  1.09996436e+00  1.09995444e+00  7.93396727e-08 
 1.31290000e-09  0.00000000e+00  2.03066993e-05  1.09996443e+00  1.09995464e+00  7.74530019e-08 
 1.31310000e-09  0.00000000e+00  2.02788420e-05  1.09996450e+00  1.09995483e+00  7.90525402e-08 
 1.31330000e-09  0.00000000e+00  2.02513891e-05  1.09996457e+00  1.09995503e+00  7.71735620e-08 
 1.31350000e-09  0.00000000e+00  2.02242350e-05  1.09996464e+00  1.09995522e+00  7.87725565e-08 
 1.31370000e-09  0.00000000e+00  2.01974761e-05  1.09996471e+00  1.09995540e+00  7.69011607e-08 
 1.31390000e-09  0.00000000e+00  2.01710074e-05  1.09996478e+00  1.09995559e+00  7.84995434e-08 
 1.31410000e-09  0.00000000e+00  2.01449250e-05  1.09996485e+00  1.09995577e+00  7.66356216e-08 
 1.31430000e-09  0.00000000e+00  2.01191245e-05  1.09996491e+00  1.09995595e+00  7.82333259e-08 
 1.31450000e-09  0.00000000e+00  2.00937014e-05  1.09996498e+00  1.09995613e+00  7.63767730e-08 
 1.31470000e-09  0.00000000e+00  2.00685521e-05  1.09996504e+00  1.09995630e+00  7.79737342e-08 
 1.31490000e-09  0.00000000e+00  2.00437717e-05  1.09996510e+00  1.09995648e+00  7.61244466e-08 
 1.31510000e-09  0.00000000e+00  2.00192570e-05  1.09996517e+00  1.09995665e+00  7.77206027e-08 
 1.31530000e-09  0.00000000e+00  1.99951031e-05  1.09996523e+00  1.09995682e+00  7.58784792e-08 
 1.31550000e-09  0.00000000e+00  1.99712070e-05  1.09996529e+00  1.09995699e+00  7.74737697e-08 
 1.31570000e-09  0.00000000e+00  1.99476636e-05  1.09996535e+00  1.09995715e+00  7.56387115e-08 
 1.31590000e-09  0.00000000e+00  1.99243706e-05  1.09996541e+00  1.09995731e+00  7.72330780e-08 
 1.31610000e-09  0.00000000e+00  1.99014223e-05  1.09996547e+00  1.09995747e+00  7.54049878e-08 
 1.31630000e-09  0.00000000e+00  1.98787170e-05  1.09996553e+00  1.09995763e+00  7.69983739e-08 
 1.31650000e-09  0.00000000e+00  1.98563487e-05  1.09996559e+00  1.09995779e+00  7.51771566e-08 
 1.31670000e-09  0.00000000e+00  1.98342163e-05  1.09996564e+00  1.09995795e+00  7.67695071e-08 
 1.31690000e-09  0.00000000e+00  1.98124133e-05  1.09996570e+00  1.09995810e+00  7.49550703e-08 
 1.31710000e-09  0.00000000e+00  1.97908393e-05  1.09996575e+00  1.09995825e+00  7.65463323e-08 
 1.31730000e-09  0.00000000e+00  1.97695874e-05  1.09996581e+00  1.09995840e+00  7.47385845e-08 
 1.31750000e-09  0.00000000e+00  1.97485576e-05  1.09996586e+00  1.09995855e+00  7.63287071e-08 
 1.31770000e-09  0.00000000e+00  1.97278429e-05  1.09996592e+00  1.09995869e+00  7.45275589e-08 
 1.31790000e-09  0.00000000e+00  1.97073436e-05  1.09996597e+00  1.09995884e+00  7.61164923e-08 
 1.31810000e-09  0.00000000e+00  1.96871523e-05  1.09996602e+00  1.09995898e+00  7.43218569e-08 
 1.31830000e-09  0.00000000e+00  1.96671701e-05  1.09996607e+00  1.09995912e+00  7.59095530e-08 
 1.31850000e-09  0.00000000e+00  1.96474891e-05  1.09996612e+00  1.09995925e+00  7.41213445e-08 
 1.31870000e-09  0.00000000e+00  1.96280109e-05  1.09996617e+00  1.09995939e+00  7.57077573e-08 
 1.31890000e-09  0.00000000e+00  1.96088272e-05  1.09996622e+00  1.09995953e+00  7.39258917e-08 
 1.31910000e-09  0.00000000e+00  1.95898403e-05  1.09996627e+00  1.09995966e+00  7.55109764e-08 
 1.31930000e-09  0.00000000e+00  1.95711414e-05  1.09996632e+00  1.09995979e+00  7.37353718e-08 
 1.31950000e-09  0.00000000e+00  1.95526333e-05  1.09996637e+00  1.09995992e+00  7.53190850e-08 
 1.31970000e-09  0.00000000e+00  1.95344069e-05  1.09996641e+00  1.09996005e+00  7.35496611e-08 
 1.31990000e-09  0.00000000e+00  1.95163655e-05  1.09996646e+00  1.09996017e+00  7.51319607e-08 
 1.32010000e-09  0.00000000e+00  1.94985997e-05  1.09996650e+00  1.09996030e+00  7.33686388e-08 
 1.32030000e-09  0.00000000e+00  1.94810132e-05  1.09996655e+00  1.09996042e+00  7.49494845e-08 
 1.32050000e-09  0.00000000e+00  1.94636964e-05  1.09996659e+00  1.09996054e+00  7.31921869e-08 
 1.32070000e-09  0.00000000e+00  1.94465533e-05  1.09996664e+00  1.09996066e+00  7.47715404e-08 
 1.32090000e-09  0.00000000e+00  1.94296740e-05  1.09996668e+00  1.09996078e+00  7.30201919e-08 
 1.32110000e-09  0.00000000e+00  1.94129631e-05  1.09996672e+00  1.09996090e+00  7.45980144e-08 
 1.32130000e-09  0.00000000e+00  1.93965103e-05  1.09996677e+00  1.09996102e+00  7.28525409e-08 
 1.32150000e-09  0.00000000e+00  1.93802207e-05  1.09996681e+00  1.09996113e+00  7.44287966e-08 
 1.32170000e-09  0.00000000e+00  1.93641837e-05  1.09996685e+00  1.09996124e+00  7.26891257e-08 
 1.32190000e-09  0.00000000e+00  1.93483047e-05  1.09996689e+00  1.09996136e+00  7.42637796e-08 
 1.32210000e-09  0.00000000e+00  1.93326728e-05  1.09996693e+00  1.09996147e+00  7.25298393e-08 
 1.32230000e-09  0.00000000e+00  1.93171941e-05  1.09996697e+00  1.09996157e+00  7.41028576e-08 
 1.32250000e-09  0.00000000e+00  1.93019571e-05  1.09996701e+00  1.09996168e+00  7.23745785e-08 
 1.32270000e-09  0.00000000e+00  1.92868686e-05  1.09996705e+00  1.09996179e+00  7.39459289e-08 
 1.32290000e-09  0.00000000e+00  1.92720166e-05  1.09996709e+00  1.09996189e+00  7.22232424e-08 
 1.32310000e-09  0.00000000e+00  1.92573083e-05  1.09996712e+00  1.09996199e+00  7.37928931e-08 
 1.32330000e-09  0.00000000e+00  1.92428316e-05  1.09996716e+00  1.09996210e+00  7.20757324e-08 
 1.32350000e-09  0.00000000e+00  1.92284939e-05  1.09996720e+00  1.09996220e+00  7.36436535e-08 
 1.32370000e-09  0.00000000e+00  1.92143829e-05  1.09996723e+00  1.09996230e+00  7.19319528e-08 
 1.32390000e-09  0.00000000e+00  1.92004066e-05  1.09996727e+00  1.09996239e+00  7.34981148e-08 
 1.32410000e-09  0.00000000e+00  1.91866521e-05  1.09996731e+00  1.09996249e+00  7.17918096e-08 
 1.32430000e-09  0.00000000e+00  1.91730279e-05  1.09996734e+00  1.09996259e+00  7.33561847e-08 
 1.32450000e-09  0.00000000e+00  1.91596209e-05  1.09996738e+00  1.09996268e+00  7.16552118e-08 
 1.32470000e-09  0.00000000e+00  1.91463400e-05  1.09996741e+00  1.09996278e+00  7.32177727e-08 
 1.32490000e-09  0.00000000e+00  1.91332717e-05  1.09996744e+00  1.09996287e+00  7.15220702e-08 
 1.32510000e-09  0.00000000e+00  1.91203254e-05  1.09996748e+00  1.09996296e+00  7.30827915e-08 
 1.32530000e-09  0.00000000e+00  1.91075873e-05  1.09996751e+00  1.09996305e+00  7.13922985e-08 
 1.32550000e-09  0.00000000e+00  1.90949671e-05  1.09996754e+00  1.09996314e+00  7.29511549e-08 
 1.32570000e-09  0.00000000e+00  1.90825507e-05  1.09996757e+00  1.09996322e+00  7.12658115e-08 
 1.32590000e-09  0.00000000e+00  1.90702485e-05  1.09996761e+00  1.09996331e+00  7.28227795e-08 
 1.32610000e-09  0.00000000e+00  1.90581458e-05  1.09996764e+00  1.09996340e+00  7.11425274e-08 
 1.32630000e-09  0.00000000e+00  1.90461534e-05  1.09996767e+00  1.09996348e+00  7.26975838e-08 
 1.32650000e-09  0.00000000e+00  1.90343564e-05  1.09996770e+00  1.09996356e+00  7.10223654e-08 
 1.32670000e-09  0.00000000e+00  1.90226661e-05  1.09996773e+00  1.09996365e+00  7.25754882e-08 
 1.32690000e-09  0.00000000e+00  1.90111671e-05  1.09996776e+00  1.09996373e+00  7.09052473e-08 
 1.32710000e-09  0.00000000e+00  1.89997712e-05  1.09996779e+00  1.09996381e+00  7.24564154e-08 
 1.32730000e-09  0.00000000e+00  1.89885627e-05  1.09996782e+00  1.09996389e+00  7.07910968e-08 
 1.32750000e-09  0.00000000e+00  1.89774538e-05  1.09996785e+00  1.09996396e+00  7.23402897e-08 
 1.32770000e-09  0.00000000e+00  1.89665284e-05  1.09996787e+00  1.09996404e+00  7.06798393e-08 
 1.32790000e-09  0.00000000e+00  1.89556992e-05  1.09996790e+00  1.09996412e+00  7.22270377e-08 
 1.32810000e-09  0.00000000e+00  1.89450498e-05  1.09996793e+00  1.09996419e+00  7.05714021e-08 
 1.32830000e-09  0.00000000e+00  1.89344933e-05  1.09996796e+00  1.09996427e+00  7.21165874e-08 
 1.32850000e-09  0.00000000e+00  1.89241129e-05  1.09996798e+00  1.09996434e+00  7.04657145e-08 
 1.32870000e-09  0.00000000e+00  1.89138222e-05  1.09996801e+00  1.09996441e+00  7.20088690e-08 
 1.32890000e-09  0.00000000e+00  1.89037040e-05  1.09996804e+00  1.09996448e+00  7.03627074e-08 
 1.32910000e-09  0.00000000e+00  1.88936724e-05  1.09996806e+00  1.09996455e+00  7.19038141e-08 
 1.32930000e-09  0.00000000e+00  1.88838098e-05  1.09996809e+00  1.09996462e+00  7.02623136e-08 
 1.32950000e-09  0.00000000e+00  1.88740307e-05  1.09996811e+00  1.09996469e+00  7.18013564e-08 
 1.32970000e-09  0.00000000e+00  1.88644172e-05  1.09996814e+00  1.09996476e+00  7.01644676e-08 
 1.32990000e-09  0.00000000e+00  1.88548842e-05  1.09996816e+00  1.09996483e+00  7.17014309e-08 
 1.33010000e-09  0.00000000e+00  1.88455136e-05  1.09996819e+00  1.09996489e+00  7.00691051e-08 
 1.33030000e-09  0.00000000e+00  1.88362206e-05  1.09996821e+00  1.09996496e+00  7.16039741e-08 
 1.33050000e-09  0.00000000e+00  1.88270866e-05  1.09996823e+00  1.09996502e+00  6.99761640e-08 
 1.33070000e-09  0.00000000e+00  1.88180275e-05  1.09996826e+00  1.09996509e+00  7.15089247e-08 
 1.33090000e-09  0.00000000e+00  1.88091243e-05  1.09996828e+00  1.09996515e+00  6.98855834e-08 
 1.33110000e-09  0.00000000e+00  1.88002931e-05  1.09996830e+00  1.09996521e+00  7.14162228e-08 
 1.33130000e-09  0.00000000e+00  1.87916148e-05  1.09996833e+00  1.09996528e+00  6.97973040e-08 
 1.33150000e-09  0.00000000e+00  1.87830058e-05  1.09996835e+00  1.09996534e+00  7.13258092e-08 
 1.33170000e-09  0.00000000e+00  1.87745467e-05  1.09996837e+00  1.09996540e+00  6.97112680e-08 
 1.33190000e-09  0.00000000e+00  1.87661544e-05  1.09996839e+00  1.09996545e+00  7.12376270e-08 
 1.33210000e-09  0.00000000e+00  1.87579089e-05  1.09996841e+00  1.09996551e+00  6.96274192e-08 
 1.33230000e-09  0.00000000e+00  1.87497278e-05  1.09996843e+00  1.09996557e+00  7.11516205e-08 
 1.33250000e-09  0.00000000e+00  1.87416906e-05  1.09996845e+00  1.09996563e+00  6.95457026e-08 
 1.33270000e-09  0.00000000e+00  1.87337152e-05  1.09996847e+00  1.09996568e+00  7.10677353e-08 
 1.33290000e-09  0.00000000e+00  1.87258811e-05  1.09996850e+00  1.09996574e+00  6.94660645e-08 
 1.33310000e-09  0.00000000e+00  1.87181063e-05  1.09996852e+00  1.09996579e+00  7.09859187e-08 
 1.33330000e-09  0.00000000e+00  1.87104701e-05  1.09996853e+00  1.09996585e+00  6.93884531e-08 
 1.33350000e-09  0.00000000e+00  1.87028909e-05  1.09996855e+00  1.09996590e+00  7.09061190e-08 
 1.33370000e-09  0.00000000e+00  1.86954475e-05  1.09996857e+00  1.09996595e+00  6.93128168e-08 
 1.33390000e-09  0.00000000e+00  1.86880590e-05  1.09996859e+00  1.09996601e+00  7.08282854e-08 
 1.33410000e-09  0.00000000e+00  1.86808036e-05  1.09996861e+00  1.09996606e+00  6.92391066e-08 
 1.33430000e-09  0.00000000e+00  1.86736009e-05  1.09996863e+00  1.09996611e+00  7.07523694e-08 
 1.33450000e-09  0.00000000e+00  1.86665288e-05  1.09996865e+00  1.09996616e+00  6.91672739e-08 
 1.33470000e-09  0.00000000e+00  1.86595072e-05  1.09996867e+00  1.09996621e+00  7.06783228e-08 
 1.33490000e-09  0.00000000e+00  1.86526138e-05  1.09996868e+00  1.09996626e+00  6.90972714e-08 
 1.33510000e-09  0.00000000e+00  1.86457687e-05  1.09996870e+00  1.09996631e+00  7.06060992e-08 
 1.33530000e-09  0.00000000e+00  1.86390494e-05  1.09996872e+00  1.09996635e+00  6.90290532e-08 
 1.33550000e-09  0.00000000e+00  1.86323765e-05  1.09996874e+00  1.09996640e+00  7.05356527e-08 
 1.33570000e-09  0.00000000e+00  1.86258269e-05  1.09996875e+00  1.09996645e+00  6.89625744e-08 
 1.33590000e-09  0.00000000e+00  1.86193217e-05  1.09996877e+00  1.09996649e+00  7.04669396e-08 
 1.33610000e-09  0.00000000e+00  1.86129376e-05  1.09996879e+00  1.09996654e+00  6.88977916e-08 
 1.33630000e-09  0.00000000e+00  1.86065959e-05  1.09996880e+00  1.09996658e+00  7.03999159e-08 
 1.33650000e-09  0.00000000e+00  1.86003731e-05  1.09996882e+00  1.09996663e+00  6.88346619e-08 
 1.33670000e-09  0.00000000e+00  1.85941908e-05  1.09996884e+00  1.09996667e+00  7.03345400e-08 
 1.33690000e-09  0.00000000e+00  1.85881252e-05  1.09996885e+00  1.09996671e+00  6.87731437e-08 
 1.33710000e-09  0.00000000e+00  1.85820983e-05  1.09996887e+00  1.09996676e+00  7.02707707e-08 
 1.33730000e-09  0.00000000e+00  1.85761859e-05  1.09996888e+00  1.09996680e+00  6.87131964e-08 
 1.33750000e-09  0.00000000e+00  1.85703105e-05  1.09996890e+00  1.09996684e+00  7.02085677e-08 
 1.33770000e-09  0.00000000e+00  1.85645475e-05  1.09996891e+00  1.09996688e+00  6.86547807e-08 
 1.33790000e-09  0.00000000e+00  1.85588197e-05  1.09996893e+00  1.09996692e+00  7.01478921e-08 
 1.33810000e-09  0.00000000e+00  1.85532023e-05  1.09996894e+00  1.09996696e+00  6.85978582e-08 
 1.33830000e-09  0.00000000e+00  1.85476184e-05  1.09996896e+00  1.09996700e+00  7.00887058e-08 
 1.33850000e-09  0.00000000e+00  1.85421429e-05  1.09996897e+00  1.09996704e+00  6.85423913e-08 
 1.33870000e-09  0.00000000e+00  1.85366994e-05  1.09996898e+00  1.09996708e+00  7.00309715e-08 
 1.33890000e-09  0.00000000e+00  1.85313622e-05  1.09996900e+00  1.09996711e+00  6.84883433e-08 
 1.33910000e-09  0.00000000e+00  1.85260554e-05  1.09996901e+00  1.09996715e+00  6.99746533e-08 
 1.33930000e-09  0.00000000e+00  1.85208530e-05  1.09996903e+00  1.09996719e+00  6.84356784e-08 
 1.33950000e-09  0.00000000e+00  1.85156796e-05  1.09996904e+00  1.09996723e+00  6.99197155e-08 
 1.33970000e-09  0.00000000e+00  1.85106087e-05  1.09996905e+00  1.09996726e+00  6.83843621e-08 
 1.33990000e-09  0.00000000e+00  1.85055651e-05  1.09996907e+00  1.09996730e+00  6.98661240e-08 
 1.34010000e-09  0.00000000e+00  1.85006223e-05  1.09996908e+00  1.09996733e+00  6.83343602e-08 
 1.34030000e-09  0.00000000e+00  1.84957055e-05  1.09996909e+00  1.09996737e+00  6.98138452e-08 
 1.34050000e-09  0.00000000e+00  1.84908876e-05  1.09996910e+00  1.09996740e+00  6.82856400e-08 
 1.34070000e-09  0.00000000e+00  1.84860942e-05  1.09996912e+00  1.09996744e+00  6.97628462e-08 
 1.34090000e-09  0.00000000e+00  1.84813980e-05  1.09996913e+00  1.09996747e+00  6.82381687e-08 
 1.34110000e-09  0.00000000e+00  1.84767250e-05  1.09996914e+00  1.09996750e+00  6.97130951e-08 
 1.34130000e-09  0.00000000e+00  1.84721475e-05  1.09996915e+00  1.09996753e+00  6.81919155e-08 
 1.34150000e-09  0.00000000e+00  1.84675918e-05  1.09996916e+00  1.09996757e+00  6.96645611e-08 
 1.34170000e-09  0.00000000e+00  1.84631300e-05  1.09996918e+00  1.09996760e+00  6.81468493e-08 
 1.34190000e-09  0.00000000e+00  1.84586886e-05  1.09996919e+00  1.09996763e+00  6.96172136e-08 
 1.34210000e-09  0.00000000e+00  1.84543396e-05  1.09996920e+00  1.09996766e+00  6.81029403e-08 
 1.34230000e-09  0.00000000e+00  1.84500097e-05  1.09996921e+00  1.09996769e+00  6.95710228e-08 
 1.34250000e-09  0.00000000e+00  1.84457706e-05  1.09996922e+00  1.09996772e+00  6.80601596e-08 
 1.34270000e-09  0.00000000e+00  1.84415494e-05  1.09996923e+00  1.09996775e+00  6.95259605e-08 
 1.34290000e-09  0.00000000e+00  1.84374174e-05  1.09996924e+00  1.09996778e+00  6.80184787e-08 
 1.34310000e-09  0.00000000e+00  1.84333021e-05  1.09996925e+00  1.09996781e+00  6.94819981e-08 
 1.34330000e-09  0.00000000e+00  1.84292745e-05  1.09996926e+00  1.09996784e+00  6.79778698e-08 
 1.34350000e-09  0.00000000e+00  1.84252626e-05  1.09996927e+00  1.09996787e+00  6.94391084e-08 
 1.34370000e-09  0.00000000e+00  1.84213368e-05  1.09996928e+00  1.09996789e+00  6.79383059e-08 
 1.34390000e-09  0.00000000e+00  1.84174255e-05  1.09996929e+00  1.09996792e+00  6.93972648e-08 
 1.34410000e-09  0.00000000e+00  1.84135989e-05  1.09996930e+00  1.09996795e+00  6.78997610e-08 
 1.34430000e-09  0.00000000e+00  1.84097857e-05  1.09996931e+00  1.09996798e+00  6.93564409e-08 
 1.34450000e-09  0.00000000e+00  1.84060559e-05  1.09996932e+00  1.09996800e+00  6.78622092e-08 
 1.34470000e-09  0.00000000e+00  1.84023384e-05  1.09996933e+00  1.09996803e+00  6.93166116e-08 
 1.34490000e-09  0.00000000e+00  1.83987028e-05  1.09996934e+00  1.09996805e+00  6.78256255e-08 
 1.34510000e-09  0.00000000e+00  1.83950785e-05  1.09996935e+00  1.09996808e+00  6.92777518e-08 
 1.34530000e-09  0.00000000e+00  1.83915349e-05  1.09996936e+00  1.09996811e+00  6.77899853e-08 
 1.34550000e-09  0.00000000e+00  1.83880015e-05  1.09996937e+00  1.09996813e+00  6.92398377e-08 
 1.34570000e-09  0.00000000e+00  1.83845474e-05  1.09996938e+00  1.09996816e+00  6.77552653e-08 
 1.34590000e-09  0.00000000e+00  1.83811027e-05  1.09996939e+00  1.09996818e+00  6.92028457e-08 
 1.34610000e-09  0.00000000e+00  1.83777359e-05  1.09996940e+00  1.09996820e+00  6.77214422e-08 
 1.34630000e-09  0.00000000e+00  1.83743775e-05  1.09996941e+00  1.09996823e+00  6.91667526e-08 
 1.34650000e-09  0.00000000e+00  1.83710959e-05  1.09996941e+00  1.09996825e+00  6.76884930e-08 
 1.34670000e-09  0.00000000e+00  1.83678217e-05  1.09996942e+00  1.09996827e+00  6.91315364e-08 
 1.34690000e-09  0.00000000e+00  1.83646230e-05  1.09996943e+00  1.09996830e+00  6.76563962e-08 
 1.34710000e-09  0.00000000e+00  1.83614310e-05  1.09996944e+00  1.09996832e+00  6.90971751e-08 
 1.34730000e-09  0.00000000e+00  1.83583132e-05  1.09996945e+00  1.09996834e+00  6.76251299e-08 
 1.34750000e-09  0.00000000e+00  1.83552011e-05  1.09996946e+00  1.09996836e+00  6.90636473e-08 
 1.34770000e-09  0.00000000e+00  1.83521621e-05  1.09996946e+00  1.09996839e+00  6.75946735e-08 
 1.34790000e-09  0.00000000e+00  1.83491281e-05  1.09996947e+00  1.09996841e+00  6.90309325e-08 
 1.34810000e-09  0.00000000e+00  1.83461659e-05  1.09996948e+00  1.09996843e+00  6.75650065e-08 
 1.34830000e-09  0.00000000e+00  1.83432079e-05  1.09996949e+00  1.09996845e+00  6.89990104e-08 
 1.34850000e-09  0.00000000e+00  1.83403207e-05  1.09996949e+00  1.09996847e+00  6.75361087e-08 
 1.34870000e-09  0.00000000e+00  1.83374368e-05  1.09996950e+00  1.09996849e+00  6.89678610e-08 
 1.34890000e-09  0.00000000e+00  1.83346226e-05  1.09996951e+00  1.09996851e+00  6.75079610e-08 
 1.34910000e-09  0.00000000e+00  1.83318109e-05  1.09996952e+00  1.09996853e+00  6.89374655e-08 
 1.34930000e-09  0.00000000e+00  1.83290679e-05  1.09996952e+00  1.09996855e+00  6.74805444e-08 
 1.34950000e-09  0.00000000e+00  1.83263267e-05  1.09996953e+00  1.09996857e+00  6.89078048e-08 
 1.34970000e-09  0.00000000e+00  1.83236531e-05  1.09996954e+00  1.09996859e+00  6.74538408e-08 
 1.34990000e-09  0.00000000e+00  1.83209805e-05  1.09996954e+00  1.09996861e+00  6.88788611e-08 
 1.35010000e-09  0.00000000e+00  1.83183745e-05  1.09996955e+00  1.09996863e+00  6.74278316e-08 
 1.35030000e-09  0.00000000e+00  1.83157689e-05  1.09996956e+00  1.09996864e+00  6.88506161e-08 
 1.35050000e-09  0.00000000e+00  1.83132288e-05  1.09996956e+00  1.09996866e+00  6.74024995e-08 
 1.35070000e-09  0.00000000e+00  1.83106884e-05  1.09996957e+00  1.09996868e+00  6.88230527e-08 
 1.35090000e-09  0.00000000e+00  1.83082127e-05  1.09996958e+00  1.09996870e+00  6.73778276e-08 
 1.35110000e-09  0.00000000e+00  1.83057359e-05  1.09996958e+00  1.09996872e+00  6.87961536e-08 
 1.35130000e-09  0.00000000e+00  1.83033227e-05  1.09996959e+00  1.09996873e+00  6.73537994e-08 
 1.35150000e-09  0.00000000e+00  1.83009079e-05  1.09996960e+00  1.09996875e+00  6.87699028e-08 
 1.35170000e-09  0.00000000e+00  1.82985559e-05  1.09996960e+00  1.09996877e+00  6.73303980e-08 
 1.35190000e-09  0.00000000e+00  1.82962015e-05  1.09996961e+00  1.09996878e+00  6.87442838e-08 
 1.35210000e-09  0.00000000e+00  1.82939089e-05  1.09996962e+00  1.09996880e+00  6.73076079e-08 
 1.35230000e-09  0.00000000e+00  1.82916135e-05  1.09996962e+00  1.09996882e+00  6.87192813e-08 
 1.35250000e-09  0.00000000e+00  1.82893790e-05  1.09996963e+00  1.09996883e+00  6.72854139e-08 
 1.35270000e-09  0.00000000e+00  1.82871410e-05  1.09996963e+00  1.09996885e+00  6.86948797e-08 
 1.35290000e-09  0.00000000e+00  1.82849630e-05  1.09996964e+00  1.09996886e+00  6.72638009e-08 
 1.35310000e-09  0.00000000e+00  1.82827810e-05  1.09996964e+00  1.09996888e+00  6.86710642e-08 
 1.35330000e-09  0.00000000e+00  1.82806582e-05  1.09996965e+00  1.09996889e+00  6.72427539e-08 
 1.35350000e-09  0.00000000e+00  1.82785308e-05  1.09996966e+00  1.09996891e+00  6.86478201e-08 
 1.35370000e-09  0.00000000e+00  1.82764617e-05  1.09996966e+00  1.09996892e+00  6.72222590e-08 
 1.35390000e-09  0.00000000e+00  1.82743875e-05  1.09996967e+00  1.09996894e+00  6.86251332e-08 
 1.35410000e-09  0.00000000e+00  1.82723708e-05  1.09996967e+00  1.09996895e+00  6.72023018e-08 
 1.35430000e-09  0.00000000e+00  1.82703484e-05  1.09996968e+00  1.09996897e+00  6.86029899e-08 
 1.35450000e-09  0.00000000e+00  1.82683828e-05  1.09996968e+00  1.09996898e+00  6.71828690e-08 
 1.35470000e-09  0.00000000e+00  1.82664110e-05  1.09996969e+00  1.09996900e+00  6.85813766e-08 
 1.35490000e-09  0.00000000e+00  1.82644951e-05  1.09996969e+00  1.09996901e+00  6.71639473e-08 
 1.35510000e-09  0.00000000e+00  1.82625727e-05  1.09996970e+00  1.09996902e+00  6.85602801e-08 
 1.35530000e-09  0.00000000e+00  1.82607053e-05  1.09996970e+00  1.09996904e+00  6.71455239e-08 
 1.35550000e-09  0.00000000e+00  1.82588309e-05  1.09996971e+00  1.09996905e+00  6.85396876e-08 
 1.35570000e-09  0.00000000e+00  1.82570108e-05  1.09996971e+00  1.09996906e+00  6.71275859e-08 
 1.35590000e-09  0.00000000e+00  1.82551833e-05  1.09996972e+00  1.09996907e+00  6.85195864e-08 
 1.35610000e-09  0.00000000e+00  1.82534093e-05  1.09996972e+00  1.09996909e+00  6.71101213e-08 
 1.35630000e-09  0.00000000e+00  1.82516274e-05  1.09996973e+00  1.09996910e+00  6.84999650e-08 
 1.35650000e-09  0.00000000e+00  1.82498984e-05  1.09996973e+00  1.09996911e+00  6.70931180e-08 
 1.35670000e-09  0.00000000e+00  1.82481610e-05  1.09996973e+00  1.09996913e+00  6.84808108e-08 
 1.35690000e-09  0.00000000e+00  1.82464758e-05  1.09996974e+00  1.09996914e+00  6.70765643e-08 
 1.35710000e-09  0.00000000e+00  1.82447818e-05  1.09996974e+00  1.09996915e+00  6.84621123e-08 
 1.35730000e-09  0.00000000e+00  1.82431394e-05  1.09996975e+00  1.09996916e+00  6.70604488e-08 
 1.35750000e-09  0.00000000e+00  1.82414877e-05  1.09996975e+00  1.09996917e+00  6.84438587e-08 
 1.35770000e-09  0.00000000e+00  1.82398868e-05  1.09996976e+00  1.09996918e+00  6.70447607e-08 
 1.35790000e-09  0.00000000e+00  1.82382764e-05  1.09996976e+00  1.09996920e+00  6.84260385e-08 
 1.35810000e-09  0.00000000e+00  1.82367161e-05  1.09996976e+00  1.09996921e+00  6.70294888e-08 
 1.35830000e-09  0.00000000e+00  1.82351458e-05  1.09996977e+00  1.09996922e+00  6.84086411e-08 
 1.35850000e-09  0.00000000e+00  1.82336251e-05  1.09996977e+00  1.09996923e+00  6.70146227e-08 
 1.35870000e-09  0.00000000e+00  1.82320941e-05  1.09996978e+00  1.09996924e+00  6.83916560e-08 
 1.35890000e-09  0.00000000e+00  1.82306119e-05  1.09996978e+00  1.09996925e+00  6.70001522e-08 
 1.35910000e-09  0.00000000e+00  1.82291191e-05  1.09996978e+00  1.09996926e+00  6.83750732e-08 
 1.35930000e-09  0.00000000e+00  1.82276745e-05  1.09996979e+00  1.09996927e+00  6.69860673e-08 
 1.35950000e-09  0.00000000e+00  1.82262189e-05  1.09996979e+00  1.09996928e+00  6.83588824e-08 
 1.35970000e-09  0.00000000e+00  1.82248109e-05  1.09996980e+00  1.09996929e+00  6.69723581e-08 
 1.35990000e-09  0.00000000e+00  1.82233917e-05  1.09996980e+00  1.09996930e+00  6.83430742e-08 
 1.36010000e-09  0.00000000e+00  1.82220194e-05  1.09996980e+00  1.09996931e+00  6.69590149e-08 
 1.36030000e-09  0.00000000e+00  1.82206355e-05  1.09996981e+00  1.09996932e+00  6.83276391e-08 
 1.36050000e-09  0.00000000e+00  1.82192981e-05  1.09996981e+00  1.09996933e+00  6.69460288e-08 
 1.36070000e-09  0.00000000e+00  1.82179488e-05  1.09996981e+00  1.09996934e+00  6.83125675e-08 
 1.36090000e-09  0.00000000e+00  1.82166453e-05  1.09996982e+00  1.09996935e+00  6.69333906e-08 
 1.36110000e-09  0.00000000e+00  1.82153295e-05  1.09996982e+00  1.09996936e+00  6.82978511e-08 
 1.36130000e-09  0.00000000e+00  1.82140591e-05  1.09996982e+00  1.09996937e+00  6.69210915e-08 
 1.36150000e-09  0.00000000e+00  1.82127762e-05  1.09996983e+00  1.09996938e+00  6.82834804e-08 
 1.36170000e-09  0.00000000e+00  1.82115380e-05  1.09996983e+00  1.09996939e+00  6.69091226e-08 
 1.36190000e-09  0.00000000e+00  1.82102871e-05  1.09996983e+00  1.09996940e+00  6.82694472e-08 
 1.36210000e-09  0.00000000e+00  1.82090803e-05  1.09996984e+00  1.09996940e+00  6.68974760e-08 
 1.36230000e-09  0.00000000e+00  1.82078606e-05  1.09996984e+00  1.09996941e+00  6.82557432e-08 
 1.36250000e-09  0.00000000e+00  1.82066845e-05  1.09996984e+00  1.09996942e+00  6.68861432e-08 
 1.36270000e-09  0.00000000e+00  1.82054951e-05  1.09996985e+00  1.09996943e+00  6.82423602e-08 
 1.36290000e-09  0.00000000e+00  1.82043488e-05  1.09996985e+00  1.09996944e+00  6.68751163e-08 
 1.36310000e-09  0.00000000e+00  1.82031890e-05  1.09996985e+00  1.09996945e+00  6.82292903e-08 
 1.36330000e-09  0.00000000e+00  1.82020719e-05  1.09996985e+00  1.09996945e+00  6.68643874e-08 
 1.36350000e-09  0.00000000e+00  1.82009410e-05  1.09996986e+00  1.09996946e+00  6.82165257e-08 
 1.36370000e-09  0.00000000e+00  1.81998523e-05  1.09996986e+00  1.09996947e+00  6.68539493e-08 
 1.36390000e-09  0.00000000e+00  1.81987495e-05  1.09996986e+00  1.09996948e+00  6.82040591e-08 
 1.36410000e-09  0.00000000e+00  1.81976885e-05  1.09996987e+00  1.09996949e+00  6.68437944e-08 
 1.36430000e-09  0.00000000e+00  1.81966131e-05  1.09996987e+00  1.09996949e+00  6.81918828e-08 
 1.36450000e-09  0.00000000e+00  1.81955790e-05  1.09996987e+00  1.09996950e+00  6.68339151e-08 
 1.36470000e-09  0.00000000e+00  1.81945305e-05  1.09996987e+00  1.09996951e+00  6.81799898e-08 
 1.36490000e-09  0.00000000e+00  1.81935227e-05  1.09996988e+00  1.09996951e+00  6.68243051e-08 
 1.36510000e-09  0.00000000e+00  1.81925002e-05  1.09996988e+00  1.09996952e+00  6.81683730e-08 
 1.36530000e-09  0.00000000e+00  1.81915180e-05  1.09996988e+00  1.09996953e+00  6.68149571e-08 
 1.36550000e-09  0.00000000e+00  1.81905209e-05  1.09996989e+00  1.09996954e+00  6.81570260e-08 
 1.36570000e-09  0.00000000e+00  1.81895637e-05  1.09996989e+00  1.09996954e+00  6.68058646e-08 
 1.36590000e-09  0.00000000e+00  1.81885915e-05  1.09996989e+00  1.09996955e+00  6.81459415e-08 
 1.36610000e-09  0.00000000e+00  1.81876586e-05  1.09996989e+00  1.09996956e+00  6.67970208e-08 
 1.36630000e-09  0.00000000e+00  1.81867105e-05  1.09996990e+00  1.09996956e+00  6.81351136e-08 
 1.36650000e-09  0.00000000e+00  1.81858014e-05  1.09996990e+00  1.09996957e+00  6.67884199e-08 
 1.36670000e-09  0.00000000e+00  1.81848768e-05  1.09996990e+00  1.09996958e+00  6.81245359e-08 
 1.36690000e-09  0.00000000e+00  1.81839908e-05  1.09996990e+00  1.09996958e+00  6.67800553e-08 
 1.36710000e-09  0.00000000e+00  1.81830892e-05  1.09996990e+00  1.09996959e+00  6.81142017e-08 
 1.36730000e-09  0.00000000e+00  1.81822258e-05  1.09996991e+00  1.09996960e+00  6.67719211e-08 
 1.36750000e-09  0.00000000e+00  1.81813466e-05  1.09996991e+00  1.09996960e+00  6.81041058e-08 
 1.36770000e-09  0.00000000e+00  1.81805051e-05  1.09996991e+00  1.09996961e+00  6.67640114e-08 
 1.36790000e-09  0.00000000e+00  1.81796478e-05  1.09996991e+00  1.09996961e+00  6.80942419e-08 
 1.36810000e-09  0.00000000e+00  1.81788278e-05  1.09996992e+00  1.09996962e+00  6.67563203e-08 
 1.36830000e-09  0.00000000e+00  1.81779917e-05  1.09996992e+00  1.09996963e+00  6.80846042e-08 
 1.36850000e-09  0.00000000e+00  1.81771925e-05  1.09996992e+00  1.09996963e+00  6.67488428e-08 
 1.36870000e-09  0.00000000e+00  1.81763772e-05  1.09996992e+00  1.09996964e+00  6.80751873e-08 
 1.36890000e-09  0.00000000e+00  1.81755984e-05  1.09996992e+00  1.09996964e+00  6.67415727e-08 
 1.36910000e-09  0.00000000e+00  1.81748033e-05  1.09996993e+00  1.09996965e+00  6.80659858e-08 
 1.36930000e-09  0.00000000e+00  1.81740444e-05  1.09996993e+00  1.09996965e+00  6.67345052e-08 
 1.36950000e-09  0.00000000e+00  1.81732690e-05  1.09996993e+00  1.09996966e+00  6.80569946e-08 
 1.36970000e-09  0.00000000e+00  1.81725294e-05  1.09996993e+00  1.09996966e+00  6.67276350e-08 
 1.36990000e-09  0.00000000e+00  1.81717732e-05  1.09996993e+00  1.09996967e+00  6.80482081e-08 
 1.37010000e-09  0.00000000e+00  1.81710525e-05  1.09996994e+00  1.09996968e+00  6.67209570e-08 
 1.37030000e-09  0.00000000e+00  1.81703151e-05  1.09996994e+00  1.09996968e+00  6.80396214e-08 
 1.37050000e-09  0.00000000e+00  1.81696127e-05  1.09996994e+00  1.09996969e+00  6.67144662e-08 
 1.37070000e-09  0.00000000e+00  1.81688936e-05  1.09996994e+00  1.09996969e+00  6.80312298e-08 
 1.37090000e-09  0.00000000e+00  1.81682091e-05  1.09996994e+00  1.09996970e+00  6.67081581e-08 
 1.37110000e-09  0.00000000e+00  1.81675078e-05  1.09996995e+00  1.09996970e+00  6.80230284e-08 
 1.37130000e-09  0.00000000e+00  1.81668408e-05  1.09996995e+00  1.09996971e+00  6.67020279e-08 
 1.37150000e-09  0.00000000e+00  1.81661569e-05  1.09996995e+00  1.09996971e+00  6.80150125e-08 
 1.37170000e-09  0.00000000e+00  1.81655069e-05  1.09996995e+00  1.09996971e+00  6.66960710e-08 
 1.37190000e-09  0.00000000e+00  1.81648399e-05  1.09996995e+00  1.09996972e+00  6.80071777e-08 
 1.37210000e-09  0.00000000e+00  1.81642065e-05  1.09996995e+00  1.09996972e+00  6.66902829e-08 
 1.37230000e-09  0.00000000e+00  1.81635560e-05  1.09996996e+00  1.09996973e+00  6.79995195e-08 
 1.37250000e-09  0.00000000e+00  1.81629388e-05  1.09996996e+00  1.09996973e+00  6.66846593e-08 
 1.37270000e-09  0.00000000e+00  1.81623044e-05  1.09996996e+00  1.09996974e+00  6.79920333e-08 
 1.37290000e-09  0.00000000e+00  1.81617030e-05  1.09996996e+00  1.09996974e+00  6.66791960e-08 
 1.37310000e-09  0.00000000e+00  1.81610843e-05  1.09996996e+00  1.09996975e+00  6.79847152e-08 
 1.37330000e-09  0.00000000e+00  1.81604982e-05  1.09996996e+00  1.09996975e+00  6.66738889e-08 
 1.37350000e-09  0.00000000e+00  1.81598948e-05  1.09996997e+00  1.09996976e+00  6.79775610e-08 
 1.37370000e-09  0.00000000e+00  1.81593237e-05  1.09996997e+00  1.09996976e+00  6.66687343e-08 
 1.37390000e-09  0.00000000e+00  1.81587352e-05  1.09996997e+00  1.09996976e+00  6.79705669e-08 
 1.37410000e-09  0.00000000e+00  1.81581787e-05  1.09996997e+00  1.09996977e+00  6.66637278e-08 
 1.37430000e-09  0.00000000e+00  1.81576047e-05  1.09996997e+00  1.09996977e+00  6.79637285e-08 
 1.37450000e-09  0.00000000e+00  1.81570625e-05  1.09996997e+00  1.09996978e+00  6.66588655e-08 
 1.37470000e-09  0.00000000e+00  1.81565027e-05  1.09996997e+00  1.09996978e+00  6.79570424e-08 
 1.37490000e-09  0.00000000e+00  1.81559743e-05  1.09996998e+00  1.09996978e+00  6.66541442e-08 
 1.37510000e-09  0.00000000e+00  1.81554283e-05  1.09996998e+00  1.09996979e+00  6.79505049e-08 
 1.37530000e-09  0.00000000e+00  1.81549135e-05  1.09996998e+00  1.09996979e+00  6.66495602e-08 
 1.37550000e-09  0.00000000e+00  1.81543810e-05  1.09996998e+00  1.09996979e+00  6.79441121e-08 
 1.37570000e-09  0.00000000e+00  1.81538794e-05  1.09996998e+00  1.09996980e+00  6.66451096e-08 
 1.37590000e-09  0.00000000e+00  1.81533600e-05  1.09996998e+00  1.09996980e+00  6.79378605e-08 
 1.37610000e-09  0.00000000e+00  1.81528712e-05  1.09996998e+00  1.09996981e+00  6.66407893e-08 
 1.37630000e-09  0.00000000e+00  1.81523646e-05  1.09996998e+00  1.09996981e+00  6.79317471e-08 
 1.37650000e-09  0.00000000e+00  1.81518883e-05  1.09996999e+00  1.09996981e+00  6.66365957e-08 
 1.37670000e-09  0.00000000e+00  1.81513942e-05  1.09996999e+00  1.09996982e+00  6.79257680e-08 
 1.37690000e-09  0.00000000e+00  1.81509302e-05  1.09996999e+00  1.09996982e+00  6.66325256e-08 
 1.37710000e-09  0.00000000e+00  1.81504483e-05  1.09996999e+00  1.09996982e+00  6.79199202e-08 
 1.37730000e-09  0.00000000e+00  1.81499961e-05  1.09996999e+00  1.09996983e+00  6.66285760e-08 
 1.37750000e-09  0.00000000e+00  1.81495261e-05  1.09996999e+00  1.09996983e+00  6.79142005e-08 
 1.37770000e-09  0.00000000e+00  1.81490855e-05  1.09996999e+00  1.09996983e+00  6.66247437e-08 
 1.37790000e-09  0.00000000e+00  1.81486270e-05  1.09996999e+00  1.09996984e+00  6.79086056e-08 
 1.37810000e-09  0.00000000e+00  1.81481978e-05  1.09997000e+00  1.09996984e+00  6.66210255e-08 
 1.37830000e-09  0.00000000e+00  1.81477506e-05  1.09997000e+00  1.09996984e+00  6.79031327e-08 
 1.37850000e-09  0.00000000e+00  1.81473324e-05  1.09997000e+00  1.09996985e+00  6.66174186e-08 
 1.37870000e-09  0.00000000e+00  1.81468962e-05  1.09997000e+00  1.09996985e+00  6.78977787e-08 
 1.37890000e-09  0.00000000e+00  1.81464887e-05  1.09997000e+00  1.09996985e+00  6.66139202e-08 
 1.37910000e-09  0.00000000e+00  1.81460632e-05  1.09997000e+00  1.09996985e+00  6.78925406e-08 
 1.37930000e-09  0.00000000e+00  1.81456662e-05  1.09997000e+00  1.09996986e+00  6.66105273e-08 
 1.37950000e-09  0.00000000e+00  1.81452512e-05  1.09997000e+00  1.09996986e+00  6.78874160e-08 
 1.37970000e-09  0.00000000e+00  1.81448644e-05  1.09997000e+00  1.09996986e+00  6.66072373e-08 
 1.37990000e-09  0.00000000e+00  1.81444596e-05  1.09997001e+00  1.09996987e+00  6.78824017e-08 
 1.38010000e-09  0.00000000e+00  1.81440827e-05  1.09997001e+00  1.09996987e+00  6.66040474e-08 
 1.38030000e-09  0.00000000e+00  1.81436878e-05  1.09997001e+00  1.09996987e+00  6.78774952e-08 
 1.38050000e-09  0.00000000e+00  1.81433207e-05  1.09997001e+00  1.09996987e+00  6.66009553e-08 
 1.38070000e-09  0.00000000e+00  1.81429355e-05  1.09997001e+00  1.09996988e+00  6.78726939e-08 
 1.38090000e-09  0.00000000e+00  1.81425778e-05  1.09997001e+00  1.09996988e+00  6.65979580e-08 
 1.38110000e-09  0.00000000e+00  1.81422020e-05  1.09997001e+00  1.09996988e+00  6.78679952e-08 
 1.38130000e-09  0.00000000e+00  1.81418536e-05  1.09997001e+00  1.09996988e+00  6.65950536e-08 
 1.38150000e-09  0.00000000e+00  1.81414870e-05  1.09997001e+00  1.09996989e+00  6.78633967e-08 
 1.38170000e-09  0.00000000e+00  1.81411476e-05  1.09997001e+00  1.09996989e+00  6.65922393e-08 
 1.38190000e-09  0.00000000e+00  1.81407900e-05  1.09997002e+00  1.09996989e+00  6.78588961e-08 
 1.38210000e-09  0.00000000e+00  1.81404593e-05  1.09997002e+00  1.09996989e+00  6.65895127e-08 
 1.38230000e-09  0.00000000e+00  1.81401104e-05  1.09997002e+00  1.09996990e+00  6.78544907e-08 
 1.38250000e-09  0.00000000e+00  1.81397883e-05  1.09997002e+00  1.09996990e+00  6.65868716e-08 
 1.38270000e-09  0.00000000e+00  1.81394480e-05  1.09997002e+00  1.09996990e+00  6.78501784e-08 
 1.38290000e-09  0.00000000e+00  1.81391341e-05  1.09997002e+00  1.09996990e+00  6.65843139e-08 
 1.38310000e-09  0.00000000e+00  1.81388021e-05  1.09997002e+00  1.09996991e+00  6.78459571e-08 
 1.38330000e-09  0.00000000e+00  1.81384964e-05  1.09997002e+00  1.09996991e+00  6.65818374e-08 
 1.38350000e-09  0.00000000e+00  1.81381725e-05  1.09997002e+00  1.09996991e+00  6.78418245e-08 
 1.38370000e-09  0.00000000e+00  1.81378747e-05  1.09997002e+00  1.09996991e+00  6.65794399e-08 
 1.38390000e-09  0.00000000e+00  1.81375587e-05  1.09997002e+00  1.09996992e+00  6.78377782e-08 
 1.38410000e-09  0.00000000e+00  1.81372686e-05  1.09997002e+00  1.09996992e+00  6.65771192e-08 
 1.38430000e-09  0.00000000e+00  1.81369604e-05  1.09997003e+00  1.09996992e+00  6.78338164e-08 
 1.38450000e-09  0.00000000e+00  1.81366778e-05  1.09997003e+00  1.09996992e+00  6.65748738e-08 
 1.38470000e-09  0.00000000e+00  1.81363770e-05  1.09997003e+00  1.09996992e+00  6.78299371e-08 
 1.38490000e-09  0.00000000e+00  1.81361017e-05  1.09997003e+00  1.09996993e+00  6.65727012e-08 
 1.38510000e-09  0.00000000e+00  1.81358083e-05  1.09997003e+00  1.09996993e+00  6.78261381e-08 
 1.38530000e-09  0.00000000e+00  1.81355402e-05  1.09997003e+00  1.09996993e+00  6.65705997e-08 
 1.38550000e-09  0.00000000e+00  1.81352539e-05  1.09997003e+00  1.09996993e+00  6.78224177e-08 
 1.38570000e-09  0.00000000e+00  1.81349927e-05  1.09997003e+00  1.09996993e+00  6.65685675e-08 
 1.38590000e-09  0.00000000e+00  1.81347135e-05  1.09997003e+00  1.09996994e+00  6.78187738e-08 
 1.38610000e-09  0.00000000e+00  1.81344590e-05  1.09997003e+00  1.09996994e+00  6.65666027e-08 
 1.38630000e-09  0.00000000e+00  1.81341866e-05  1.09997003e+00  1.09996994e+00  6.78152050e-08 
 1.38650000e-09  0.00000000e+00  1.81339387e-05  1.09997003e+00  1.09996994e+00  6.65647034e-08 
 1.38670000e-09  0.00000000e+00  1.81336729e-05  1.09997003e+00  1.09996994e+00  6.78117088e-08 
 1.38690000e-09  0.00000000e+00  1.81334315e-05  1.09997003e+00  1.09996994e+00  6.65628679e-08 
 1.38710000e-09  0.00000000e+00  1.81331721e-05  1.09997004e+00  1.09996995e+00  6.78082840e-08 
 1.38730000e-09  0.00000000e+00  1.81329370e-05  1.09997004e+00  1.09996995e+00  6.65610950e-08 
 1.38750000e-09  0.00000000e+00  1.81326839e-05  1.09997004e+00  1.09996995e+00  6.78049288e-08 
 1.38770000e-09  0.00000000e+00  1.81324550e-05  1.09997004e+00  1.09996995e+00  6.65593824e-08 
 1.38790000e-09  0.00000000e+00  1.81322080e-05  1.09997004e+00  1.09996995e+00  6.78016414e-08 
 1.38810000e-09  0.00000000e+00  1.81319850e-05  1.09997004e+00  1.09996996e+00  6.65577288e-08 
 1.38830000e-09  0.00000000e+00  1.81317440e-05  1.09997004e+00  1.09996996e+00  6.77984203e-08 
 1.38850000e-09  0.00000000e+00  1.81315268e-05  1.09997004e+00  1.09996996e+00  6.65561327e-08 
 1.38870000e-09  0.00000000e+00  1.81312917e-05  1.09997004e+00  1.09996996e+00  6.77952639e-08 
 1.38890000e-09  0.00000000e+00  1.81310802e-05  1.09997004e+00  1.09996996e+00  6.65545924e-08 
 1.38910000e-09  0.00000000e+00  1.81308507e-05  1.09997004e+00  1.09996996e+00  6.77921706e-08 
 1.38930000e-09  0.00000000e+00  1.81306447e-05  1.09997004e+00  1.09996996e+00  6.65531066e-08 
 1.38950000e-09  0.00000000e+00  1.81304209e-05  1.09997004e+00  1.09996997e+00  6.77891392e-08 
 1.38970000e-09  0.00000000e+00  1.81302202e-05  1.09997004e+00  1.09996997e+00  6.65516740e-08 
 1.38990000e-09  0.00000000e+00  1.81300018e-05  1.09997004e+00  1.09996997e+00  6.77861675e-08 
 1.39010000e-09  0.00000000e+00  1.81298064e-05  1.09997004e+00  1.09996997e+00  6.65502927e-08 
 1.39030000e-09  0.00000000e+00  1.81295932e-05  1.09997004e+00  1.09996997e+00  6.77832549e-08 
 1.39050000e-09  0.00000000e+00  1.81294029e-05  1.09997005e+00  1.09996997e+00  6.65489614e-08 
 1.39070000e-09  0.00000000e+00  1.81291949e-05  1.09997005e+00  1.09996998e+00  6.77803995e-08 
 1.39090000e-09  0.00000000e+00  1.81290096e-05  1.09997005e+00  1.09996998e+00  6.65476795e-08 
 1.39110000e-09  0.00000000e+00  1.81288066e-05  1.09997005e+00  1.09996998e+00  6.77776001e-08 
 1.39130000e-09  0.00000000e+00  1.81286262e-05  1.09997005e+00  1.09996998e+00  6.65464449e-08 
 1.39150000e-09  0.00000000e+00  1.81284280e-05  1.09997005e+00  1.09996998e+00  6.77748554e-08 
 1.39170000e-09  0.00000000e+00  1.81282524e-05  1.09997005e+00  1.09996998e+00  6.65452567e-08 
 1.39190000e-09  0.00000000e+00  1.81280590e-05  1.09997005e+00  1.09996998e+00  6.77721641e-08 
 1.39210000e-09  0.00000000e+00  1.81278879e-05  1.09997005e+00  1.09996998e+00  6.65441135e-08 
 1.39230000e-09  0.00000000e+00  1.81276992e-05  1.09997005e+00  1.09996999e+00  6.77695251e-08 
 1.39250000e-09  0.00000000e+00  1.81275326e-05  1.09997005e+00  1.09996999e+00  6.65430143e-08 
 1.39270000e-09  0.00000000e+00  1.81273485e-05  1.09997005e+00  1.09996999e+00  6.77669369e-08 
 1.39290000e-09  0.00000000e+00  1.81271863e-05  1.09997005e+00  1.09996999e+00  6.65419575e-08 
 1.39310000e-09  0.00000000e+00  1.81270065e-05  1.09997005e+00  1.09996999e+00  6.77643982e-08 
 1.39330000e-09  0.00000000e+00  1.81268486e-05  1.09997005e+00  1.09996999e+00  6.65409424e-08 
 1.39350000e-09  0.00000000e+00  1.81266732e-05  1.09997005e+00  1.09996999e+00  6.77619082e-08 
 1.39370000e-09  0.00000000e+00  1.81265194e-05  1.09997005e+00  1.09996999e+00  6.65399677e-08 
 1.39390000e-09  0.00000000e+00  1.81263482e-05  1.09997005e+00  1.09997000e+00  6.77594656e-08 
 1.39410000e-09  0.00000000e+00  1.81261985e-05  1.09997005e+00  1.09997000e+00  6.65390324e-08 
 1.39430000e-09  0.00000000e+00  1.81260314e-05  1.09997005e+00  1.09997000e+00  6.77570692e-08 
 1.39450000e-09  0.00000000e+00  1.81258856e-05  1.09997005e+00  1.09997000e+00  6.65381351e-08 
 1.39470000e-09  0.00000000e+00  1.81257225e-05  1.09997005e+00  1.09997000e+00  6.77547180e-08 
 1.39490000e-09  0.00000000e+00  1.81255806e-05  1.09997006e+00  1.09997000e+00  6.65372754e-08 
 1.39510000e-09  0.00000000e+00  1.81254214e-05  1.09997006e+00  1.09997000e+00  6.77524112e-08 
 1.39530000e-09  0.00000000e+00  1.81252833e-05  1.09997006e+00  1.09997000e+00  6.65364518e-08 
 1.39550000e-09  0.00000000e+00  1.81251278e-05  1.09997006e+00  1.09997000e+00  6.77501469e-08 
 1.39570000e-09  0.00000000e+00  1.81249934e-05  1.09997006e+00  1.09997001e+00  6.65356632e-08 
 1.39590000e-09  0.00000000e+00  1.81248417e-05  1.09997006e+00  1.09997001e+00  6.77479254e-08 
 1.39610000e-09  0.00000000e+00  1.81247108e-05  1.09997006e+00  1.09997001e+00  6.65349094e-08 
 1.39630000e-09  0.00000000e+00  1.81245627e-05  1.09997006e+00  1.09997001e+00  6.77457443e-08 
 1.39650000e-09  0.00000000e+00  1.81244353e-05  1.09997006e+00  1.09997001e+00  6.65341887e-08 
 1.39670000e-09  0.00000000e+00  1.81242907e-05  1.09997006e+00  1.09997001e+00  6.77436039e-08 
 1.39690000e-09  0.00000000e+00  1.81241667e-05  1.09997006e+00  1.09997001e+00  6.65335005e-08 
 1.39710000e-09  0.00000000e+00  1.81240255e-05  1.09997006e+00  1.09997001e+00  6.77415027e-08 
 1.39730000e-09  0.00000000e+00  1.81239048e-05  1.09997006e+00  1.09997001e+00  6.65328438e-08 
 1.39750000e-09  0.00000000e+00  1.81237670e-05  1.09997006e+00  1.09997001e+00  6.77394395e-08 
 1.39770000e-09  0.00000000e+00  1.81236495e-05  1.09997006e+00  1.09997002e+00  6.65322179e-08 
 1.39790000e-09  0.00000000e+00  1.81235150e-05  1.09997006e+00  1.09997002e+00  6.77374141e-08 
 1.39810000e-09  0.00000000e+00  1.81234007e-05  1.09997006e+00  1.09997002e+00  6.65316218e-08 
 1.39830000e-09  0.00000000e+00  1.81232693e-05  1.09997006e+00  1.09997002e+00  6.77354251e-08 
 1.39850000e-09  0.00000000e+00  1.81231580e-05  1.09997006e+00  1.09997002e+00  6.65310546e-08 
 1.39870000e-09  0.00000000e+00  1.81230298e-05  1.09997006e+00  1.09997002e+00  6.77334719e-08 
 1.39890000e-09  0.00000000e+00  1.81229215e-05  1.09997006e+00  1.09997002e+00  6.65305159e-08 
 1.39910000e-09  0.00000000e+00  1.81227963e-05  1.09997006e+00  1.09997002e+00  6.77315534e-08 
 1.39930000e-09  0.00000000e+00  1.81226909e-05  1.09997006e+00  1.09997002e+00  6.65300046e-08 
 1.39950000e-09  0.00000000e+00  1.81225686e-05  1.09997006e+00  1.09997002e+00  6.77296691e-08 
 1.39970000e-09  0.00000000e+00  1.81224661e-05  1.09997006e+00  1.09997002e+00  6.65295200e-08 
 1.39990000e-09  0.00000000e+00  1.81223467e-05  1.09997006e+00  1.09997002e+00  6.77278182e-08 
 1.40010000e-09  0.00000000e+00  1.81222469e-05  1.09997006e+00  1.09997003e+00  6.65290614e-08 
 1.40030000e-09  0.00000000e+00  1.81221304e-05  1.09997006e+00  1.09997003e+00  6.77259997e-08 
 1.40050000e-09  0.00000000e+00  1.81220332e-05  1.09997006e+00  1.09997003e+00  6.65286281e-08 
 1.40070000e-09  0.00000000e+00  1.81219194e-05  1.09997006e+00  1.09997003e+00  6.77242130e-08 
 1.40090000e-09  0.00000000e+00  1.81218249e-05  1.09997007e+00  1.09997003e+00  6.65282193e-08 
 1.40110000e-09  0.00000000e+00  1.81217138e-05  1.09997007e+00  1.09997003e+00  6.77224576e-08 
 1.40130000e-09  0.00000000e+00  1.81216219e-05  1.09997007e+00  1.09997003e+00  6.65278344e-08 
 1.40150000e-09  0.00000000e+00  1.81215133e-05  1.09997007e+00  1.09997003e+00  6.77207324e-08 
 1.40170000e-09  0.00000000e+00  1.81214239e-05  1.09997007e+00  1.09997003e+00  6.65274726e-08 
 1.40190000e-09  0.00000000e+00  1.81213179e-05  1.09997007e+00  1.09997003e+00  6.77190367e-08 
 1.40210000e-09  0.00000000e+00  1.81212309e-05  1.09997007e+00  1.09997003e+00  6.65271336e-08 
 1.40230000e-09  0.00000000e+00  1.81211274e-05  1.09997007e+00  1.09997003e+00  6.77173702e-08 
 1.40250000e-09  0.00000000e+00  1.81210427e-05  1.09997007e+00  1.09997003e+00  6.65268162e-08 
 1.40270000e-09  0.00000000e+00  1.81209416e-05  1.09997007e+00  1.09997003e+00  6.77157320e-08 
 1.40290000e-09  0.00000000e+00  1.81208593e-05  1.09997007e+00  1.09997004e+00  6.65265202e-08 
 1.40310000e-09  0.00000000e+00  1.81207605e-05  1.09997007e+00  1.09997004e+00  6.77141216e-08 
 1.40330000e-09  0.00000000e+00  1.81206804e-05  1.09997007e+00  1.09997004e+00  6.65262451e-08 
 1.40350000e-09  0.00000000e+00  1.81205840e-05  1.09997007e+00  1.09997004e+00  6.77125381e-08 
 1.40370000e-09  0.00000000e+00  1.81205061e-05  1.09997007e+00  1.09997004e+00  6.65259899e-08 
 1.40390000e-09  0.00000000e+00  1.81204119e-05  1.09997007e+00  1.09997004e+00  6.77109811e-08 
 1.40410000e-09  0.00000000e+00  1.81203361e-05  1.09997007e+00  1.09997004e+00  6.65257545e-08 
 1.40430000e-09  0.00000000e+00  1.81202441e-05  1.09997007e+00  1.09997004e+00  6.77094499e-08 
 1.40450000e-09  0.00000000e+00  1.81201704e-05  1.09997007e+00  1.09997004e+00  6.65255379e-08 
 1.40470000e-09  0.00000000e+00  1.81200805e-05  1.09997007e+00  1.09997004e+00  6.77079442e-08 
 1.40490000e-09  0.00000000e+00  1.81200088e-05  1.09997007e+00  1.09997004e+00  6.65253397e-08 
 1.40510000e-09  0.00000000e+00  1.81199211e-05  1.09997007e+00  1.09997004e+00  6.77064631e-08 
 1.40530000e-09  0.00000000e+00  1.81198513e-05  1.09997007e+00  1.09997004e+00  6.65251596e-08 
 1.40550000e-09  0.00000000e+00  1.81197656e-05  1.09997007e+00  1.09997004e+00  6.77050061e-08 
 1.40570000e-09  0.00000000e+00  1.81196978e-05  1.09997007e+00  1.09997004e+00  6.65249969e-08 
 1.40590000e-09  0.00000000e+00  1.81196140e-05  1.09997007e+00  1.09997004e+00  6.77035728e-08 
 1.40610000e-09  0.00000000e+00  1.81195481e-05  1.09997007e+00  1.09997004e+00  6.65248510e-08 
 1.40630000e-09  0.00000000e+00  1.81194663e-05  1.09997007e+00  1.09997005e+00  6.77021625e-08 
 1.40650000e-09  0.00000000e+00  1.81194022e-05  1.09997007e+00  1.09997005e+00  6.65247215e-08 
 1.40670000e-09  0.00000000e+00  1.81193222e-05  1.09997007e+00  1.09997005e+00  6.77007748e-08 
 1.40690000e-09  0.00000000e+00  1.81192599e-05  1.09997007e+00  1.09997005e+00  6.65246080e-08 
 1.40710000e-09  0.00000000e+00  1.81191818e-05  1.09997007e+00  1.09997005e+00  6.76994092e-08 
 1.40730000e-09  0.00000000e+00  1.81191212e-05  1.09997007e+00  1.09997005e+00  6.65245101e-08 
 1.40750000e-09  0.00000000e+00  1.81190449e-05  1.09997007e+00  1.09997005e+00  6.76980651e-08 
 1.40770000e-09  0.00000000e+00  1.81189860e-05  1.09997007e+00  1.09997005e+00  6.65244272e-08 
 1.40790000e-09  0.00000000e+00  1.81189114e-05  1.09997007e+00  1.09997005e+00  6.76967421e-08 
 1.40810000e-09  0.00000000e+00  1.81188542e-05  1.09997007e+00  1.09997005e+00  6.65243586e-08 
 1.40830000e-09  0.00000000e+00  1.81187813e-05  1.09997007e+00  1.09997005e+00  6.76954400e-08 
 1.40850000e-09  0.00000000e+00  1.81187256e-05  1.09997007e+00  1.09997005e+00  6.65243046e-08 
 1.40870000e-09  0.00000000e+00  1.81186544e-05  1.09997007e+00  1.09997005e+00  6.76941578e-08 
 1.40890000e-09  0.00000000e+00  1.81186003e-05  1.09997007e+00  1.09997005e+00  6.65242641e-08 
 1.40910000e-09  0.00000000e+00  1.81185307e-05  1.09997007e+00  1.09997005e+00  6.76928954e-08 
 1.40930000e-09  0.00000000e+00  1.81184782e-05  1.09997007e+00  1.09997005e+00  6.65242369e-08 
 1.40950000e-09  0.00000000e+00  1.81184102e-05  1.09997007e+00  1.09997005e+00  6.76916526e-08 
 1.40970000e-09  0.00000000e+00  1.81183591e-05  1.09997007e+00  1.09997005e+00  6.65242227e-08 
 1.40990000e-09  0.00000000e+00  1.81182926e-05  1.09997007e+00  1.09997005e+00  6.76904283e-08 
 1.41010000e-09  0.00000000e+00  1.81182430e-05  1.09997007e+00  1.09997005e+00  6.65242211e-08 
 1.41030000e-09  0.00000000e+00  1.81181780e-05  1.09997007e+00  1.09997005e+00  6.76892226e-08 
 1.41050000e-09  0.00000000e+00  1.81181298e-05  1.09997007e+00  1.09997005e+00  6.65242316e-08 
 1.41070000e-09  0.00000000e+00  1.81180663e-05  1.09997008e+00  1.09997006e+00  6.76880350e-08 
 1.41090000e-09  0.00000000e+00  1.81180195e-05  1.09997008e+00  1.09997006e+00  6.65242542e-08 
 1.41110000e-09  0.00000000e+00  1.81179574e-05  1.09997008e+00  1.09997006e+00  6.76868653e-08 
 1.41130000e-09  0.00000000e+00  1.81179119e-05  1.09997008e+00  1.09997006e+00  6.65242880e-08 
 1.41150000e-09  0.00000000e+00  1.81178512e-05  1.09997008e+00  1.09997006e+00  6.76857127e-08 
 1.41170000e-09  0.00000000e+00  1.81178070e-05  1.09997008e+00  1.09997006e+00  6.65243329e-08 
 1.41190000e-09  0.00000000e+00  1.81177477e-05  1.09997008e+00  1.09997006e+00  6.76845770e-08 
 1.41210000e-09  0.00000000e+00  1.81177048e-05  1.09997008e+00  1.09997006e+00  6.65243888e-08 
 1.41230000e-09  0.00000000e+00  1.81176468e-05  1.09997008e+00  1.09997006e+00  6.76834578e-08 
 1.41250000e-09  0.00000000e+00  1.81176051e-05  1.09997008e+00  1.09997006e+00  6.65244548e-08 
 1.41270000e-09  0.00000000e+00  1.81175484e-05  1.09997008e+00  1.09997006e+00  6.76823549e-08 
 1.41290000e-09  0.00000000e+00  1.81175079e-05  1.09997008e+00  1.09997006e+00  6.65245311e-08 
 1.41310000e-09  0.00000000e+00  1.81174525e-05  1.09997008e+00  1.09997006e+00  6.76812680e-08 
 1.41330000e-09  0.00000000e+00  1.81174131e-05  1.09997008e+00  1.09997006e+00  6.65246173e-08 
 1.41350000e-09  0.00000000e+00  1.81173590e-05  1.09997008e+00  1.09997006e+00  6.76801964e-08 
 1.41370000e-09  0.00000000e+00  1.81173208e-05  1.09997008e+00  1.09997006e+00  6.65247130e-08 
 1.41390000e-09  0.00000000e+00  1.81172678e-05  1.09997008e+00  1.09997006e+00  6.76791402e-08 
 1.41410000e-09  0.00000000e+00  1.81172307e-05  1.09997008e+00  1.09997006e+00  6.65248178e-08 
 1.41430000e-09  0.00000000e+00  1.81171789e-05  1.09997008e+00  1.09997006e+00  6.76780986e-08 
 1.41450000e-09  0.00000000e+00  1.81171429e-05  1.09997008e+00  1.09997006e+00  6.65249317e-08 
 1.41470000e-09  0.00000000e+00  1.81170923e-05  1.09997008e+00  1.09997006e+00  6.76770718e-08 
 1.41490000e-09  0.00000000e+00  1.81170574e-05  1.09997008e+00  1.09997006e+00  6.65250539e-08 
 1.41510000e-09  0.00000000e+00  1.81170078e-05  1.09997008e+00  1.09997006e+00  6.76760591e-08 
 1.41530000e-09  0.00000000e+00  1.81169739e-05  1.09997008e+00  1.09997006e+00  6.65251848e-08 
 1.41550000e-09  0.00000000e+00  1.81169254e-05  1.09997008e+00  1.09997006e+00  6.76750606e-08 
 1.41570000e-09  0.00000000e+00  1.81168926e-05  1.09997008e+00  1.09997006e+00  6.65253236e-08 
 1.41590000e-09  0.00000000e+00  1.81168452e-05  1.09997008e+00  1.09997006e+00  6.76740758e-08 
 1.41610000e-09  0.00000000e+00  1.81168133e-05  1.09997008e+00  1.09997006e+00  6.65254705e-08 
 1.41630000e-09  0.00000000e+00  1.81167669e-05  1.09997008e+00  1.09997006e+00  6.76731040e-08 
 1.41650000e-09  0.00000000e+00  1.81167359e-05  1.09997008e+00  1.09997006e+00  6.65256248e-08 
 1.41670000e-09  0.00000000e+00  1.81166906e-05  1.09997008e+00  1.09997007e+00  6.76721455e-08 
 1.41690000e-09  0.00000000e+00  1.81166606e-05  1.09997008e+00  1.09997007e+00  6.65257865e-08 
 1.41710000e-09  0.00000000e+00  1.81166162e-05  1.09997008e+00  1.09997007e+00  6.76711999e-08 
 1.41730000e-09  0.00000000e+00  1.81165871e-05  1.09997008e+00  1.09997007e+00  6.65259553e-08 
 1.41750000e-09  0.00000000e+00  1.81165437e-05  1.09997008e+00  1.09997007e+00  6.76702665e-08 
 1.41770000e-09  0.00000000e+00  1.81165154e-05  1.09997008e+00  1.09997007e+00  6.65261309e-08 
 1.41790000e-09  0.00000000e+00  1.81164730e-05  1.09997008e+00  1.09997007e+00  6.76693457e-08 
 1.41810000e-09  0.00000000e+00  1.81164456e-05  1.09997008e+00  1.09997007e+00  6.65263133e-08 
 1.41830000e-09  0.00000000e+00  1.81164040e-05  1.09997008e+00  1.09997007e+00  6.76684370e-08 
 1.41850000e-09  0.00000000e+00  1.81163775e-05  1.09997008e+00  1.09997007e+00  6.65265020e-08 
 1.41870000e-09  0.00000000e+00  1.81163368e-05  1.09997008e+00  1.09997007e+00  6.76675400e-08 
 1.41890000e-09  0.00000000e+00  1.81163111e-05  1.09997008e+00  1.09997007e+00  6.65266969e-08 
 1.41910000e-09  0.00000000e+00  1.81162713e-05  1.09997008e+00  1.09997007e+00  6.76666545e-08 
 1.41930000e-09  0.00000000e+00  1.81162464e-05  1.09997008e+00  1.09997007e+00  6.65268976e-08 
 1.41950000e-09  0.00000000e+00  1.81162074e-05  1.09997008e+00  1.09997007e+00  6.76657803e-08 
 1.41970000e-09  0.00000000e+00  1.81161833e-05  1.09997008e+00  1.09997007e+00  6.65271045e-08 
 1.41990000e-09  0.00000000e+00  1.81161452e-05  1.09997008e+00  1.09997007e+00  6.76649174e-08 
 1.42010000e-09  0.00000000e+00  1.81161218e-05  1.09997008e+00  1.09997007e+00  6.65273166e-08 
 1.42030000e-09  0.00000000e+00  1.81160845e-05  1.09997008e+00  1.09997007e+00  6.76640654e-08 
 1.42050000e-09  0.00000000e+00  1.81160618e-05  1.09997008e+00  1.09997007e+00  6.65275342e-08 
 1.42070000e-09  0.00000000e+00  1.81160253e-05  1.09997008e+00  1.09997007e+00  6.76632237e-08 
 1.42090000e-09  0.00000000e+00  1.81160033e-05  1.09997008e+00  1.09997007e+00  6.65277573e-08 
 1.42110000e-09  0.00000000e+00  1.81159676e-05  1.09997008e+00  1.09997007e+00  6.76623927e-08 
 1.42130000e-09  0.00000000e+00  1.81159463e-05  1.09997008e+00  1.09997007e+00  6.65279851e-08 
 1.42150000e-09  0.00000000e+00  1.81159113e-05  1.09997008e+00  1.09997007e+00  6.76615721e-08 
 1.42170000e-09  0.00000000e+00  1.81158907e-05  1.09997008e+00  1.09997007e+00  6.65282178e-08 
 1.42190000e-09  0.00000000e+00  1.81158565e-05  1.09997008e+00  1.09997007e+00  6.76607613e-08 
 1.42210000e-09  0.00000000e+00  1.81158366e-05  1.09997008e+00  1.09997007e+00  6.65284552e-08 
 1.42230000e-09  0.00000000e+00  1.81158030e-05  1.09997008e+00  1.09997007e+00  6.76599602e-08 
 1.42250000e-09  0.00000000e+00  1.81157837e-05  1.09997008e+00  1.09997007e+00  6.65286971e-08 
 1.42270000e-09  0.00000000e+00  1.81157509e-05  1.09997008e+00  1.09997007e+00  6.76591690e-08 
 1.42290000e-09  0.00000000e+00  1.81157322e-05  1.09997008e+00  1.09997007e+00  6.65289432e-08 
 1.42310000e-09  0.00000000e+00  1.81157001e-05  1.09997008e+00  1.09997007e+00  6.76583871e-08 
 1.42330000e-09  0.00000000e+00  1.81156820e-05  1.09997008e+00  1.09997007e+00  6.65291938e-08 
 1.42350000e-09  0.00000000e+00  1.81156506e-05  1.09997008e+00  1.09997007e+00  6.76576145e-08 
 1.42370000e-09  0.00000000e+00  1.81156331e-05  1.09997008e+00  1.09997007e+00  6.65294482e-08 
 1.42390000e-09  0.00000000e+00  1.81156023e-05  1.09997008e+00  1.09997007e+00  6.76568510e-08 
 1.42410000e-09  0.00000000e+00  1.81155854e-05  1.09997008e+00  1.09997007e+00  6.65297065e-08 
 1.42430000e-09  0.00000000e+00  1.81155552e-05  1.09997008e+00  1.09997007e+00  6.76560964e-08 
 1.42450000e-09  0.00000000e+00  1.81155388e-05  1.09997008e+00  1.09997007e+00  6.65299687e-08 
 1.42470000e-09  0.00000000e+00  1.81155093e-05  1.09997008e+00  1.09997007e+00  6.76553505e-08 
 1.42490000e-09  0.00000000e+00  1.81154935e-05  1.09997008e+00  1.09997007e+00  6.65302341e-08 
 1.42510000e-09  0.00000000e+00  1.81154645e-05  1.09997008e+00  1.09997007e+00  6.76546134e-08 
 1.42530000e-09  0.00000000e+00  1.81154493e-05  1.09997008e+00  1.09997007e+00  6.65305032e-08 
 1.42550000e-09  0.00000000e+00  1.81154209e-05  1.09997008e+00  1.09997007e+00  6.76538845e-08 
 1.42570000e-09  0.00000000e+00  1.81154062e-05  1.09997008e+00  1.09997007e+00  6.65307754e-08 
 1.42590000e-09  0.00000000e+00  1.81153784e-05  1.09997008e+00  1.09997007e+00  6.76531638e-08 
 1.42610000e-09  0.00000000e+00  1.81153641e-05  1.09997008e+00  1.09997007e+00  6.65310510e-08 
 1.42630000e-09  0.00000000e+00  1.81153369e-05  1.09997008e+00  1.09997007e+00  6.76524512e-08 
 1.42650000e-09  0.00000000e+00  1.81153232e-05  1.09997008e+00  1.09997007e+00  6.65313294e-08 
 1.42670000e-09  0.00000000e+00  1.81152965e-05  1.09997008e+00  1.09997008e+00  6.76517465e-08 
 1.42690000e-09  0.00000000e+00  1.81152832e-05  1.09997008e+00  1.09997008e+00  6.65316110e-08 
 1.42710000e-09  0.00000000e+00  1.81152571e-05  1.09997008e+00  1.09997008e+00  6.76510497e-08 
 1.42730000e-09  0.00000000e+00  1.81152443e-05  1.09997008e+00  1.09997008e+00  6.65318950e-08 
 1.42750000e-09  0.00000000e+00  1.81152186e-05  1.09997008e+00  1.09997008e+00  6.76503604e-08 
 1.42770000e-09  0.00000000e+00  1.81152063e-05  1.09997008e+00  1.09997008e+00  6.65321820e-08 
 1.42790000e-09  0.00000000e+00  1.81151812e-05  1.09997008e+00  1.09997008e+00  6.76496789e-08 
 1.42810000e-09  0.00000000e+00  1.81151693e-05  1.09997008e+00  1.09997008e+00  6.65324714e-08 
 1.42830000e-09  0.00000000e+00  1.81151447e-05  1.09997008e+00  1.09997008e+00  6.76490046e-08 
 1.42850000e-09  0.00000000e+00  1.81151332e-05  1.09997008e+00  1.09997008e+00  6.65327633e-08 
 1.42870000e-09  0.00000000e+00  1.81151091e-05  1.09997008e+00  1.09997008e+00  6.76483375e-08 
 1.42890000e-09  0.00000000e+00  1.81150980e-05  1.09997008e+00  1.09997008e+00  6.65330574e-08 
 1.42910000e-09  0.00000000e+00  1.81150744e-05  1.09997008e+00  1.09997008e+00  6.76476775e-08 
 1.42930000e-09  0.00000000e+00  1.81150637e-05  1.09997008e+00  1.09997008e+00  6.65333539e-08 
 1.42950000e-09  0.00000000e+00  1.81150405e-05  1.09997008e+00  1.09997008e+00  6.76470243e-08 
 1.42970000e-09  0.00000000e+00  1.81150303e-05  1.09997008e+00  1.09997008e+00  6.65336525e-08 
 1.42990000e-09  0.00000000e+00  1.81150075e-05  1.09997008e+00  1.09997008e+00  6.76463782e-08 
 1.43010000e-09  0.00000000e+00  1.81149977e-05  1.09997008e+00  1.09997008e+00  6.65339530e-08 
 1.43030000e-09  0.00000000e+00  1.81149754e-05  1.09997008e+00  1.09997008e+00  6.76457387e-08 
 1.43050000e-09  0.00000000e+00  1.81149659e-05  1.09997008e+00  1.09997008e+00  6.65342554e-08 
 1.43070000e-09  0.00000000e+00  1.81149440e-05  1.09997008e+00  1.09997008e+00  6.76451057e-08 
 1.43090000e-09  0.00000000e+00  1.81149349e-05  1.09997008e+00  1.09997008e+00  6.65345597e-08 
 1.43110000e-09  0.00000000e+00  1.81149134e-05  1.09997008e+00  1.09997008e+00  6.76444793e-08 
 1.43130000e-09  0.00000000e+00  1.81149047e-05  1.09997008e+00  1.09997008e+00  6.65348658e-08 
 1.43150000e-09  0.00000000e+00  1.81148836e-05  1.09997008e+00  1.09997008e+00  6.76438593e-08 
 1.43170000e-09  0.00000000e+00  1.81148752e-05  1.09997008e+00  1.09997008e+00  6.65351735e-08 
 1.43190000e-09  0.00000000e+00  1.81148546e-05  1.09997008e+00  1.09997008e+00  6.76432453e-08 
 1.43210000e-09  0.00000000e+00  1.81148465e-05  1.09997008e+00  1.09997008e+00  6.65354827e-08 
 1.43230000e-09  0.00000000e+00  1.81148263e-05  1.09997008e+00  1.09997008e+00  6.76426377e-08 
 1.43250000e-09  0.00000000e+00  1.81148185e-05  1.09997008e+00  1.09997008e+00  6.65357934e-08 
 1.43270000e-09  0.00000000e+00  1.81147987e-05  1.09997008e+00  1.09997008e+00  6.76420361e-08 
 1.43290000e-09  0.00000000e+00  1.81147912e-05  1.09997008e+00  1.09997008e+00  6.65361055e-08 
 1.43310000e-09  0.00000000e+00  1.81147717e-05  1.09997008e+00  1.09997008e+00  6.76414403e-08 
 1.43330000e-09  0.00000000e+00  1.81147646e-05  1.09997008e+00  1.09997008e+00  6.65364188e-08 
 1.43350000e-09  0.00000000e+00  1.81147455e-05  1.09997008e+00  1.09997008e+00  6.76408502e-08 
 1.43370000e-09  0.00000000e+00  1.81147387e-05  1.09997008e+00  1.09997008e+00  6.65367336e-08 
 1.43390000e-09  0.00000000e+00  1.81147199e-05  1.09997008e+00  1.09997008e+00  6.76402661e-08 
 1.43410000e-09  0.00000000e+00  1.81147134e-05  1.09997008e+00  1.09997008e+00  6.65370492e-08 
 1.43430000e-09  0.00000000e+00  1.81146950e-05  1.09997008e+00  1.09997008e+00  6.76396876e-08 
 1.43450000e-09  0.00000000e+00  1.81146887e-05  1.09997008e+00  1.09997008e+00  6.65373661e-08 
 1.43470000e-09  0.00000000e+00  1.81146706e-05  1.09997008e+00  1.09997008e+00  6.76391145e-08 
 1.43490000e-09  0.00000000e+00  1.81146647e-05  1.09997008e+00  1.09997008e+00  6.65376837e-08 
 1.43510000e-09  0.00000000e+00  1.81146469e-05  1.09997008e+00  1.09997008e+00  6.76385470e-08 
 1.43530000e-09  0.00000000e+00  1.81146412e-05  1.09997008e+00  1.09997008e+00  6.65380027e-08 
 1.43550000e-09  0.00000000e+00  1.81146238e-05  1.09997008e+00  1.09997008e+00  6.76379847e-08 
 1.43570000e-09  0.00000000e+00  1.81146184e-05  1.09997008e+00  1.09997008e+00  6.65383223e-08 
 1.43590000e-09  0.00000000e+00  1.81146013e-05  1.09997008e+00  1.09997008e+00  6.76374277e-08 
 1.43610000e-09  0.00000000e+00  1.81145961e-05  1.09997008e+00  1.09997008e+00  6.65386428e-08 
 1.43630000e-09  0.00000000e+00  1.81145793e-05  1.09997008e+00  1.09997008e+00  6.76368758e-08 
 1.43650000e-09  0.00000000e+00  1.81145744e-05  1.09997008e+00  1.09997008e+00  6.65389639e-08 
 1.43670000e-09  0.00000000e+00  1.81145579e-05  1.09997008e+00  1.09997008e+00  6.76363291e-08 
 1.43690000e-09  0.00000000e+00  1.81145532e-05  1.09997008e+00  1.09997008e+00  6.65392857e-08 
 1.43710000e-09  0.00000000e+00  1.81145370e-05  1.09997008e+00  1.09997008e+00  6.76357872e-08 
 1.43730000e-09  0.00000000e+00  1.81145326e-05  1.09997008e+00  1.09997008e+00  6.65396082e-08 
 1.43750000e-09  0.00000000e+00  1.81145167e-05  1.09997008e+00  1.09997008e+00  6.76352505e-08 
 1.43770000e-09  0.00000000e+00  1.81145124e-05  1.09997008e+00  1.09997008e+00  6.65399313e-08 
 1.43790000e-09  0.00000000e+00  1.81144968e-05  1.09997008e+00  1.09997008e+00  6.76347183e-08 
 1.43810000e-09  0.00000000e+00  1.81144928e-05  1.09997008e+00  1.09997008e+00  6.65402548e-08 
 1.43830000e-09  0.00000000e+00  1.81144775e-05  1.09997008e+00  1.09997008e+00  6.76341911e-08 
 1.43850000e-09  0.00000000e+00  1.81144737e-05  1.09997008e+00  1.09997008e+00  6.65405788e-08 
 1.43870000e-09  0.00000000e+00  1.81144586e-05  1.09997008e+00  1.09997008e+00  6.76336685e-08 
 1.43890000e-09  0.00000000e+00  1.81144550e-05  1.09997008e+00  1.09997008e+00  6.65409030e-08 
 1.43910000e-09  0.00000000e+00  1.81144402e-05  1.09997008e+00  1.09997008e+00  6.76331505e-08 
 1.43930000e-09  0.00000000e+00  1.81144368e-05  1.09997008e+00  1.09997008e+00  6.65412277e-08 
 1.43950000e-09  0.00000000e+00  1.81144223e-05  1.09997008e+00  1.09997008e+00  6.76326371e-08 
 1.43970000e-09  0.00000000e+00  1.81144191e-05  1.09997008e+00  1.09997008e+00  6.65415528e-08 
 1.43990000e-09  0.00000000e+00  1.81144048e-05  1.09997008e+00  1.09997008e+00  6.76321282e-08 
 1.44010000e-09  0.00000000e+00  1.81144018e-05  1.09997008e+00  1.09997008e+00  6.65418780e-08 
 1.44030000e-09  0.00000000e+00  1.81143878e-05  1.09997008e+00  1.09997008e+00  6.76316236e-08 
 1.44050000e-09  0.00000000e+00  1.81143850e-05  1.09997008e+00  1.09997008e+00  6.65422034e-08 
 1.44070000e-09  0.00000000e+00  1.81143712e-05  1.09997008e+00  1.09997008e+00  6.76311232e-08 
 1.44090000e-09  0.00000000e+00  1.81143686e-05  1.09997008e+00  1.09997008e+00  6.65425289e-08 
 1.44110000e-09  0.00000000e+00  1.81143550e-05  1.09997008e+00  1.09997008e+00  6.76306272e-08 
 1.44130000e-09  0.00000000e+00  1.81143525e-05  1.09997008e+00  1.09997008e+00  6.65428546e-08 
 1.44150000e-09  0.00000000e+00  1.81143392e-05  1.09997008e+00  1.09997008e+00  6.76301355e-08 
 1.44170000e-09  0.00000000e+00  1.81143369e-05  1.09997008e+00  1.09997008e+00  6.65431803e-08 
 1.44190000e-09  0.00000000e+00  1.81143238e-05  1.09997008e+00  1.09997008e+00  6.76296476e-08 
 1.44210000e-09  0.00000000e+00  1.81143217e-05  1.09997008e+00  1.09997008e+00  6.65435060e-08 
 1.44230000e-09  0.00000000e+00  1.81143088e-05  1.09997008e+00  1.09997008e+00  6.76291642e-08 
 1.44250000e-09  0.00000000e+00  1.81143069e-05  1.09997008e+00  1.09997008e+00  6.65438318e-08 
 1.44270000e-09  0.00000000e+00  1.81142941e-05  1.09997009e+00  1.09997008e+00  6.76286844e-08 
 1.44290000e-09  0.00000000e+00  1.81142924e-05  1.09997008e+00  1.09997008e+00  6.65441574e-08 
 1.44310000e-09  0.00000000e+00  1.81142799e-05  1.09997009e+00  1.09997008e+00  6.76282088e-08 
 1.44330000e-09  0.00000000e+00  1.81142783e-05  1.09997008e+00  1.09997008e+00  6.65444828e-08 
 1.44350000e-09  0.00000000e+00  1.81142660e-05  1.09997009e+00  1.09997008e+00  6.76277370e-08 
 1.44370000e-09  0.00000000e+00  1.81142645e-05  1.09997009e+00  1.09997008e+00  6.65448082e-08 
 1.44390000e-09  0.00000000e+00  1.81142524e-05  1.09997009e+00  1.09997008e+00  6.76272692e-08 
 1.44410000e-09  0.00000000e+00  1.81142511e-05  1.09997009e+00  1.09997008e+00  6.65451332e-08 
 1.44430000e-09  0.00000000e+00  1.81142392e-05  1.09997009e+00  1.09997008e+00  6.76268049e-08 
 1.44450000e-09  0.00000000e+00  1.81142380e-05  1.09997009e+00  1.09997008e+00  6.65454582e-08 
 1.44470000e-09  0.00000000e+00  1.81142263e-05  1.09997009e+00  1.09997008e+00  6.76263446e-08 
 1.44490000e-09  0.00000000e+00  1.81142253e-05  1.09997009e+00  1.09997008e+00  6.65457828e-08 
 1.44510000e-09  0.00000000e+00  1.81142138e-05  1.09997009e+00  1.09997008e+00  6.76258878e-08 
 1.44530000e-09  0.00000000e+00  1.81142129e-05  1.09997009e+00  1.09997008e+00  6.65461072e-08 
 1.44550000e-09  0.00000000e+00  1.81142015e-05  1.09997009e+00  1.09997008e+00  6.76254345e-08 
 1.44570000e-09  0.00000000e+00  1.81142007e-05  1.09997009e+00  1.09997008e+00  6.65464314e-08 
 1.44590000e-09  0.00000000e+00  1.81141896e-05  1.09997009e+00  1.09997008e+00  6.76249849e-08 
 1.44610000e-09  0.00000000e+00  1.81141889e-05  1.09997009e+00  1.09997008e+00  6.65467550e-08 
 1.44630000e-09  0.00000000e+00  1.81141779e-05  1.09997009e+00  1.09997008e+00  6.76245389e-08 
 1.44650000e-09  0.00000000e+00  1.81141774e-05  1.09997009e+00  1.09997008e+00  6.65470785e-08 
 1.44670000e-09  0.00000000e+00  1.81141666e-05  1.09997009e+00  1.09997008e+00  6.76240963e-08 
 1.44690000e-09  0.00000000e+00  1.81141662e-05  1.09997009e+00  1.09997008e+00  6.65474014e-08 
 1.44710000e-09  0.00000000e+00  1.81141555e-05  1.09997009e+00  1.09997008e+00  6.76236569e-08 
 1.44730000e-09  0.00000000e+00  1.81141552e-05  1.09997009e+00  1.09997008e+00  6.65477239e-08 
 1.44750000e-09  0.00000000e+00  1.81141447e-05  1.09997009e+00  1.09997008e+00  6.76232210e-08 
 1.44770000e-09  0.00000000e+00  1.81141446e-05  1.09997009e+00  1.09997008e+00  6.65480460e-08 
 1.44790000e-09  0.00000000e+00  1.81141342e-05  1.09997009e+00  1.09997008e+00  6.76227886e-08 
 1.44810000e-09  0.00000000e+00  1.81141342e-05  1.09997009e+00  1.09997008e+00  6.65483675e-08 
 1.44830000e-09  0.00000000e+00  1.81141240e-05  1.09997009e+00  1.09997008e+00  6.76223594e-08 
 1.44850000e-09  0.00000000e+00  1.81141240e-05  1.09997009e+00  1.09997008e+00  6.65486885e-08 
 1.44870000e-09  0.00000000e+00  1.81141140e-05  1.09997009e+00  1.09997008e+00  6.76219332e-08 
 1.44890000e-09  0.00000000e+00  1.81141141e-05  1.09997009e+00  1.09997008e+00  6.65490089e-08 
 1.44910000e-09  0.00000000e+00  1.81141042e-05  1.09997009e+00  1.09997008e+00  6.76215105e-08 
 1.44930000e-09  0.00000000e+00  1.81141045e-05  1.09997009e+00  1.09997008e+00  6.65493290e-08 
 1.44950000e-09  0.00000000e+00  1.81140947e-05  1.09997009e+00  1.09997008e+00  6.76210908e-08 
 1.44970000e-09  0.00000000e+00  1.81140951e-05  1.09997009e+00  1.09997008e+00  6.65496482e-08 
 1.44990000e-09  0.00000000e+00  1.81140855e-05  1.09997009e+00  1.09997008e+00  6.76206742e-08 
 1.45010000e-09  0.00000000e+00  1.81140859e-05  1.09997009e+00  1.09997008e+00  6.65499670e-08 
 1.45030000e-09  0.00000000e+00  1.81140765e-05  1.09997009e+00  1.09997008e+00  6.76202607e-08 
 1.45050000e-09  0.00000000e+00  1.81140770e-05  1.09997009e+00  1.09997008e+00  6.65502850e-08 
 1.45070000e-09  0.00000000e+00  1.81140677e-05  1.09997009e+00  1.09997008e+00  6.76198502e-08 
 1.45090000e-09  0.00000000e+00  1.81140683e-05  1.09997009e+00  1.09997008e+00  6.65506024e-08 
 1.45110000e-09  0.00000000e+00  1.81140591e-05  1.09997009e+00  1.09997008e+00  6.76194428e-08 
 1.45130000e-09  0.00000000e+00  1.81140598e-05  1.09997009e+00  1.09997008e+00  6.65509193e-08 
 1.45150000e-09  0.00000000e+00  1.81140507e-05  1.09997009e+00  1.09997008e+00  6.76190380e-08 
 1.45170000e-09  0.00000000e+00  1.81140515e-05  1.09997009e+00  1.09997008e+00  6.65512353e-08 
 1.45190000e-09  0.00000000e+00  1.81140426e-05  1.09997009e+00  1.09997008e+00  6.76186366e-08 
 1.45210000e-09  0.00000000e+00  1.81140434e-05  1.09997009e+00  1.09997008e+00  6.65515508e-08 
 1.45230000e-09  0.00000000e+00  1.81140346e-05  1.09997009e+00  1.09997008e+00  6.76182378e-08 
 1.45250000e-09  0.00000000e+00  1.81140355e-05  1.09997009e+00  1.09997008e+00  6.65518653e-08 
 1.45270000e-09  0.00000000e+00  1.81140269e-05  1.09997009e+00  1.09997008e+00  6.76178419e-08 
 1.45290000e-09  0.00000000e+00  1.81140279e-05  1.09997009e+00  1.09997008e+00  6.65521793e-08 
 1.45310000e-09  0.00000000e+00  1.81140193e-05  1.09997009e+00  1.09997008e+00  6.76174487e-08 
 1.45330000e-09  0.00000000e+00  1.81140204e-05  1.09997009e+00  1.09997008e+00  6.65524924e-08 
 1.45350000e-09  0.00000000e+00  1.81140119e-05  1.09997009e+00  1.09997008e+00  6.76170584e-08 
 1.45370000e-09  0.00000000e+00  1.81140131e-05  1.09997009e+00  1.09997008e+00  6.65528047e-08 
 1.45390000e-09  0.00000000e+00  1.81140048e-05  1.09997009e+00  1.09997008e+00  6.76166706e-08 
 1.45410000e-09  0.00000000e+00  1.81140060e-05  1.09997009e+00  1.09997008e+00  6.65531163e-08 
 1.45430000e-09  0.00000000e+00  1.81139978e-05  1.09997009e+00  1.09997008e+00  6.76162857e-08 
 1.45450000e-09  0.00000000e+00  1.81139990e-05  1.09997009e+00  1.09997008e+00  6.65534271e-08 
 1.45470000e-09  0.00000000e+00  1.81139909e-05  1.09997009e+00  1.09997008e+00  6.76159033e-08 
 1.45490000e-09  0.00000000e+00  1.81139923e-05  1.09997009e+00  1.09997008e+00  6.65537370e-08 
 1.45510000e-09  0.00000000e+00  1.81139843e-05  1.09997009e+00  1.09997008e+00  6.76155237e-08 
 1.45530000e-09  0.00000000e+00  1.81139857e-05  1.09997009e+00  1.09997008e+00  6.65540460e-08 
 1.45550000e-09  0.00000000e+00  1.81139778e-05  1.09997009e+00  1.09997008e+00  6.76151468e-08 
 1.45570000e-09  0.00000000e+00  1.81139793e-05  1.09997009e+00  1.09997008e+00  6.65543542e-08 
 1.45590000e-09  0.00000000e+00  1.81139715e-05  1.09997009e+00  1.09997008e+00  6.76147723e-08 
 1.45610000e-09  0.00000000e+00  1.81139730e-05  1.09997009e+00  1.09997008e+00  6.65546615e-08 
 1.45630000e-09  0.00000000e+00  1.81139653e-05  1.09997009e+00  1.09997008e+00  6.76144003e-08 
 1.45650000e-09  0.00000000e+00  1.81139669e-05  1.09997009e+00  1.09997008e+00  6.65549681e-08 
 1.45670000e-09  0.00000000e+00  1.81139593e-05  1.09997009e+00  1.09997008e+00  6.76140308e-08 
 1.45690000e-09  0.00000000e+00  1.81139609e-05  1.09997009e+00  1.09997008e+00  6.65552737e-08 
 1.45710000e-09  0.00000000e+00  1.81139534e-05  1.09997009e+00  1.09997008e+00  6.76136640e-08 
 1.45730000e-09  0.00000000e+00  1.81139551e-05  1.09997009e+00  1.09997008e+00  6.65555783e-08 
 1.45750000e-09  0.00000000e+00  1.81139477e-05  1.09997009e+00  1.09997008e+00  6.76132995e-08 
 1.45770000e-09  0.00000000e+00  1.81139495e-05  1.09997009e+00  1.09997008e+00  6.65558821e-08 
 1.45790000e-09  0.00000000e+00  1.81139422e-05  1.09997009e+00  1.09997008e+00  6.76129375e-08 
 1.45810000e-09  0.00000000e+00  1.81139439e-05  1.09997009e+00  1.09997008e+00  6.65561849e-08 
 1.45830000e-09  0.00000000e+00  1.81139367e-05  1.09997009e+00  1.09997008e+00  6.76125779e-08 
 1.45850000e-09  0.00000000e+00  1.81139386e-05  1.09997009e+00  1.09997008e+00  6.65564868e-08 
 1.45870000e-09  0.00000000e+00  1.81139314e-05  1.09997009e+00  1.09997008e+00  6.76122206e-08 
 1.45890000e-09  0.00000000e+00  1.81139333e-05  1.09997009e+00  1.09997008e+00  6.65567878e-08 
 1.45910000e-09  0.00000000e+00  1.81139263e-05  1.09997009e+00  1.09997009e+00  6.76118658e-08 
 1.45930000e-09  0.00000000e+00  1.81139282e-05  1.09997009e+00  1.09997009e+00  6.65570878e-08 
 1.45950000e-09  0.00000000e+00  1.81139212e-05  1.09997009e+00  1.09997009e+00  6.76115131e-08 
 1.45970000e-09  0.00000000e+00  1.81139232e-05  1.09997009e+00  1.09997009e+00  6.65573869e-08 
 1.45990000e-09  0.00000000e+00  1.81139163e-05  1.09997009e+00  1.09997009e+00  6.76111629e-08 
 1.46010000e-09  0.00000000e+00  1.81139183e-05  1.09997009e+00  1.09997009e+00  6.65576850e-08 
 1.46030000e-09  0.00000000e+00  1.81139116e-05  1.09997009e+00  1.09997009e+00  6.76108148e-08 
 1.46050000e-09  0.00000000e+00  1.81139136e-05  1.09997009e+00  1.09997009e+00  6.65579820e-08 
 1.46070000e-09  0.00000000e+00  1.81139069e-05  1.09997009e+00  1.09997009e+00  6.76104689e-08 
 1.46090000e-09  0.00000000e+00  1.81139090e-05  1.09997009e+00  1.09997009e+00  6.65582780e-08 
 1.46110000e-09  0.00000000e+00  1.81139024e-05  1.09997009e+00  1.09997009e+00  6.76101255e-08 
 1.46130000e-09  0.00000000e+00  1.81139045e-05  1.09997009e+00  1.09997009e+00  6.65585733e-08 
 1.46150000e-09  0.00000000e+00  1.81138979e-05  1.09997009e+00  1.09997009e+00  6.76097839e-08 
 1.46170000e-09  0.00000000e+00  1.81139001e-05  1.09997009e+00  1.09997009e+00  6.65588673e-08 
 1.46190000e-09  0.00000000e+00  1.81138936e-05  1.09997009e+00  1.09997009e+00  6.76094449e-08 
 1.46210000e-09  0.00000000e+00  1.81138958e-05  1.09997009e+00  1.09997009e+00  6.65591605e-08 
 1.46230000e-09  0.00000000e+00  1.81138894e-05  1.09997009e+00  1.09997009e+00  6.76091078e-08 
 1.46250000e-09  0.00000000e+00  1.81138916e-05  1.09997009e+00  1.09997009e+00  6.65594525e-08 
 1.46270000e-09  0.00000000e+00  1.81138853e-05  1.09997009e+00  1.09997009e+00  6.76087729e-08 
 1.46290000e-09  0.00000000e+00  1.81138875e-05  1.09997009e+00  1.09997009e+00  6.65597436e-08 
 1.46310000e-09  0.00000000e+00  1.81138813e-05  1.09997009e+00  1.09997009e+00  6.76084402e-08 
 1.46330000e-09  0.00000000e+00  1.81138836e-05  1.09997009e+00  1.09997009e+00  6.65600335e-08 
 1.46350000e-09  0.00000000e+00  1.81138774e-05  1.09997009e+00  1.09997009e+00  6.76081094e-08 
 1.46370000e-09  0.00000000e+00  1.81138797e-05  1.09997009e+00  1.09997009e+00  6.65603225e-08 
 1.46390000e-09  0.00000000e+00  1.81138736e-05  1.09997009e+00  1.09997009e+00  6.76077808e-08 
 1.46410000e-09  0.00000000e+00  1.81138759e-05  1.09997009e+00  1.09997009e+00  6.65606105e-08 
 1.46430000e-09  0.00000000e+00  1.81138699e-05  1.09997009e+00  1.09997009e+00  6.76074544e-08 
 1.46450000e-09  0.00000000e+00  1.81138722e-05  1.09997009e+00  1.09997009e+00  6.65608972e-08 
 1.46470000e-09  0.00000000e+00  1.81138663e-05  1.09997009e+00  1.09997009e+00  6.76071298e-08 
 1.46490000e-09  0.00000000e+00  1.81138687e-05  1.09997009e+00  1.09997009e+00  6.65611832e-08 
 1.46510000e-09  0.00000000e+00  1.81138627e-05  1.09997009e+00  1.09997009e+00  6.76068074e-08 
 1.46530000e-09  0.00000000e+00  1.81138652e-05  1.09997009e+00  1.09997009e+00  6.65614680e-08 
 1.46550000e-09  0.00000000e+00  1.81138593e-05  1.09997009e+00  1.09997009e+00  6.76064866e-08 
 1.46570000e-09  0.00000000e+00  1.81138617e-05  1.09997009e+00  1.09997009e+00  6.65617518e-08 
 1.46590000e-09  0.00000000e+00  1.81138560e-05  1.09997009e+00  1.09997009e+00  6.76061682e-08 
 1.46610000e-09  0.00000000e+00  1.81138584e-05  1.09997009e+00  1.09997009e+00  6.65620345e-08 
 1.46630000e-09  0.00000000e+00  1.81138527e-05  1.09997009e+00  1.09997009e+00  6.76058513e-08 
 1.46650000e-09  0.00000000e+00  1.81138552e-05  1.09997009e+00  1.09997009e+00  6.65623161e-08 
 1.46670000e-09  0.00000000e+00  1.81138495e-05  1.09997009e+00  1.09997009e+00  6.76055369e-08 
 1.46690000e-09  0.00000000e+00  1.81138520e-05  1.09997009e+00  1.09997009e+00  6.65625965e-08 
 1.46710000e-09  0.00000000e+00  1.81138464e-05  1.09997009e+00  1.09997009e+00  6.76052240e-08 
 1.46730000e-09  0.00000000e+00  1.81138489e-05  1.09997009e+00  1.09997009e+00  6.65628761e-08 
 1.46750000e-09  0.00000000e+00  1.81138434e-05  1.09997009e+00  1.09997009e+00  6.76049132e-08 
 1.46770000e-09  0.00000000e+00  1.81138459e-05  1.09997009e+00  1.09997009e+00  6.65631546e-08 
 1.46790000e-09  0.00000000e+00  1.81138404e-05  1.09997009e+00  1.09997009e+00  6.76046040e-08 
 1.46810000e-09  0.00000000e+00  1.81138430e-05  1.09997009e+00  1.09997009e+00  6.65634317e-08 
 1.46830000e-09  0.00000000e+00  1.81138376e-05  1.09997009e+00  1.09997009e+00  6.76042970e-08 
 1.46850000e-09  0.00000000e+00  1.81138401e-05  1.09997009e+00  1.09997009e+00  6.65637080e-08 
 1.46870000e-09  0.00000000e+00  1.81138348e-05  1.09997009e+00  1.09997009e+00  6.76039916e-08 
 1.46890000e-09  0.00000000e+00  1.81138374e-05  1.09997009e+00  1.09997009e+00  6.65639832e-08 
 1.46910000e-09  0.00000000e+00  1.81138320e-05  1.09997009e+00  1.09997009e+00  6.76036882e-08 
 1.46930000e-09  0.00000000e+00  1.81138346e-05  1.09997009e+00  1.09997009e+00  6.65642570e-08 
 1.46950000e-09  0.00000000e+00  1.81138294e-05  1.09997009e+00  1.09997009e+00  6.76033865e-08 
 1.46970000e-09  0.00000000e+00  1.81138320e-05  1.09997009e+00  1.09997009e+00  6.65645303e-08 
 1.46990000e-09  0.00000000e+00  1.81138268e-05  1.09997009e+00  1.09997009e+00  6.76030866e-08 
 1.47010000e-09  0.00000000e+00  1.81138294e-05  1.09997009e+00  1.09997009e+00  6.65648021e-08 
 1.47030000e-09  0.00000000e+00  1.81138242e-05  1.09997009e+00  1.09997009e+00  6.76027883e-08 
 1.47050000e-09  0.00000000e+00  1.81138269e-05  1.09997009e+00  1.09997009e+00  6.65650729e-08 
 1.47070000e-09  0.00000000e+00  1.81138218e-05  1.09997009e+00  1.09997009e+00  6.76024922e-08 
 1.47090000e-09  0.00000000e+00  1.81138244e-05  1.09997009e+00  1.09997009e+00  6.65653427e-08 
 1.47110000e-09  0.00000000e+00  1.81138194e-05  1.09997009e+00  1.09997009e+00  6.76021975e-08 
 1.47130000e-09  0.00000000e+00  1.81138220e-05  1.09997009e+00  1.09997009e+00  6.65656112e-08 
 1.47150000e-09  0.00000000e+00  1.81138170e-05  1.09997009e+00  1.09997009e+00  6.76019046e-08 
 1.47170000e-09  0.00000000e+00  1.81138197e-05  1.09997009e+00  1.09997009e+00  6.65658789e-08 
 1.47190000e-09  0.00000000e+00  1.81138147e-05  1.09997009e+00  1.09997009e+00  6.76016134e-08 
 1.47210000e-09  0.00000000e+00  1.81138174e-05  1.09997009e+00  1.09997009e+00  6.65661454e-08 
 1.47230000e-09  0.00000000e+00  1.81138125e-05  1.09997009e+00  1.09997009e+00  6.76013239e-08 
 1.47250000e-09  0.00000000e+00  1.81138152e-05  1.09997009e+00  1.09997009e+00  6.65664106e-08 
 1.47270000e-09  0.00000000e+00  1.81138103e-05  1.09997009e+00  1.09997009e+00  6.76010361e-08 
 1.47290000e-09  0.00000000e+00  1.81138130e-05  1.09997009e+00  1.09997009e+00  6.65666749e-08 
 1.47310000e-09  0.00000000e+00  1.81138082e-05  1.09997009e+00  1.09997009e+00  6.76007499e-08 
 1.47330000e-09  0.00000000e+00  1.81138109e-05  1.09997009e+00  1.09997009e+00  6.65669381e-08 
 1.47350000e-09  0.00000000e+00  1.81138062e-05  1.09997009e+00  1.09997009e+00  6.76004654e-08 
 1.47370000e-09  0.00000000e+00  1.81138089e-05  1.09997009e+00  1.09997009e+00  6.65672002e-08 
 1.47390000e-09  0.00000000e+00  1.81138041e-05  1.09997009e+00  1.09997009e+00  6.76001826e-08 
 1.47410000e-09  0.00000000e+00  1.81138069e-05  1.09997009e+00  1.09997009e+00  6.65674610e-08 
 1.47430000e-09  0.00000000e+00  1.81138022e-05  1.09997009e+00  1.09997009e+00  6.75999016e-08 
 1.47450000e-09  0.00000000e+00  1.81138049e-05  1.09997009e+00  1.09997009e+00  6.65677210e-08 
 1.47470000e-09  0.00000000e+00  1.81138003e-05  1.09997009e+00  1.09997009e+00  6.75996219e-08 
 1.47490000e-09  0.00000000e+00  1.81138030e-05  1.09997009e+00  1.09997009e+00  6.65679799e-08 
 1.47510000e-09  0.00000000e+00  1.81137984e-05  1.09997009e+00  1.09997009e+00  6.75993440e-08 
 1.47530000e-09  0.00000000e+00  1.81138012e-05  1.09997009e+00  1.09997009e+00  6.65682375e-08 
 1.47550000e-09  0.00000000e+00  1.81137966e-05  1.09997009e+00  1.09997009e+00  6.75990678e-08 
 1.47570000e-09  0.00000000e+00  1.81137993e-05  1.09997009e+00  1.09997009e+00  6.65684941e-08 
 1.47590000e-09  0.00000000e+00  1.81137948e-05  1.09997009e+00  1.09997009e+00  6.75987927e-08 
 1.47610000e-09  0.00000000e+00  1.81137976e-05  1.09997009e+00  1.09997009e+00  6.65687496e-08 
 1.47630000e-09  0.00000000e+00  1.81137931e-05  1.09997009e+00  1.09997009e+00  6.75985196e-08 
 1.47650000e-09  0.00000000e+00  1.81137959e-05  1.09997009e+00  1.09997009e+00  6.65690039e-08 
 1.47670000e-09  0.00000000e+00  1.81137914e-05  1.09997009e+00  1.09997009e+00  6.75982478e-08 
 1.47690000e-09  0.00000000e+00  1.81137942e-05  1.09997009e+00  1.09997009e+00  6.65692574e-08 
 1.47710000e-09  0.00000000e+00  1.81137898e-05  1.09997009e+00  1.09997009e+00  6.75979777e-08 
 1.47730000e-09  0.00000000e+00  1.81137925e-05  1.09997009e+00  1.09997009e+00  6.65695096e-08 
 1.47750000e-09  0.00000000e+00  1.81137882e-05  1.09997009e+00  1.09997009e+00  6.75977091e-08 
 1.47770000e-09  0.00000000e+00  1.81137909e-05  1.09997009e+00  1.09997009e+00  6.65697606e-08 
 1.47790000e-09  0.00000000e+00  1.81137866e-05  1.09997009e+00  1.09997009e+00  6.75974420e-08 
 1.47810000e-09  0.00000000e+00  1.81137894e-05  1.09997009e+00  1.09997009e+00  6.65700107e-08 
 1.47830000e-09  0.00000000e+00  1.81137851e-05  1.09997009e+00  1.09997009e+00  6.75971763e-08 
 1.47850000e-09  0.00000000e+00  1.81137879e-05  1.09997009e+00  1.09997009e+00  6.65702597e-08 
 1.47870000e-09  0.00000000e+00  1.81137836e-05  1.09997009e+00  1.09997009e+00  6.75969122e-08 
 1.47890000e-09  0.00000000e+00  1.81137864e-05  1.09997009e+00  1.09997009e+00  6.65705076e-08 
 1.47910000e-09  0.00000000e+00  1.81137822e-05  1.09997009e+00  1.09997009e+00  6.75966495e-08 
 1.47930000e-09  0.00000000e+00  1.81137849e-05  1.09997009e+00  1.09997009e+00  6.65707544e-08 
 1.47950000e-09  0.00000000e+00  1.81137807e-05  1.09997009e+00  1.09997009e+00  6.75963884e-08 
 1.47970000e-09  0.00000000e+00  1.81137835e-05  1.09997009e+00  1.09997009e+00  6.65710001e-08 
 1.47990000e-09  0.00000000e+00  1.81137794e-05  1.09997009e+00  1.09997009e+00  6.75961285e-08 
 1.48010000e-09  0.00000000e+00  1.81137822e-05  1.09997009e+00  1.09997009e+00  6.65712448e-08 
 1.48030000e-09  0.00000000e+00  1.81137780e-05  1.09997009e+00  1.09997009e+00  6.75958703e-08 
 1.48050000e-09  0.00000000e+00  1.81137808e-05  1.09997009e+00  1.09997009e+00  6.65714884e-08 
 1.48070000e-09  0.00000000e+00  1.81137767e-05  1.09997009e+00  1.09997009e+00  6.75956134e-08 
 1.48090000e-09  0.00000000e+00  1.81137795e-05  1.09997009e+00  1.09997009e+00  6.65717308e-08 
 1.48110000e-09  0.00000000e+00  1.81137755e-05  1.09997009e+00  1.09997009e+00  6.75953581e-08 
 1.48130000e-09  0.00000000e+00  1.81137783e-05  1.09997009e+00  1.09997009e+00  6.65719723e-08 
 1.48150000e-09  0.00000000e+00  1.81137742e-05  1.09997009e+00  1.09997009e+00  6.75951040e-08 
 1.48170000e-09  0.00000000e+00  1.81137770e-05  1.09997009e+00  1.09997009e+00  6.65722125e-08 
 1.48190000e-09  0.00000000e+00  1.81137730e-05  1.09997009e+00  1.09997009e+00  6.75948514e-08 
 1.48210000e-09  0.00000000e+00  1.81137758e-05  1.09997009e+00  1.09997009e+00  6.65724517e-08 
 1.48230000e-09  0.00000000e+00  1.81137718e-05  1.09997009e+00  1.09997009e+00  6.75946002e-08 
 1.48250000e-09  0.00000000e+00  1.81137746e-05  1.09997009e+00  1.09997009e+00  6.65726899e-08 
 1.48270000e-09  0.00000000e+00  1.81137707e-05  1.09997009e+00  1.09997009e+00  6.75943504e-08 
 1.48290000e-09  0.00000000e+00  1.81137735e-05  1.09997009e+00  1.09997009e+00  6.65729270e-08 
 1.48310000e-09  0.00000000e+00  1.81137696e-05  1.09997009e+00  1.09997009e+00  6.75941019e-08 
 1.48330000e-09  0.00000000e+00  1.81137723e-05  1.09997009e+00  1.09997009e+00  6.65731632e-08 
 1.48350000e-09  0.00000000e+00  1.81137685e-05  1.09997009e+00  1.09997009e+00  6.75938547e-08 
 1.48370000e-09  0.00000000e+00  1.81137713e-05  1.09997009e+00  1.09997009e+00  6.65733979e-08 
 1.48390000e-09  0.00000000e+00  1.81137674e-05  1.09997009e+00  1.09997009e+00  6.75936091e-08 
 1.48410000e-09  0.00000000e+00  1.81137702e-05  1.09997009e+00  1.09997009e+00  6.65736320e-08 
 1.48430000e-09  0.00000000e+00  1.81137664e-05  1.09997009e+00  1.09997009e+00  6.75933647e-08 
 1.48450000e-09  0.00000000e+00  1.81137692e-05  1.09997009e+00  1.09997009e+00  6.65738649e-08 
 1.48470000e-09  0.00000000e+00  1.81137654e-05  1.09997009e+00  1.09997009e+00  6.75931213e-08 
 1.48490000e-09  0.00000000e+00  1.81137681e-05  1.09997009e+00  1.09997009e+00  6.65740967e-08 
 1.48510000e-09  0.00000000e+00  1.81137644e-05  1.09997009e+00  1.09997009e+00  6.75928797e-08 
 1.48530000e-09  0.00000000e+00  1.81137671e-05  1.09997009e+00  1.09997009e+00  6.65743275e-08 
 1.48550000e-09  0.00000000e+00  1.81137634e-05  1.09997009e+00  1.09997009e+00  6.75926393e-08 
 1.48570000e-09  0.00000000e+00  1.81137662e-05  1.09997009e+00  1.09997009e+00  6.65745571e-08 
 1.48590000e-09  0.00000000e+00  1.81137625e-05  1.09997009e+00  1.09997009e+00  6.75924002e-08 
 1.48610000e-09  0.00000000e+00  1.81137652e-05  1.09997009e+00  1.09997009e+00  6.65747858e-08 
 1.48630000e-09  0.00000000e+00  1.81137616e-05  1.09997009e+00  1.09997009e+00  6.75921624e-08 
 1.48650000e-09  0.00000000e+00  1.81137643e-05  1.09997009e+00  1.09997009e+00  6.65750134e-08 
 1.48670000e-09  0.00000000e+00  1.81137607e-05  1.09997009e+00  1.09997009e+00  6.75919258e-08 
 1.48690000e-09  0.00000000e+00  1.81137634e-05  1.09997009e+00  1.09997009e+00  6.65752400e-08 
 1.48710000e-09  0.00000000e+00  1.81137598e-05  1.09997009e+00  1.09997009e+00  6.75916905e-08 
 1.48730000e-09  0.00000000e+00  1.81137626e-05  1.09997009e+00  1.09997009e+00  6.65754655e-08 
 1.48750000e-09  0.00000000e+00  1.81137590e-05  1.09997009e+00  1.09997009e+00  6.75914563e-08 
 1.48770000e-09  0.00000000e+00  1.81137617e-05  1.09997009e+00  1.09997009e+00  6.65756901e-08 
 1.48790000e-09  0.00000000e+00  1.81137581e-05  1.09997009e+00  1.09997009e+00  6.75912238e-08 
 1.48810000e-09  0.00000000e+00  1.81137609e-05  1.09997009e+00  1.09997009e+00  6.65759134e-08 
 1.48830000e-09  0.00000000e+00  1.81137573e-05  1.09997009e+00  1.09997009e+00  6.75909921e-08 
 1.48850000e-09  0.00000000e+00  1.81137601e-05  1.09997009e+00  1.09997009e+00  6.65761360e-08 
 1.48870000e-09  0.00000000e+00  1.81137566e-05  1.09997009e+00  1.09997009e+00  6.75907620e-08 
 1.48890000e-09  0.00000000e+00  1.81137593e-05  1.09997009e+00  1.09997009e+00  6.65763574e-08 
 1.48910000e-09  0.00000000e+00  1.81137558e-05  1.09997009e+00  1.09997009e+00  6.75905329e-08 
 1.48930000e-09  0.00000000e+00  1.81137585e-05  1.09997009e+00  1.09997009e+00  6.65765778e-08 
 1.48950000e-09  0.00000000e+00  1.81137551e-05  1.09997009e+00  1.09997009e+00  6.75903051e-08 
 1.48970000e-09  0.00000000e+00  1.81137578e-05  1.09997009e+00  1.09997009e+00  6.65767971e-08 
 1.48990000e-09  0.00000000e+00  1.81137543e-05  1.09997009e+00  1.09997009e+00  6.75900786e-08 
 1.49010000e-09  0.00000000e+00  1.81137570e-05  1.09997009e+00  1.09997009e+00  6.65770154e-08 
 1.49030000e-09  0.00000000e+00  1.81137536e-05  1.09997009e+00  1.09997009e+00  6.75898531e-08 
 1.49050000e-09  0.00000000e+00  1.81137563e-05  1.09997009e+00  1.09997009e+00  6.65772330e-08 
 1.49070000e-09  0.00000000e+00  1.81137529e-05  1.09997009e+00  1.09997009e+00  6.75896290e-08 
 1.49090000e-09  0.00000000e+00  1.81137556e-05  1.09997009e+00  1.09997009e+00  6.65774492e-08 
 1.49110000e-09  0.00000000e+00  1.81137523e-05  1.09997009e+00  1.09997009e+00  6.75894061e-08 
 1.49130000e-09  0.00000000e+00  1.81137550e-05  1.09997009e+00  1.09997009e+00  6.65776644e-08 
 1.49150000e-09  0.00000000e+00  1.81137516e-05  1.09997009e+00  1.09997009e+00  6.75891843e-08 
 1.49170000e-09  0.00000000e+00  1.81137543e-05  1.09997009e+00  1.09997009e+00  6.65778788e-08 
 1.49190000e-09  0.00000000e+00  1.81137510e-05  1.09997009e+00  1.09997009e+00  6.75889636e-08 
 1.49210000e-09  0.00000000e+00  1.81137536e-05  1.09997009e+00  1.09997009e+00  6.65780921e-08 
 1.49230000e-09  0.00000000e+00  1.81137503e-05  1.09997009e+00  1.09997009e+00  6.75887442e-08 
 1.49250000e-09  0.00000000e+00  1.81137530e-05  1.09997009e+00  1.09997009e+00  6.65783043e-08 
 1.49270000e-09  0.00000000e+00  1.81137497e-05  1.09997009e+00  1.09997009e+00  6.75885259e-08 
 1.49290000e-09  0.00000000e+00  1.81137524e-05  1.09997009e+00  1.09997009e+00  6.65785157e-08 
 1.49310000e-09  0.00000000e+00  1.81137491e-05  1.09997009e+00  1.09997009e+00  6.75883088e-08 
 1.49330000e-09  0.00000000e+00  1.81137518e-05  1.09997009e+00  1.09997009e+00  6.65787261e-08 
 1.49350000e-09  0.00000000e+00  1.81137486e-05  1.09997009e+00  1.09997009e+00  6.75880928e-08 
 1.49370000e-09  0.00000000e+00  1.81137512e-05  1.09997009e+00  1.09997009e+00  6.65789355e-08 
 1.49390000e-09  0.00000000e+00  1.81137480e-05  1.09997009e+00  1.09997009e+00  6.75878781e-08 
 1.49410000e-09  0.00000000e+00  1.81137507e-05  1.09997009e+00  1.09997009e+00  6.65791437e-08 
 1.49430000e-09  0.00000000e+00  1.81137475e-05  1.09997009e+00  1.09997009e+00  6.75876643e-08 
 1.49450000e-09  0.00000000e+00  1.81137501e-05  1.09997009e+00  1.09997009e+00  6.65793511e-08 
 1.49470000e-09  0.00000000e+00  1.81137469e-05  1.09997009e+00  1.09997009e+00  6.75874516e-08 
 1.49490000e-09  0.00000000e+00  1.81137496e-05  1.09997009e+00  1.09997009e+00  6.65795574e-08 
 1.49510000e-09  0.00000000e+00  1.81137464e-05  1.09997009e+00  1.09997009e+00  6.75872402e-08 
 1.49530000e-09  0.00000000e+00  1.81137490e-05  1.09997009e+00  1.09997009e+00  6.65797628e-08 
 1.49550000e-09  0.00000000e+00  1.81137459e-05  1.09997009e+00  1.09997009e+00  6.75870301e-08 
 1.49570000e-09  0.00000000e+00  1.81137485e-05  1.09997009e+00  1.09997009e+00  6.65799673e-08 
 1.49590000e-09  0.00000000e+00  1.81137454e-05  1.09997009e+00  1.09997009e+00  6.75868205e-08 
 1.49610000e-09  0.00000000e+00  1.81137480e-05  1.09997009e+00  1.09997009e+00  6.65801708e-08 
 1.49630000e-09  0.00000000e+00  1.81137449e-05  1.09997009e+00  1.09997009e+00  6.75866127e-08 
 1.49650000e-09  0.00000000e+00  1.81137475e-05  1.09997009e+00  1.09997009e+00  6.65803732e-08 
 1.49670000e-09  0.00000000e+00  1.81137445e-05  1.09997009e+00  1.09997009e+00  6.75864056e-08 
 1.49690000e-09  0.00000000e+00  1.81137471e-05  1.09997009e+00  1.09997009e+00  6.65805749e-08 
 1.49710000e-09  0.00000000e+00  1.81137440e-05  1.09997009e+00  1.09997009e+00  6.75861997e-08 
 1.49730000e-09  0.00000000e+00  1.81137466e-05  1.09997009e+00  1.09997009e+00  6.65807754e-08 
 1.49750000e-09  0.00000000e+00  1.81137436e-05  1.09997009e+00  1.09997009e+00  6.75859946e-08 
 1.49770000e-09  0.00000000e+00  1.81137461e-05  1.09997009e+00  1.09997009e+00  6.65809750e-08 
 1.49790000e-09  0.00000000e+00  1.81137431e-05  1.09997009e+00  1.09997009e+00  6.75857908e-08 
 1.49810000e-09  0.00000000e+00  1.81137457e-05  1.09997009e+00  1.09997009e+00  6.65811737e-08 
 1.49830000e-09  0.00000000e+00  1.81137427e-05  1.09997009e+00  1.09997009e+00  6.75855882e-08 
 1.49850000e-09  0.00000000e+00  1.81137453e-05  1.09997009e+00  1.09997009e+00  6.65813715e-08 
 1.49870000e-09  0.00000000e+00  1.81137423e-05  1.09997009e+00  1.09997009e+00  6.75853864e-08 
 1.49890000e-09  0.00000000e+00  1.81137448e-05  1.09997009e+00  1.09997009e+00  6.65815683e-08 
 1.49910000e-09  0.00000000e+00  1.81137419e-05  1.09997009e+00  1.09997009e+00  6.75851858e-08 
 1.49930000e-09  0.00000000e+00  1.81137444e-05  1.09997009e+00  1.09997009e+00  6.65817642e-08 
 1.49950000e-09  0.00000000e+00  1.81137415e-05  1.09997009e+00  1.09997009e+00  6.75849862e-08 
 1.49970000e-09  0.00000000e+00  1.81137440e-05  1.09997009e+00  1.09997009e+00  6.65819591e-08 
 1.49990000e-09  0.00000000e+00  1.81137411e-05  1.09997009e+00  1.09997009e+00  6.75847877e-08 
 1.50000000e-09  0.00000000e+00  1.81137437e-05  1.09997009e+00  1.09997009e+00  6.65822511e-08 
